avg_backlog_drift,avg_lower_mf_loss,avg_lower_td_loss,avg_realized_delay,avg_remaining_tasks,avg_upper_mf_loss,avg_upper_td_loss,completion_rate,lower_q_max,lower_q_mean,lower_q_min,qos_rate,qos_success_rate,total_energy,total_reward,total_violations,upper_q_max,upper_q_mean,upper_q_min,zeta_lower,zeta_upper
56124532.0,0.08016388863325119,0.0,0.0,18.709999084472656,0.0,0.0,0.7618801652892562,0.0,0.0,0.0,3.2924107142857144,0.767030681227249,2237.298095703125,-37917433856.0,448.0,0.0,0.0,0.0,1.0,1.0
119885536.0,0.06553628295660019,0.0,0.0,17.100000381469727,0.0,0.0,0.7690710949662688,0.0,0.0,0.0,3.4626168224299065,0.7759162303664922,2371.233154296875,-47369580544.0,428.0,0.0,0.0,0.0,1.0,1.0
67531312.0,0.054486941546201706,0.0,0.0,17.010000228881836,0.0,0.0,0.7867494824016563,0.0,0.0,0.0,3.867684478371501,0.7945635128071092,1993.642333984375,-26378871808.0,393.0,0.0,0.0,0.0,1.0,1.0
81677592.0,0.046002570539712906,0.0,0.0,18.84000015258789,0.0,0.0,0.764033264033264,0.0,0.0,0.0,3.394919168591224,0.7724645296899633,2284.4794921875,-46656890880.0,433.0,0.0,0.0,0.0,1.0,1.0
74118480.0,0.03838198632001877,0.0,0.0,19.06999969482422,0.0,0.0,0.7740607308286156,0.0,0.0,0.0,3.5555555555555554,0.7804878048780488,2333.96875,-25798918144.0,423.0,0.0,0.0,0.0,1.0,1.0
93869352.0,0.03405756503343582,0.0,0.0,18.600000381469727,0.0,0.0,0.7331256490134995,0.0,0.0,0.0,2.9173553719008263,0.7447257383966245,2131.875,-33127483392.0,484.0,0.0,0.0,0.0,1.0,1.0
80659648.0,0.0309439804404974,0.0,0.0,18.959999084472656,0.0,0.0,0.7664271047227926,0.0,0.0,0.0,3.504694835680751,0.778009379885357,2365.090087890625,-30456696832.0,426.0,0.0,0.0,0.0,1.0,1.0
97375128.0,0.02976345270872116,0.0,0.0,19.43000030517578,0.0,0.0,0.744258872651357,0.0,0.0,0.0,2.98326359832636,0.7489495798319328,2344.56591796875,-43806359552.0,478.0,0.0,0.0,0.0,1.0,1.0
64623636.0,0.027634022757411003,0.0,0.0,15.970000267028809,0.0,0.0,0.7912144702842377,0.0,0.0,0.0,3.956072351421189,0.7982273201251303,2318.8505859375,-28187857920.0,387.0,0.0,0.0,0.0,1.0,1.0
60290236.0,0.025543823838233948,0.0,0.0,15.510000228881836,0.0,0.0,0.7918598660484286,0.0,0.0,0.0,3.981865284974093,0.7992719708788352,2221.148193359375,-50410332160.0,386.0,0.0,0.0,0.0,1.0,1.0
80677848.0,0.025226950645446777,0.0,0.0,18.520000457763672,0.0,0.0,0.7379596064215432,0.0,0.0,0.0,2.914110429447853,0.7445141065830722,2422.101318359375,-31234469888.0,489.0,0.0,0.0,0.0,1.0,1.0
117154424.0,0.025027912110090256,0.0,0.0,19.139999389648438,0.0,0.0,0.7705002578648789,0.0,0.0,0.0,3.426605504587156,0.7740932642487046,2285.4169921875,-49723002880.0,436.0,0.0,0.0,0.0,1.0,1.0
55465168.0,0.024445414543151855,18.1558895111084,0.0,16.100000381469727,0.0,0.0,0.7832817337461301,0.0,0.0,0.0,3.757425742574257,0.7898022892819979,2518.32666015625,-37022480384.0,404.0,0.0,0.0,0.0,1.0,1.0
74264872.0,0.024051105603575706,17.958301544189453,0.0,17.850000381469727,0.02043667435646057,0.0,0.7757638529259451,0.0,0.0,0.0,3.583732057416268,0.7818371607515657,2267.5810546875,-36223987712.0,418.0,0.0,0.0,0.0,1.0,1.0
86008936.0,0.02395743317902088,16.66621971130371,0.0,18.829999923706055,0.018193848431110382,0.0,0.7863729508196722,0.0,0.0,0.0,3.8375,0.7932816537467701,2151.6708984375,-45454639104.0,400.0,0.0,0.0,0.0,1.0,1.0
111976624.0,0.023731425404548645,15.950243949890137,0.0,21.290000915527344,0.021974962204694748,181.007080078125,0.7515337423312883,0.0,0.0,0.0,3.1749460043196542,0.760475944128298,1969.7532958984375,-64162281472.0,463.0,0.0,0.0,0.0,1.0,1.0
73886112.0,0.02400228939950466,16.085926055908203,0.0,18.799999237060547,0.021154459565877914,172.0770263671875,0.7757731958762887,0.0,0.0,0.0,3.6265060240963853,0.7838541666666666,2371.826171875,-51576610816.0,415.0,0.0,0.0,0.0,1.0,1.0
93166272.0,0.023516636341810226,14.604778289794922,0.0,18.649999618530273,0.01785390079021454,170.751708984375,0.7859721505930892,0.0,0.0,0.0,3.819548872180451,0.7925117004680188,2172.10498046875,-36820285440.0,399.0,0.0,0.0,0.0,1.0,1.0
62215900.0,0.02320050448179245,14.641249656677246,0.0,17.700000762939453,0.019420526921749115,153.12452697753906,0.7766233766233767,0.0,0.0,0.0,3.6463414634146343,0.7847769028871391,2319.745849609375,-69844686848.0,410.0,0.0,0.0,0.0,1.0,1.0
73432776.0,0.024103155359625816,12.706311225891113,0.0,18.540000915527344,0.01825270615518093,191.91673278808594,0.7943298969072164,0.0,0.0,0.0,4.023498694516971,0.8009355509355509,2085.6953125,-47732670464.0,383.0,0.0,0.0,0.0,1.0,1.0
86918144.0,0.02321559377014637,13.12951374053955,0.0,19.280000686645508,0.019788898527622223,164.40455627441406,0.7841140529531568,0.0,0.0,0.0,3.793103448275862,0.7913669064748201,2445.958984375,-38048087040.0,406.0,0.0,0.0,0.0,1.0,1.0
69010992.0,0.02393990010023117,12.895090103149414,0.0,17.520000457763672,0.01647753268480301,161.0359649658203,0.7769820971867007,0.0,0.0,0.0,3.5995260663507107,0.7825862957238536,2360.185791015625,-53306163200.0,422.0,0.0,0.0,0.0,1.0,1.0
72514280.0,0.023625431582331657,12.556153297424316,0.0,17.850000381469727,0.015010328963398933,173.18954467773438,0.7715762273901808,0.0,0.0,0.0,3.472093023255814,0.7763910556422257,1953.0025634765625,-62316867584.0,430.0,0.0,0.0,0.0,1.0,1.0
82708216.0,0.023730449378490448,12.573141098022461,0.0,19.790000915527344,0.02096453495323658,160.37057495117188,0.7848748083801738,0.0,0.0,0.0,3.764705882352941,0.7901234567901234,2024.4429931640625,-46211416064.0,408.0,0.0,0.0,0.0,1.0,1.0
57566552.0,0.02358383685350418,12.565141677856445,0.0,17.719999313354492,0.015026528388261795,172.82679748535156,0.7844249613202682,0.0,0.0,0.0,3.783582089552239,0.7909516380655226,2567.335693359375,-35597955072.0,402.0,0.0,0.0,0.0,1.0,1.0
74556816.0,0.02341090701520443,12.290369033813477,0.0,19.65999984741211,0.014485763385891914,158.6266326904297,0.7379596064215432,0.0,0.0,0.0,3.0063291139240507,0.7503949447077409,2551.7802734375,-66930223104.0,474.0,0.0,0.0,0.0,1.0,1.0
74033496.0,0.024061651900410652,12.222834587097168,0.0,18.350000381469727,0.018393738195300102,177.60536193847656,0.7872340425531915,0.0,0.0,0.0,3.8897435897435897,0.795490298898794,2861.344482421875,-49186236416.0,390.0,0.0,0.0,0.0,1.0,1.0
72665936.0,0.02343524433672428,12.087796211242676,0.0,18.309999465942383,0.016478031873703003,143.59353637695312,0.7610619469026548,0.0,0.0,0.0,3.345537757437071,0.7698788836229594,2606.581298828125,-51090757632.0,437.0,0.0,0.0,0.0,1.0,1.0
79930408.0,0.023546315729618073,11.853328704833984,0.0,16.920000076293945,0.015700947493314743,174.06265258789062,0.7585669781931464,0.0,0.0,0.0,3.2684563758389262,0.7657232704402516,2163.7138671875,-88701480960.0,447.0,0.0,0.0,0.0,1.0,1.0
65446576.0,0.023826025426387787,12.09375,0.0,16.399999618530273,0.017966145649552345,190.93638610839844,0.7849740932642487,0.0,0.0,0.0,3.806532663316583,0.7919498170412964,2250.0634765625,-47506532352.0,398.0,0.0,0.0,0.0,1.0,1.0
86499632.0,0.024144800379872322,11.678986549377441,0.0,17.709999084472656,0.019268281757831573,178.2279510498047,0.784527518172378,0.0,0.0,0.0,3.854591836734694,0.7940094587493431,2519.519287109375,-44380264448.0,392.0,0.0,0.0,0.0,1.0,1.0
59470320.0,0.024017881602048874,11.557190895080566,0.0,16.190000534057617,0.017494086176156998,187.2296600341797,0.7958868894601543,0.0,0.0,0.0,4.062992125984252,0.80248833592535,2156.937744140625,-57131880448.0,381.0,0.0,0.0,0.0,1.0,1.0
77387256.0,0.02338266186416149,11.763158798217773,0.0,17.799999237060547,0.01426321268081665,181.45790100097656,0.778811369509044,0.0,0.0,0.0,3.7027027027027026,0.7873563218390804,2519.77197265625,-43318268928.0,407.0,0.0,0.0,0.0,1.0,1.0
71570784.0,0.023606251925230026,11.61750602722168,0.0,17.860000610351562,0.01592518948018551,178.4720916748047,0.7605413846954711,0.0,0.0,0.0,3.335616438356164,0.7693522906793049,2152.986572265625,-62735845376.0,438.0,0.0,0.0,0.0,1.0,1.0
77580912.0,0.02313867397606373,12.773075103759766,0.0,19.719999313354492,0.01491067185997963,187.1057891845703,0.7984615384615384,0.0,0.0,0.0,4.14095744680851,0.8054837040869115,2381.3916015625,-35816462336.0,376.0,0.0,0.0,0.0,1.0,1.0
96575224.0,0.023303357884287834,11.944230079650879,0.0,19.15999984741211,0.017505815252661705,160.53370666503906,0.7501301405517959,0.0,0.0,0.0,3.092274678111588,0.7556371263765076,2051.38427734375,-78341285888.0,466.0,0.0,0.0,0.0,1.0,1.0
72876280.0,0.02359294332563877,11.771013259887695,0.0,17.270000457763672,0.016304945573210716,177.96751403808594,0.7662538699690402,0.0,0.0,0.0,3.4615384615384617,0.7758620689655172,2055.87939453125,-50461003776.0,429.0,0.0,0.0,0.0,1.0,1.0
52630396.0,0.02377946674823761,11.894085884094238,0.0,15.8100004196167,0.01720568910241127,196.00827026367188,0.7965926690758905,0.0,0.0,0.0,4.071240105540897,0.8028095733610822,2568.52197265625,-68477343744.0,379.0,0.0,0.0,0.0,1.0,1.0
70333224.0,0.02336970716714859,11.957551002502441,0.0,16.510000228881836,0.014607378281652927,170.12643432617188,0.7827676240208877,0.0,0.0,0.0,3.7758186397984885,0.7906118143459916,2300.41259765625,-61309329408.0,397.0,0.0,0.0,0.0,1.0,1.0
72514272.0,0.023854902014136314,12.086461067199707,0.0,17.93000030517578,0.014413244090974331,188.42190551757812,0.7898550724637681,0.0,0.0,0.0,3.9843342036553526,0.7993713986380304,2787.00927734375,-38392762368.0,383.0,0.0,0.0,0.0,1.0,1.0
68018040.0,0.023364100605249405,11.658734321594238,0.0,19.110000610351562,0.015608550980687141,177.54544067382812,0.7868177136972193,0.0,0.0,0.0,3.917948717948718,0.7966631908237748,2594.4658203125,-39607216128.0,390.0,0.0,0.0,0.0,1.0,1.0
81862264.0,0.023400887846946716,11.6974515914917,0.0,18.809999465942383,0.015792356804013252,171.5478515625,0.7777777777777778,0.0,0.0,0.0,3.6797066014669926,0.7863113897596656,2282.98291015625,-34194521088.0,409.0,0.0,0.0,0.0,1.0,1.0
86445976.0,0.023255331441760063,11.55129623413086,0.0,18.780000686645508,0.01638239249587059,207.24371337890625,0.7680412371134021,0.0,0.0,0.0,3.4976525821596245,0.7776617954070981,2122.8125,-44568690688.0,426.0,0.0,0.0,0.0,1.0,1.0
58311496.0,0.02353057824075222,11.861346244812012,0.0,16.610000610351562,0.015706410631537437,174.5393829345703,0.7671376242804814,0.0,0.0,0.0,3.417249417249417,0.7736147757255937,2282.698486328125,-60105824256.0,429.0,0.0,0.0,0.0,1.0,1.0
85946344.0,0.022912584245204926,11.897226333618164,0.0,17.399999618530273,0.015568584203720093,181.10427856445312,0.7784679089026915,0.0,0.0,0.0,3.6682926829268294,0.7857889237199582,2526.037841796875,-55816275968.0,410.0,0.0,0.0,0.0,1.0,1.0
56898796.0,0.022956352680921555,11.561631202697754,0.0,16.309999465942383,0.01259575504809618,205.69711303710938,0.795582948125321,0.0,0.0,0.0,4.108753315649867,0.8042575285565939,2276.388671875,-44252503040.0,377.0,0.0,0.0,0.0,1.0,1.0
81703704.0,0.023924289271235466,11.8681058883667,0.0,17.520000457763672,0.017250269651412964,152.27481079101562,0.7782969885773624,0.0,0.0,0.0,3.6207729468599035,0.7835859905906952,2867.505126953125,-52972531712.0,414.0,0.0,0.0,0.0,1.0,1.0
49823564.0,0.022630438208580017,11.747793197631836,0.0,16.010000228881836,0.012084899470210075,179.03880310058594,0.7777777777777778,0.0,0.0,0.0,3.7160493827160495,0.7879581151832461,2214.953369140625,-44132069376.0,405.0,0.0,0.0,0.0,1.0,1.0
79239008.0,0.022936023771762848,11.427752494812012,0.0,17.5,0.014498765580356121,186.69891357421875,0.7899073120494335,0.0,0.0,0.0,3.943444730077121,0.7977119084763391,2702.3974609375,-37544984576.0,389.0,0.0,0.0,0.0,1.0,1.0
60559144.0,0.023510314524173737,11.746304512023926,0.0,16.049999237060547,0.014607244171202183,160.96823120117188,0.7631441957313899,0.0,0.0,0.0,3.377880184331797,0.771578947368421,2815.69091796875,-57132562432.0,434.0,0.0,0.0,0.0,1.0,1.0
64339724.0,0.023442862555384636,11.438620567321777,0.0,17.18000030517578,0.013942940160632133,191.80715942382812,0.7824961160020715,0.0,0.0,0.0,3.7587064676616917,0.7898588604286461,2533.479736328125,-34796576768.0,402.0,0.0,0.0,0.0,1.0,1.0
102265824.0,0.023239485919475555,11.785782814025879,0.0,17.440000534057617,0.013699349015951157,192.5325927734375,0.7986680327868853,0.0,0.0,0.0,4.135278514588859,0.8052685950413223,2596.192138671875,-47788474368.0,377.0,0.0,0.0,0.0,1.0,1.0
37150232.0,0.023900296539068222,11.678349494934082,0.0,15.130000114440918,0.015256699174642563,179.51068115234375,0.8216494845360824,0.0,0.0,0.0,4.844984802431611,0.8289131565262611,2268.5654296875,-40302842880.0,329.0,0.0,0.0,0.0,1.0,1.0
62821920.0,0.02342875301837921,11.877226829528809,0.0,16.979999542236328,0.014083021320402622,152.15138244628906,0.7734577501296008,0.0,0.0,0.0,3.5271867612293146,0.77911227154047,2630.90185546875,-50417852416.0,423.0,0.0,0.0,0.0,1.0,1.0
46142520.0,0.023723289370536804,11.817177772521973,0.0,16.399999618530273,0.012507651001214981,162.47645568847656,0.8026929052304506,0.0,0.0,0.0,4.329608938547486,0.8123689727463312,2343.3291015625,-37208684544.0,358.0,0.0,0.0,0.0,1.0,1.0
48971120.0,0.022832071408629417,11.628806114196777,0.0,14.8100004196167,0.013790124095976353,180.43861389160156,0.809227579056506,0.0,0.0,0.0,4.372549019607843,0.8138686131386861,2158.794677734375,-41787116544.0,357.0,0.0,0.0,0.0,1.0,1.0
59897904.0,0.023390548303723335,11.771015167236328,0.0,16.399999618530273,0.017200857400894165,156.96446228027344,0.8024755028365137,0.0,0.0,0.0,4.182795698924731,0.8070539419087137,2067.750244140625,-27770252288.0,372.0,0.0,0.0,0.0,1.0,1.0
75622880.0,0.024307219311594963,11.574721336364746,0.0,20.31999969482422,0.01392644178122282,186.0975799560547,0.7643115007735947,0.0,0.0,0.0,3.375854214123007,0.77147319104633,2306.509521484375,-41356638208.0,439.0,0.0,0.0,0.0,1.0,1.0
47470860.0,0.022649750113487244,11.296932220458984,0.0,16.030000686645508,0.014116110280156136,166.71551513671875,0.8075530263838593,0.0,0.0,0.0,4.372549019607843,0.8138686131386861,2144.057373046875,-25209705472.0,357.0,0.0,0.0,0.0,1.0,1.0
103884152.0,0.02315736748278141,11.380646705627441,0.0,19.6200008392334,0.012981252744793892,167.05384826660156,0.7879098360655737,0.0,0.0,0.0,3.9335038363171355,0.7973043027475376,2311.61181640625,-33765809152.0,391.0,0.0,0.0,0.0,1.0,1.0
54720112.0,0.02336767688393593,11.185410499572754,0.0,16.739999771118164,0.01132264919579029,184.0729217529297,0.7990702479338843,0.0,0.0,0.0,4.158602150537634,0.8061490359562272,2386.723876953125,-28656592896.0,372.0,0.0,0.0,0.0,1.0,1.0
89362840.0,0.02329566888511181,11.263222694396973,0.0,19.239999771118164,0.01559739001095295,157.8938446044922,0.7794344473007712,0.0,0.0,0.0,3.653012048192771,0.7850854479544278,2251.087646484375,-32633886720.0,415.0,0.0,0.0,0.0,1.0,1.0
41594420.0,0.023250188678503036,10.99209976196289,0.0,16.209999084472656,0.012630833312869072,144.73709106445312,0.8143004115226338,0.0,0.0,0.0,4.669616519174041,0.823621227887617,2278.8896484375,-23000583680.0,339.0,0.0,0.0,0.0,1.0,1.0
91181968.0,0.02334967628121376,11.077301979064941,0.0,20.760000228881836,0.014766409993171692,151.89508056640625,0.7778909831889964,0.0,0.0,0.0,3.6973365617433416,0.7871134020618556,2210.198486328125,-31840275456.0,413.0,0.0,0.0,0.0,1.0,1.0
72276888.0,0.02381914108991623,11.027859687805176,0.0,18.3700008392334,0.012601837515830994,161.55569458007812,0.7978450487429452,0.0,0.0,0.0,4.21409214092141,0.8082120582120582,2062.955078125,-30813112320.0,369.0,0.0,0.0,0.0,1.0,1.0
112555304.0,0.023009855300188065,10.918679237365723,0.0,19.530000686645508,0.013053061440587044,137.737548828125,0.8011305241521068,0.0,0.0,0.0,4.224932249322493,0.8086099585062241,2816.07763671875,-39026799616.0,369.0,0.0,0.0,0.0,1.0,1.0
53737220.0,0.023169323801994324,11.098245620727539,0.0,17.549999237060547,0.014946090057492256,141.943359375,0.797191887675507,0.0,0.0,0.0,4.132075471698113,0.8051470588235294,2766.807373046875,-32509861888.0,371.0,0.0,0.0,0.0,1.0,1.0
72687552.0,0.023372165858745575,10.991598129272461,0.0,18.760000228881836,0.013884698040783405,153.72259521484375,0.7815384615384615,0.0,0.0,0.0,3.708029197080292,0.7875968992248062,2277.78515625,-40486601728.0,411.0,0.0,0.0,0.0,1.0,1.0
72552248.0,0.02356799691915512,10.711945533752441,0.0,18.31999969482422,0.014371971599757671,160.04383850097656,0.7774374680959674,0.0,0.0,0.0,3.6175771971496435,0.7834362139917695,2484.37158203125,-56306221056.0,421.0,0.0,0.0,0.0,1.0,1.0
64300312.0,0.02287556231021881,10.928893089294434,0.0,17.610000610351562,0.015052706003189087,152.48458862304688,0.7826982492276005,0.0,0.0,0.0,3.781094527363184,0.7908428720083247,2330.957275390625,-35993291776.0,402.0,0.0,0.0,0.0,1.0,1.0
45640252.0,0.02304445020854473,11.279064178466797,0.0,15.09000015258789,0.01361268013715744,140.58001708984375,0.8111743404035179,0.0,0.0,0.0,4.505747126436781,0.8183716075156576,2404.111328125,-21469117440.0,348.0,0.0,0.0,0.0,1.0,1.0
61702088.0,0.022865833714604378,10.66976547241211,0.0,17.40999984741211,0.014447922818362713,150.63612365722656,0.7998973832734736,0.0,0.0,0.0,4.102631578947369,0.8040226921093347,2494.927978515625,-34163347456.0,380.0,0.0,0.0,0.0,1.0,1.0
65332332.0,0.02328266203403473,10.573702812194824,0.0,16.450000762939453,0.01410938985645771,137.3423309326172,0.7986646122239343,0.0,0.0,0.0,4.060052219321149,0.8023735810113519,2576.096923828125,-33946034176.0,383.0,0.0,0.0,0.0,1.0,1.0
73272528.0,0.023372158408164978,10.914325714111328,0.0,18.549999237060547,0.01689923368394375,161.18568420410156,0.7862985685071575,0.0,0.0,0.0,4.026178010471204,0.8010416666666667,2360.070556640625,-29150987264.0,382.0,0.0,0.0,0.0,1.0,1.0
41195436.0,0.023188337683677673,11.127840995788574,0.0,16.010000228881836,0.012775463052093983,165.10272216796875,0.8272493573264782,0.0,0.0,0.0,5.028125,0.8341109383100052,2563.86669921875,-21722906624.0,320.0,0.0,0.0,0.0,1.0,1.0
83027008.0,0.02351526729762554,10.4517183303833,0.0,18.360000610351562,0.015301497653126717,153.78173828125,0.7900154400411734,0.0,0.0,0.0,3.8959390862944163,0.7957490927941939,2125.391357421875,-40349423616.0,394.0,0.0,0.0,0.0,1.0,1.0
52993504.0,0.022790201008319855,10.514039039611816,0.0,16.209999084472656,0.015771087259054184,164.223388671875,0.7952674897119342,0.0,0.0,0.0,4.047120418848167,0.8018672199170125,2491.72705078125,-24348780544.0,382.0,0.0,0.0,0.0,1.0,1.0
53591352.0,0.022904658690094948,11.0884370803833,0.0,15.90999984741211,0.012619026005268097,162.23187255859375,0.7993779160186625,0.0,0.0,0.0,4.201634877384196,0.8077527501309586,2424.84423828125,-36377860096.0,367.0,0.0,0.0,0.0,1.0,1.0
45678536.0,0.02289348654448986,10.874747276306152,0.0,16.6200008392334,0.014417659491300583,125.63080596923828,0.8192584963954685,0.0,0.0,0.0,4.821212121212121,0.8282144716293597,2274.444091796875,-19606871552.0,330.0,0.0,0.0,0.0,1.0,1.0
68772688.0,0.022998176515102386,10.781216621398926,0.0,16.09000015258789,0.012479730881750584,143.81895446777344,0.7957710159876225,0.0,0.0,0.0,4.028720626631854,0.8011422637590861,2572.300537109375,-34788855808.0,383.0,0.0,0.0,0.0,1.0,1.0
69718192.0,0.022864775732159615,10.649927139282227,0.0,17.59000015258789,0.01497921347618103,141.510009765625,0.784527518172378,0.0,0.0,0.0,3.7680798004987532,0.7902719665271967,2064.086181640625,-40533557248.0,401.0,0.0,0.0,0.0,1.0,1.0
43449908.0,0.023015139624476433,10.263398170471191,0.0,15.010000228881836,0.014194895513355732,145.39324951171875,0.8107827890098497,0.0,0.0,0.0,4.533333333333333,0.8192771084337349,2336.279296875,-23447400448.0,345.0,0.0,0.0,0.0,1.0,1.0
63558176.0,0.023068085312843323,10.042349815368652,0.0,16.350000381469727,0.015546523965895176,162.18348693847656,0.8063851699279093,0.0,0.0,0.0,4.35,0.8130841121495327,2136.13720703125,-26913748992.0,360.0,0.0,0.0,0.0,1.0,1.0
94385704.0,0.023172585293650627,10.661886215209961,0.0,19.06999969482422,0.014601483941078186,140.0238800048828,0.7828746177370031,0.0,0.0,0.0,3.7372262773722627,0.7889060092449923,2284.494140625,-40120275968.0,411.0,0.0,0.0,0.0,1.0,1.0
91773368.0,0.023140523582696915,9.961627006530762,0.0,18.149999618530273,0.012705650180578232,128.7600860595703,0.8023493360572013,0.0,0.0,0.0,4.363888888888889,0.813568099430347,2283.754150390625,-41280534528.0,360.0,0.0,0.0,0.0,1.0,1.0
58731928.0,0.02293930947780609,10.38509750366211,0.0,18.149999618530273,0.010948156006634235,144.89833068847656,0.7834461218115565,0.0,0.0,0.0,3.743781094527363,0.7891976927110645,2492.126953125,-28570990592.0,402.0,0.0,0.0,0.0,1.0,1.0
46441160.0,0.023446176201105118,10.333952903747559,0.0,14.40999984741211,0.012719937600195408,153.24989318847656,0.8050411522633745,0.0,0.0,0.0,4.383753501400561,0.8142559833506764,2248.6474609375,-25993961472.0,357.0,0.0,0.0,0.0,1.0,1.0
60574540.0,0.02340109273791313,10.565959930419922,0.0,15.619999885559082,0.013925407081842422,136.49951171875,0.7971237801746276,0.0,0.0,0.0,4.094986807387863,0.803728638011393,2092.985107421875,-39604992000.0,379.0,0.0,0.0,0.0,1.0,1.0
59479472.0,0.02345709316432476,10.493804931640625,0.0,17.450000762939453,0.012401708401739597,136.7918243408203,0.8068006182380216,0.0,0.0,0.0,4.35,0.8130841121495327,2254.894775390625,-23862245376.0,360.0,0.0,0.0,0.0,1.0,1.0
74029800.0,0.0234573595225811,10.441991806030273,0.0,16.649999618530273,0.014352366328239441,129.7725067138672,0.8012390294269489,0.0,0.0,0.0,4.194594594594594,0.8074921956295525,2307.384765625,-36361069568.0,370.0,0.0,0.0,0.0,1.0,1.0
70988888.0,0.023107919842004776,10.569933891296387,0.0,18.15999984741211,0.014213260263204575,141.23341369628906,0.7900665642601127,0.0,0.0,0.0,3.916243654822335,0.7965926690758905,2569.82177734375,-35144378368.0,394.0,0.0,0.0,0.0,1.0,1.0
50531196.0,0.023163437843322754,10.068982124328613,0.0,16.889999389648438,0.013261228799819946,132.28306579589844,0.8158567774936062,0.0,0.0,0.0,4.636627906976744,0.8225889633831872,2531.03466796875,-28642865152.0,344.0,0.0,0.0,0.0,1.0,1.0
67814000.0,0.022657182067632675,10.244065284729004,0.0,15.75,0.013128027319908142,160.18397521972656,0.8070175438596491,0.0,0.0,0.0,4.430594900849858,0.8158581116327596,2248.825439453125,-27664076800.0,353.0,0.0,0.0,0.0,1.0,1.0
85745112.0,0.02315627597272396,9.872435569763184,0.0,19.170000076293945,0.013862107880413532,141.68479919433594,0.7946884576098059,0.0,0.0,0.0,4.094736842105263,0.8037190082644629,2134.04052734375,-28244376576.0,380.0,0.0,0.0,0.0,1.0,1.0
98879784.0,0.02327095903456211,10.628028869628906,0.0,17.899999618530273,0.016044093295931816,145.4342803955078,0.8100102145045965,0.0,0.0,0.0,4.467605633802817,0.8171045852653271,2465.953125,-33497751552.0,355.0,0.0,0.0,0.0,1.0,1.0
68746528.0,0.023095732554793358,10.31357192993164,0.0,18.020000457763672,0.016090674325823784,145.6474151611328,0.8006166495375129,0.0,0.0,0.0,4.188172043010753,0.8072538860103627,2285.353271484375,-25762967552.0,372.0,0.0,0.0,0.0,1.0,1.0
75977120.0,0.023146135732531548,9.740346908569336,0.0,16.709999084472656,0.014107557013630867,132.48948669433594,0.7918598660484286,0.0,0.0,0.0,4.076923076923077,0.803030303030303,2545.40966796875,-29264659456.0,377.0,0.0,0.0,0.0,1.0,1.0
45014860.0,0.023275965824723244,10.108840942382812,0.0,16.920000076293945,0.014829471707344055,145.37689208984375,0.7874870734229577,0.0,0.0,0.0,3.9354005167958657,0.7973821989528795,2376.0615234375,-31384272896.0,387.0,0.0,0.0,0.0,1.0,1.0
70447240.0,0.023089129477739334,9.971309661865234,0.0,16.6299991607666,0.014483206905424595,122.48057556152344,0.8090117767537123,0.0,0.0,0.0,4.41340782122905,0.8152734778121775,2350.1875,-30443042816.0,358.0,0.0,0.0,0.0,1.0,1.0
39695760.0,0.023153968155384064,10.3464937210083,0.0,17.260000228881836,0.014394127763807774,129.39259338378906,0.8023735810113519,0.0,0.0,0.0,4.295580110497237,0.8111632759520083,2179.989990234375,-28439971840.0,362.0,0.0,0.0,0.0,1.0,1.0
40508240.0,0.023072760552167892,9.790205001831055,0.0,15.729999542236328,0.013618662022054195,122.308837890625,0.8312883435582822,0.0,0.0,0.0,5.194888178913738,0.8385765858690046,2307.24072265625,-18516953088.0,313.0,0.0,0.0,0.0,1.0,1.0
56649092.0,0.02294037863612175,9.971064567565918,0.0,18.200000762939453,0.012536435388028622,135.35723876953125,0.8307066598881545,0.0,0.0,0.0,5.288025889967638,0.8409675759135358,2750.92138671875,-26776009728.0,309.0,0.0,0.0,0.0,1.0,1.0
54891360.0,0.022828135639429092,10.104659080505371,0.0,18.510000228881836,0.01637125574052334,147.5487060546875,0.8051282051282052,0.0,0.0,0.0,4.220430107526882,0.8084449021627188,2414.25,-26652491776.0,372.0,0.0,0.0,0.0,1.0,1.0
52292608.0,0.023058583959937096,9.87978744506836,0.0,17.040000915527344,0.011339905671775341,120.38785552978516,0.7927835051546391,0.0,0.0,0.0,4.026178010471204,0.8010416666666667,2594.210205078125,-30071607296.0,382.0,0.0,0.0,0.0,1.0,1.0
45391528.0,0.022963872179389,10.312582015991211,0.0,16.940000534057617,0.013635159470140934,121.44831085205078,0.8294930875576036,0.0,0.0,0.0,5.015479876160991,0.833762223365929,2226.697265625,-21551678464.0,323.0,0.0,0.0,0.0,1.0,1.0
54543216.0,0.02262396179139614,9.908184051513672,0.0,16.850000381469727,0.012387803755700588,133.06320190429688,0.8126608337622233,0.0,0.0,0.0,4.485795454545454,0.8177110305541171,2401.5029296875,-20524650496.0,352.0,0.0,0.0,0.0,1.0,1.0
52485468.0,0.023172929883003235,9.4497652053833,0.0,16.639999389648438,0.012423400767147541,129.27926635742188,0.8083801737353091,0.0,0.0,0.0,4.418994413407821,0.8154639175257732,2501.0810546875,-24737117184.0,358.0,0.0,0.0,0.0,1.0,1.0
70129144.0,0.02310563623905182,9.51390552520752,0.0,17.809999465942383,0.011748995631933212,123.951416015625,0.809227579056506,0.0,0.0,0.0,4.409604519774011,0.8151436031331593,2386.497314453125,-26647326720.0,354.0,0.0,0.0,0.0,1.0,1.0
74672152.0,0.022924890741705894,9.999353408813477,0.0,18.229999542236328,0.014264130033552647,116.79623413085938,0.8117647058823529,0.0,0.0,0.0,4.66764705882353,0.8235599377270368,2560.06201171875,-34012886016.0,340.0,0.0,0.0,0.0,1.0,1.0
91610272.0,0.023304957896471024,9.547189712524414,0.0,19.940000534057617,0.014861770905554295,135.62193298339844,0.7713992824192721,0.0,0.0,0.0,3.4837962962962963,0.7769747031491998,2302.1943359375,-35281509376.0,432.0,0.0,0.0,0.0,1.0,1.0
54123176.0,0.023367445915937424,10.001947402954102,0.0,18.549999237060547,0.014886435121297836,134.0393829345703,0.8051150895140665,0.0,0.0,0.0,4.336088154269972,0.8125967991739804,2588.79052734375,-23146922496.0,363.0,0.0,0.0,0.0,1.0,1.0
51166204.0,0.022686969488859177,9.68613052368164,0.0,16.889999389648438,0.013322128914296627,119.88883209228516,0.8128564022809746,0.0,0.0,0.0,4.48,0.8175182481751825,2187.57373046875,-21973160960.0,350.0,0.0,0.0,0.0,1.0,1.0
43736728.0,0.023226428776979446,9.59254264831543,0.0,14.970000267028809,0.012378868646919727,117.65225982666016,0.8172431595250387,0.0,0.0,0.0,4.7253731343283585,0.8253388946819604,2073.676025390625,-19626145280.0,335.0,0.0,0.0,0.0,1.0,1.0
40584592.0,0.022564154118299484,9.37631607055664,0.0,16.290000915527344,0.012404857203364372,134.35675048828125,0.8210633946830266,0.0,0.0,0.0,4.866666666666666,0.8295454545454546,2361.411865234375,-19138905600.0,330.0,0.0,0.0,0.0,1.0,1.0
67952360.0,0.02225535176694393,9.870648384094238,0.0,17.610000610351562,0.013171136379241943,117.12320709228516,0.8343527013251784,0.0,0.0,0.0,5.246794871794871,0.8399179066187789,2189.072509765625,-25974403072.0,312.0,0.0,0.0,0.0,1.0,1.0
72364584.0,0.023420842364430428,9.578343391418457,0.0,18.829999923706055,0.014651115983724594,130.03192138671875,0.794435857805255,0.0,0.0,0.0,3.994818652849741,0.799792531120332,2323.0439453125,-28434114560.0,386.0,0.0,0.0,0.0,1.0,1.0
63108756.0,0.02230953425168991,9.432205200195312,0.0,16.739999771118164,0.01347330491989851,141.35169982910156,0.8228105906313645,0.0,0.0,0.0,4.838323353293413,0.8287179487179487,2324.62158203125,-22864948736.0,334.0,0.0,0.0,0.0,1.0,1.0
47384960.0,0.02299770899116993,9.661633491516113,0.0,16.030000686645508,0.013160605914890766,138.84365844726562,0.8138817480719794,0.0,0.0,0.0,4.615160349854228,0.8219106957424714,2103.304443359375,-22346341376.0,343.0,0.0,0.0,0.0,1.0,1.0
86946144.0,0.02279289811849594,9.196392059326172,0.0,17.350000381469727,0.014195475727319717,108.73944854736328,0.820040899795501,0.0,0.0,0.0,4.831325301204819,0.8285123966942148,2368.3193359375,-28495331328.0,332.0,0.0,0.0,0.0,1.0,1.0
71968192.0,0.02327100560069084,9.575064659118652,0.0,17.81999969482422,0.013266187161207199,142.64097595214844,0.8083462132921174,0.0,0.0,0.0,4.547826086956522,0.8197492163009404,2461.6396484375,-22716487680.0,345.0,0.0,0.0,0.0,1.0,1.0
53616344.0,0.023318715393543243,9.472107887268066,0.0,16.270000457763672,0.016959451138973236,107.27534484863281,0.8142272262026612,0.0,0.0,0.0,4.763473053892215,0.8264935064935065,2474.01220703125,-21934558208.0,334.0,0.0,0.0,0.0,1.0,1.0
58215496.0,0.022932326421141624,9.260200500488281,0.0,18.850000381469727,0.012508470565080643,110.3288345336914,0.7974358974358975,0.0,0.0,0.0,4.13563829787234,0.8052822371828068,2583.04931640625,-24819240960.0,376.0,0.0,0.0,0.0,1.0,1.0
72306560.0,0.022716350853443146,9.827757835388184,0.0,18.030000686645508,0.013043622486293316,128.37124633789062,0.7964966512107161,0.0,0.0,0.0,4.1226666666666665,0.8047891723060906,2135.651611328125,-29505994752.0,375.0,0.0,0.0,0.0,1.0,1.0
39366836.0,0.02286660112440586,8.959110260009766,0.0,14.399999618530273,0.013701123185455799,115.59268951416016,0.8316008316008316,0.0,0.0,0.0,5.245901639344262,0.8398950131233596,2439.34423828125,-20514136064.0,305.0,0.0,0.0,0.0,1.0,1.0
41178968.0,0.022812504321336746,9.332865715026855,0.0,15.1899995803833,0.011269415728747845,112.32173919677734,0.8204732510288066,0.0,0.0,0.0,4.6911764705882355,0.8242894056847545,2625.445068359375,-19873447936.0,340.0,0.0,0.0,0.0,1.0,1.0
37647244.0,0.022854488343000412,9.345206260681152,0.0,16.040000915527344,0.014530627056956291,134.0421142578125,0.8033126293995859,0.0,0.0,0.0,4.228882833787466,0.808754559666493,2822.29296875,-22826841600.0,367.0,0.0,0.0,0.0,1.0,1.0
94347568.0,0.023438017815351486,9.197761535644531,0.0,17.3700008392334,0.014192766509950161,117.03652954101562,0.7989637305699482,0.0,0.0,0.0,4.167567567567567,0.8064853556485355,2567.437744140625,-32996205568.0,370.0,0.0,0.0,0.0,1.0,1.0
44156840.0,0.023400790989398956,9.409616470336914,0.0,18.079999923706055,0.01375811267644167,110.24374389648438,0.8137055837563452,0.0,0.0,0.0,4.60632183908046,0.8216299333675039,2144.046142578125,-18420811264.0,348.0,0.0,0.0,0.0,1.0,1.0
62438472.0,0.022697553038597107,9.775196075439453,0.0,16.389999389648438,0.013838302344083786,106.5948486328125,0.8280773143438453,0.0,0.0,0.0,4.978593272171254,0.8327365728900256,2416.9208984375,-25668302848.0,327.0,0.0,0.0,0.0,1.0,1.0
78936928.0,0.023102842271327972,9.095720291137695,0.0,18.510000228881836,0.014252735301852226,146.22171020507812,0.8169371196754563,0.0,0.0,0.0,4.738235294117647,0.8257303946694003,2191.9365234375,-28307719168.0,340.0,0.0,0.0,0.0,1.0,1.0
48042556.0,0.02279782108962536,8.836409568786621,0.0,16.90999984741211,0.013364080339670181,120.91197204589844,0.822572445348246,0.0,0.0,0.0,4.903030303030303,0.8305954825462012,2533.231201171875,-16121513472.0,330.0,0.0,0.0,0.0,1.0,1.0
60541512.0,0.022580839693546295,9.378310203552246,0.0,16.540000915527344,0.014939216896891594,113.13095092773438,0.832482124616956,0.0,0.0,0.0,5.275080906148867,0.8406395048994327,2387.564697265625,-23084271616.0,309.0,0.0,0.0,0.0,1.0,1.0
44439788.0,0.02288110926747322,8.775810241699219,0.0,17.299999237060547,0.012847688980400562,135.75311279296875,0.8004115226337448,0.0,0.0,0.0,4.239782016348774,0.8091523660946438,2349.19384765625,-17216048640.0,367.0,0.0,0.0,0.0,1.0,1.0
52592324.0,0.022681497037410736,9.332015991210938,0.0,16.510000228881836,0.012151231057941914,93.14962768554688,0.826264690853347,0.0,0.0,0.0,4.9907407407407405,0.8330757341576507,2541.72412109375,-18731766272.0,324.0,0.0,0.0,0.0,1.0,1.0
48167464.0,0.022668592631816864,9.37270736694336,0.0,15.350000381469727,0.014616381376981735,95.38412475585938,0.8103626943005181,0.0,0.0,0.0,4.533333333333333,0.8192771084337349,2480.0830078125,-26129712128.0,345.0,0.0,0.0,0.0,1.0,1.0
60509768.0,0.022732136771082878,8.894762992858887,0.0,16.3799991607666,0.011900435201823711,113.53595733642578,0.8335030549898167,0.0,0.0,0.0,5.263665594855305,0.8403490759753593,2183.26416015625,-27428160512.0,311.0,0.0,0.0,0.0,1.0,1.0
47311792.0,0.022618262097239494,9.029934883117676,0.0,17.209999084472656,0.01255182083696127,116.44590759277344,0.8282364933741081,0.0,0.0,0.0,5.078125,0.8354755784061697,2459.9453125,-16901042176.0,320.0,0.0,0.0,0.0,1.0,1.0
45462528.0,0.02329460345208645,8.97140121459961,0.0,14.600000381469727,0.012007655575871468,112.48088836669922,0.8329062019477191,0.0,0.0,0.0,5.345394736842105,0.8424053913945049,2347.3125,-16397186560.0,304.0,0.0,0.0,0.0,1.0,1.0
33972348.0,0.02320852503180504,9.042601585388184,0.0,14.529999732971191,0.01359226182103157,123.37775421142578,0.8114285714285714,0.0,0.0,0.0,4.527536231884058,0.8190875721027793,2154.482177734375,-15477965824.0,345.0,0.0,0.0,0.0,1.0,1.0
40565800.0,0.02235746942460537,9.079109191894531,0.0,16.8799991607666,0.013793165795505047,101.97280883789062,0.8206438426162493,0.0,0.0,0.0,4.851963746223565,0.8291171915332989,2179.78955078125,-18359430144.0,331.0,0.0,0.0,0.0,1.0,1.0
33699700.0,0.0223639328032732,8.873767852783203,0.0,15.350000381469727,0.01387574803084135,103.81707000732422,0.8128898128898129,0.0,0.0,0.0,4.533333333333333,0.8192771084337349,2377.66357421875,-18183428096.0,345.0,0.0,0.0,0.0,1.0,1.0
84326936.0,0.022664224728941917,8.697209358215332,0.0,17.65999984741211,0.014528017491102219,99.70577239990234,0.8246687054026504,0.0,0.0,0.0,4.948012232415902,0.8318766066838046,2203.212158203125,-25695610880.0,327.0,0.0,0.0,0.0,1.0,1.0
49203708.0,0.022646356374025345,9.294881820678711,0.0,16.459999084472656,0.013528336770832539,99.78929901123047,0.8107142857142857,0.0,0.0,0.0,4.488700564971752,0.817807514153371,2282.48876953125,-22888629760.0,354.0,0.0,0.0,0.0,1.0,1.0
46860720.0,0.023029964417219162,8.747732162475586,0.0,15.829999923706055,0.014695982448756695,119.07603454589844,0.8256880733944955,0.0,0.0,0.0,5.0,0.8333333333333334,2246.109375,-21235280896.0,324.0,0.0,0.0,0.0,1.0,1.0
57155508.0,0.02322627790272236,8.968364715576172,0.0,17.559999465942383,0.011211306788027287,99.35415649414062,0.8229007633587786,0.0,0.0,0.0,5.021739130434782,0.8339350180505415,2081.61083984375,-19028065792.0,322.0,0.0,0.0,0.0,1.0,1.0
44754576.0,0.02271801233291626,8.973113059997559,0.0,14.760000228881836,0.01167706772685051,95.13555908203125,0.8195372750642673,0.0,0.0,0.0,4.729970326409496,0.8254790264111859,2370.53466796875,-20088180736.0,337.0,0.0,0.0,0.0,1.0,1.0
46170484.0,0.022558754310011864,9.206107139587402,0.0,16.09000015258789,0.01166807021945715,97.5450668334961,0.8308711156393276,0.0,0.0,0.0,5.112852664576803,0.8364102564102565,2240.458740234375,-23633659392.0,319.0,0.0,0.0,0.0,1.0,1.0
49662224.0,0.022762462496757507,9.124702453613281,0.0,17.25,0.012025626376271248,108.9463882446289,0.823439099283521,0.0,0.0,0.0,4.950769230769231,0.8319544984488108,2424.2919921875,-22704998912.0,325.0,0.0,0.0,0.0,1.0,1.0
41079284.0,0.022628383710980415,9.204777717590332,0.0,15.979999542236328,0.011273486539721489,106.04936218261719,0.8243451463790447,0.0,0.0,0.0,5.0,0.8333333333333334,2352.563720703125,-14948486144.0,321.0,0.0,0.0,0.0,1.0,1.0
51788960.0,0.02280746027827263,8.756000518798828,0.0,17.040000915527344,0.012217205949127674,115.45986938476562,0.847526772055074,0.0,0.0,0.0,5.750865051903114,0.8518708354689902,2522.44580078125,-17652611072.0,289.0,0.0,0.0,0.0,1.0,1.0
47332680.0,0.023190580308437347,8.98758316040039,0.0,16.56999969482422,0.010394941084086895,104.63941192626953,0.8276214833759591,0.0,0.0,0.0,5.088050314465409,0.8357438016528925,2275.080078125,-16781705216.0,318.0,0.0,0.0,0.0,1.0,1.0
44503420.0,0.022524328902363777,8.381701469421387,0.0,17.770000457763672,0.013998616486787796,92.45138549804688,0.8220640569395018,0.0,0.0,0.0,5.021739130434782,0.8339350180505415,2650.432861328125,-15553438208.0,322.0,0.0,0.0,0.0,1.0,1.0
56664628.0,0.022582417353987694,9.095170021057129,0.0,19.450000762939453,0.014190349727869034,106.2471694946289,0.8178137651821862,0.0,0.0,0.0,4.795252225519288,0.8274449564772145,2704.276611328125,-18928398336.0,337.0,0.0,0.0,0.0,1.0,1.0
65291636.0,0.022357061505317688,8.709692001342773,0.0,18.139999389648438,0.014055675826966763,114.59434509277344,0.8259315977539561,0.0,0.0,0.0,4.9179331306990886,0.8310220852593734,2168.835693359375,-21426409472.0,329.0,0.0,0.0,0.0,1.0,1.0
42235816.0,0.022941093891859055,8.835772514343262,0.0,14.329999923706055,0.013342837803065777,108.65447998046875,0.8493360572012257,0.0,0.0,0.0,6.136531365313653,0.859875904860393,2195.673583984375,-15266491392.0,271.0,0.0,0.0,0.0,1.0,1.0
31241054.0,0.022557375952601433,8.775818824768066,0.0,16.280000686645508,0.01515964139252901,112.38803100585938,0.8437180796731358,0.0,0.0,0.0,5.696551724137931,0.850669412976313,2378.711669921875,-12130834432.0,290.0,0.0,0.0,0.0,1.0,1.0
48781672.0,0.022474467754364014,9.062216758728027,0.0,16.729999542236328,0.01445271447300911,98.1541748046875,0.842937276899541,0.0,0.0,0.0,5.660958904109589,0.8498714652956298,2046.412353515625,-17258270720.0,292.0,0.0,0.0,0.0,1.0,1.0
28977682.0,0.022149909287691116,8.838526725769043,0.0,14.609999656677246,0.013799807988107204,104.97638702392578,0.8365038560411311,0.0,0.0,0.0,5.36963696369637,0.8430051813471503,2244.9580078125,-16653216768.0,303.0,0.0,0.0,0.0,1.0,1.0
35398708.0,0.022311165928840637,8.963327407836914,0.0,15.319999694824219,0.011564369313418865,102.42532348632812,0.8420784513499745,0.0,0.0,0.0,5.4375,0.8446601941747572,2432.234375,-19623990272.0,304.0,0.0,0.0,0.0,1.0,1.0
54026516.0,0.02252369560301304,8.608467102050781,0.0,16.260000228881836,0.012564797885715961,117.95738220214844,0.8196218702095044,0.0,0.0,0.0,4.703812316715543,0.8246786632390746,2364.040771484375,-19177827328.0,341.0,0.0,0.0,0.0,1.0,1.0
33218648.0,0.02284976653754711,8.723590850830078,0.0,15.140000343322754,0.011405481025576591,128.1555633544922,0.8294693456980937,0.0,0.0,0.0,5.111111111111111,0.8363636363636363,2342.877197265625,-15418324480.0,315.0,0.0,0.0,0.0,1.0,1.0
52750904.0,0.02254842035472393,8.56591796875,0.0,14.989999771118164,0.013468350283801556,114.68195343017578,0.8117586384734399,0.0,0.0,0.0,4.471590909090909,0.8172377985462098,2278.0224609375,-23850617856.0,352.0,0.0,0.0,0.0,1.0,1.0
48020760.0,0.02265368402004242,8.883184432983398,0.0,17.770000457763672,0.012985702604055405,99.57369995117188,0.8112033195020747,0.0,0.0,0.0,4.380952380952381,0.8141592920353983,2393.23974609375,-18358946304.0,357.0,0.0,0.0,0.0,1.0,1.0
51297680.0,0.022668249905109406,8.476563453674316,0.0,16.920000076293945,0.01131806243211031,95.13521575927734,0.8001027749229188,0.0,0.0,0.0,4.219512195121951,0.8084112149532711,2272.471435546875,-19059617792.0,369.0,0.0,0.0,0.0,1.0,1.0
37687220.0,0.022834546864032745,8.779227256774902,0.0,17.110000610351562,0.013767470605671406,98.582763671875,0.8235594084650688,0.0,0.0,0.0,4.879154078549849,0.8299075025693731,2362.591796875,-16454157312.0,331.0,0.0,0.0,0.0,1.0,1.0
28663636.0,0.02251085825264454,8.425185203552246,0.0,13.869999885559082,0.012490632943809032,97.61519622802734,0.851150895140665,0.0,0.0,0.0,5.985611510791367,0.8568486096807415,2512.797119140625,-12404967424.0,278.0,0.0,0.0,0.0,1.0,1.0
39151308.0,0.022662287577986717,8.550082206726074,0.0,14.739999771118164,0.011388871818780899,111.80072784423828,0.8430973000509424,0.0,0.0,0.0,5.648464163822526,0.8495893223819302,2490.090576171875,-15104064512.0,293.0,0.0,0.0,0.0,1.0,1.0
39799832.0,0.023195980116724968,8.116830825805664,0.0,14.579999923706055,0.012564354576170444,111.36691284179688,0.8373524884556183,0.0,0.0,0.0,5.44,0.84472049689441,2480.76953125,-15147204096.0,300.0,0.0,0.0,0.0,1.0,1.0
39527540.0,0.02251969277858734,8.402324676513672,0.0,15.239999771118164,0.010610932484269142,88.20539093017578,0.8318899643402955,0.0,0.0,0.0,5.284789644012945,0.840885684860968,2029.3388671875,-13540097536.0,309.0,0.0,0.0,0.0,1.0,1.0
48319364.0,0.022508883848786354,8.354999542236328,0.0,17.59000015258789,0.016627926379442215,84.25190734863281,0.8389057750759878,0.0,0.0,0.0,5.52,0.8466257668711656,2462.72119140625,-16135728128.0,300.0,0.0,0.0,0.0,1.0,1.0
33063942.0,0.02204698882997036,8.506665229797363,0.0,12.350000381469727,0.011190928518772125,85.6124038696289,0.8387429160226687,0.0,0.0,0.0,5.302931596091205,0.841343669250646,2384.744384765625,-19544930304.0,307.0,0.0,0.0,0.0,1.0,1.0
30724076.0,0.02237829752266407,8.552458763122559,0.0,13.220000267028809,0.013433115556836128,88.44744873046875,0.8479591836734693,0.0,0.0,0.0,5.831578947368421,0.8536209553158706,1927.046875,-16602773504.0,285.0,0.0,0.0,0.0,1.0,1.0
50307972.0,0.02255728654563427,8.500999450683594,0.0,15.8100004196167,0.013660361059010029,91.47333526611328,0.8277268093781855,0.0,0.0,0.0,5.027863777089784,0.8341037493579867,2130.494140625,-20066319872.0,323.0,0.0,0.0,0.0,1.0,1.0
44654004.0,0.02201857417821884,8.247132301330566,0.0,14.289999961853027,0.01231526117771864,86.24810028076172,0.843558282208589,0.0,0.0,0.0,5.631399317406143,0.8492022645393721,2074.8291015625,-16912916480.0,293.0,0.0,0.0,0.0,1.0,1.0
30435118.0,0.022481800988316536,8.65403938293457,0.0,14.829999923706055,0.01113856676965952,85.09017181396484,0.8490086426029486,0.0,0.0,0.0,5.901060070671378,0.855094726062468,2578.41064453125,-12402322432.0,283.0,0.0,0.0,0.0,1.0,1.0
31228106.0,0.022714588791131973,8.436994552612305,0.0,16.690000534057617,0.010923932306468487,74.30278778076172,0.845213849287169,0.0,0.0,0.0,5.886524822695035,0.854788877445932,2459.174072265625,-13936103424.0,282.0,0.0,0.0,0.0,1.0,1.0
63389080.0,0.02276260405778885,8.520273208618164,0.0,16.709999084472656,0.01286603044718504,101.11444854736328,0.8140243902439024,0.0,0.0,0.0,4.564102564102564,0.8202764976958525,2303.8251953125,-27687131136.0,351.0,0.0,0.0,0.0,1.0,1.0
33496328.0,0.02279360219836235,8.476107597351074,0.0,16.829999923706055,0.014685764908790588,95.53788757324219,0.8125960061443932,0.0,0.0,0.0,4.573487031700288,0.8205791106514995,2450.004150390625,-15314668544.0,347.0,0.0,0.0,0.0,1.0,1.0
38124396.0,0.022030966356396675,8.58935260772705,0.0,15.0600004196167,0.011445306241512299,101.94625091552734,0.8150051387461459,0.0,0.0,0.0,4.5706051873198845,0.8204862907397827,2387.942626953125,-15889389056.0,347.0,0.0,0.0,0.0,1.0,1.0
31794222.0,0.022610800340771675,7.922834396362305,0.0,13.699999809265137,0.013825919479131699,96.57888793945312,0.8368502316006176,0.0,0.0,0.0,5.348684210526316,0.8424870466321244,2080.88818359375,-13838576128.0,304.0,0.0,0.0,0.0,1.0,1.0
32255076.0,0.02244838885962963,8.413951873779297,0.0,14.680000305175781,0.012565474025905132,104.06928253173828,0.8392857142857143,0.0,0.0,0.0,5.501672240802676,0.8461934156378601,2235.970947265625,-12512130048.0,299.0,0.0,0.0,0.0,1.0,1.0
33840984.0,0.022716056555509567,8.178668022155762,0.0,16.06999969482422,0.014850791543722153,88.712158203125,0.835030549898167,0.0,0.0,0.0,5.307443365695793,0.8414571575166753,2545.30517578125,-13749187072.0,309.0,0.0,0.0,0.0,1.0,1.0
37995404.0,0.02234012633562088,8.305593490600586,0.0,15.859999656677246,0.015215420164167881,91.8158187866211,0.8426680244399185,0.0,0.0,0.0,5.667808219178082,0.8500256805341551,2110.16845703125,-16812762112.0,292.0,0.0,0.0,0.0,1.0,1.0
40938372.0,0.02257455326616764,8.227553367614746,0.0,16.540000915527344,0.01705605536699295,84.38778686523438,0.8056410256410257,0.0,0.0,0.0,4.327823691460055,0.812306101344364,2211.000732421875,-21002819584.0,363.0,0.0,0.0,0.0,1.0,1.0
38316532.0,0.022560076788067818,8.311532974243164,0.0,14.850000381469727,0.014533612877130508,100.37596893310547,0.8488549618320611,0.0,0.0,0.0,5.852631578947369,0.8540706605222734,2250.0927734375,-15680705536.0,285.0,0.0,0.0,0.0,1.0,1.0
40112184.0,0.022632760927081108,8.311448097229004,0.0,17.43000030517578,0.016393324360251427,80.56305694580078,0.8057702215352911,0.0,0.0,0.0,4.238482384823849,0.8091050181065701,2443.14404296875,-18303444992.0,369.0,0.0,0.0,0.0,1.0,1.0
56935756.0,0.022692034021019936,8.100726127624512,0.0,18.260000228881836,0.013448416255414486,112.7909164428711,0.8309644670050761,0.0,0.0,0.0,5.16403785488959,0.8377686796315251,2296.36328125,-20603382784.0,317.0,0.0,0.0,0.0,1.0,1.0
35127684.0,0.022715963423252106,8.3972749710083,0.0,16.850000381469727,0.014254512265324593,80.92412567138672,0.8238897396630934,0.0,0.0,0.0,4.996904024767802,0.8332472896231286,2145.300537109375,-14560841216.0,323.0,0.0,0.0,0.0,1.0,1.0
55005380.0,0.02252851240336895,8.106966972351074,0.0,14.859999656677246,0.014718080870807171,82.24148559570312,0.8353846153846154,0.0,0.0,0.0,5.394039735099338,0.84360435007768,2158.9501953125,-21422160896.0,302.0,0.0,0.0,0.0,1.0,1.0
37438924.0,0.022469203919172287,8.00941276550293,0.0,15.5,0.014688427560031414,81.99864196777344,0.8365679264555669,0.0,0.0,0.0,5.515151515151516,0.8465116279069768,2543.919921875,-13656622592.0,297.0,0.0,0.0,0.0,1.0,1.0
28656988.0,0.02202107198536396,8.181772232055664,0.0,14.359999656677246,0.01576719619333744,73.84994506835938,0.8181347150259067,0.0,0.0,0.0,4.657817109144543,0.8232533889468197,2355.48779296875,-14385937920.0,339.0,0.0,0.0,0.0,1.0,1.0
32788336.0,0.021898113191127777,8.055154800415039,0.0,14.84000015258789,0.014739413745701313,86.35433959960938,0.8507386653082017,0.0,0.0,0.0,5.943060498220641,0.8559712967708867,2299.123779296875,-13775058944.0,281.0,0.0,0.0,0.0,1.0,1.0
50197120.0,0.02259913645684719,8.021055221557617,0.0,16.329999923706055,0.015141521580517292,99.16635131835938,0.8302752293577982,0.0,0.0,0.0,5.090625,0.8358132375577219,2358.259521484375,-18279187968.0,320.0,0.0,0.0,0.0,1.0,1.0
38154108.0,0.02271682769060135,7.931247711181641,0.0,15.5600004196167,0.01251561101526022,62.57373809814453,0.842937276899541,0.0,0.0,0.0,5.680412371134021,0.8503086419753086,2097.6552734375,-13797850624.0,291.0,0.0,0.0,0.0,1.0,1.0
25113746.0,0.022379333153367043,7.866202354431152,0.0,13.670000076293945,0.011373911052942276,72.0627670288086,0.8571428571428571,0.0,0.0,0.0,6.338345864661654,0.8637295081967213,2296.822265625,-11072956160.0,266.0,0.0,0.0,0.0,1.0,1.0
43066968.0,0.022205427289009094,8.04374885559082,0.0,16.34000015258789,0.014148371294140816,96.10541534423828,0.8405501782985226,0.0,0.0,0.0,5.5369127516778525,0.8470225872689938,2091.830078125,-13360622592.0,298.0,0.0,0.0,0.0,1.0,1.0
44916788.0,0.022249367088079453,8.10558795928955,0.0,14.420000076293945,0.011491479352116585,88.55734252929688,0.8492307692307692,0.0,0.0,0.0,6.0,0.8571428571428571,2236.189697265625,-17533249024.0,276.0,0.0,0.0,0.0,1.0,1.0
30642246.0,0.021576670929789543,7.970773220062256,0.0,14.630000114440918,0.011576556600630283,89.65534973144531,0.8651399491094147,0.0,0.0,0.0,6.8,0.8717948717948718,2214.995361328125,-13233713664.0,250.0,0.0,0.0,0.0,1.0,1.0
33812968.0,0.021803714334964752,7.720664024353027,0.0,13.829999923706055,0.012922734022140503,84.98613739013672,0.8682051282051282,0.0,0.0,0.0,6.967078189300412,0.8744834710743802,2206.560791015625,-14467287040.0,243.0,0.0,0.0,0.0,1.0,1.0
29904390.0,0.022318467497825623,7.792182445526123,0.0,14.859999656677246,0.015744483098387718,98.47061157226562,0.8418341061308604,0.0,0.0,0.0,5.693379790940766,0.8505986465382613,2075.194091796875,-11353539072.0,287.0,0.0,0.0,0.0,1.0,1.0
23704232.0,0.022118737921118736,7.926656723022461,0.0,13.640000343322754,0.014061134308576584,86.98601531982422,0.8452075858534085,0.0,0.0,0.0,5.806338028169014,0.8530781169167098,2357.6591796875,-10057734144.0,284.0,0.0,0.0,0.0,1.0,1.0
40076820.0,0.022091586142778397,7.918078422546387,0.0,14.789999961853027,0.014150450937449932,84.93131256103516,0.8219461697722568,0.0,0.0,0.0,4.841463414634147,0.8288100208768268,1946.6026611328125,-17520147968.0,328.0,0.0,0.0,0.0,1.0,1.0
34660620.0,0.02213730663061142,8.322502136230469,0.0,16.06999969482422,0.009795733727514744,83.94825744628906,0.8375893769152196,0.0,0.0,0.0,5.342019543973941,0.842321520287622,2277.147216796875,-15792089600.0,307.0,0.0,0.0,0.0,1.0,1.0
20941688.0,0.022146165370941162,7.979031562805176,0.0,12.369999885559082,0.011122318916022778,85.63397979736328,0.8518708354689902,0.0,0.0,0.0,6.021739130434782,0.8575851393188855,2204.407470703125,-11291460608.0,276.0,0.0,0.0,0.0,1.0,1.0
36326488.0,0.022048654034733772,8.01354694366455,0.0,14.529999732971191,0.014238066039979458,79.45818328857422,0.8297546012269938,0.0,0.0,0.0,5.218649517684887,0.8391933815925543,2370.847900390625,-15086528000.0,311.0,0.0,0.0,0.0,1.0,1.0
29969640.0,0.022002823650836945,7.8802690505981445,0.0,15.300000190734863,0.014022148214280605,97.84890747070312,0.8350357507660878,0.0,0.0,0.0,5.360655737704918,0.8427835051546392,2231.03173828125,-11936213504.0,305.0,0.0,0.0,0.0,1.0,1.0
35135456.0,0.02175452746450901,7.958172798156738,0.0,14.9399995803833,0.012311112135648727,93.00273132324219,0.8608430675469781,0.0,0.0,0.0,6.569767441860465,0.8678955453149002,2333.015625,-13731583488.0,258.0,0.0,0.0,0.0,1.0,1.0
37004856.0,0.022369608283042908,7.981306552886963,0.0,14.069999694824219,0.012154211290180683,84.02530670166016,0.8480818414322251,0.0,0.0,0.0,5.900355871886121,0.8550799381124291,2192.332763671875,-14937209856.0,281.0,0.0,0.0,0.0,1.0,1.0
39601388.0,0.02223493531346321,8.009191513061523,0.0,15.890000343322754,0.01202897448092699,103.11823272705078,0.8172484599589322,0.0,0.0,0.0,4.696165191740413,0.8244432936302434,2128.941650390625,-17157221376.0,339.0,0.0,0.0,0.0,1.0,1.0
26747504.0,0.022227736189961433,7.644814491271973,0.0,13.930000305175781,0.011849869042634964,78.52986145019531,0.846233230134159,0.0,0.0,0.0,5.616438356164384,0.8488612836438924,2496.9736328125,-11153253120.0,292.0,0.0,0.0,0.0,1.0,1.0
36363868.0,0.021777909249067307,7.846380233764648,0.0,14.300000190734863,0.012068307027220726,74.89631652832031,0.8553234844625573,0.0,0.0,0.0,6.264925373134329,0.8623523369286081,2614.5732421875,-14257382400.0,268.0,0.0,0.0,0.0,1.0,1.0
37886896.0,0.021887773647904396,7.918295860290527,0.0,13.520000457763672,0.01436944492161274,83.92158508300781,0.8607015760040672,0.0,0.0,0.0,6.388679245283019,0.8646578140960164,2282.6640625,-15472536576.0,265.0,0.0,0.0,0.0,1.0,1.0
36623996.0,0.02244657836854458,8.001331329345703,0.0,16.290000915527344,0.011958031915128231,76.96249389648438,0.8233502538071066,0.0,0.0,0.0,4.990769230769231,0.8330765279917822,2116.82958984375,-13234404352.0,325.0,0.0,0.0,0.0,1.0,1.0
28718364.0,0.02283329702913761,7.758872032165527,0.0,14.460000038146973,0.012945350259542465,82.71739959716797,0.849406910778752,0.0,0.0,0.0,5.989090909090909,0.8569198751300728,2268.5810546875,-13013068800.0,275.0,0.0,0.0,0.0,1.0,1.0
30878136.0,0.022112762555480003,7.8106369972229,0.0,17.65999984741211,0.011416120454668999,84.55757904052734,0.8373035985808414,0.0,0.0,0.0,5.525083612040134,0.8467452588416197,2341.355712890625,-11346672640.0,299.0,0.0,0.0,0.0,1.0,1.0
40207160.0,0.022717943415045738,8.121520042419434,0.0,16.06999969482422,0.013828026130795479,75.13211822509766,0.837782340862423,0.0,0.0,0.0,5.350819672131148,0.8425400103252452,2088.7724609375,-14919059456.0,305.0,0.0,0.0,0.0,1.0,1.0
35216864.0,0.02130245603621006,7.841701507568359,0.0,13.380000114440918,0.015076888725161552,68.93112182617188,0.867247565351102,0.0,0.0,0.0,6.878048780487805,0.8730650154798761,2206.309326171875,-15351155712.0,246.0,0.0,0.0,0.0,1.0,1.0
24170944.0,0.022151514887809753,7.553396224975586,0.0,14.670000076293945,0.014737199060618877,75.94084930419922,0.8431069958847737,0.0,0.0,0.0,5.555932203389831,0.8474663908996898,2280.440185546875,-10672309760.0,295.0,0.0,0.0,0.0,1.0,1.0
23818852.0,0.02233211323618889,7.863155364990234,0.0,14.1899995803833,0.014299510046839714,85.73761749267578,0.8718466195761857,0.0,0.0,0.0,7.48051948051948,0.8820826952526799,2193.805419921875,-10743235840.0,231.0,0.0,0.0,0.0,1.0,1.0
34407640.0,0.021752476692199707,7.860268592834473,0.0,13.010000228881836,0.013705212622880936,71.12760925292969,0.8633350331463538,0.0,0.0,0.0,6.61328125,0.8686505900461775,2394.9716796875,-15373474304.0,256.0,0.0,0.0,0.0,1.0,1.0
28172872.0,0.021357640624046326,7.904694080352783,0.0,16.459999084472656,0.012651895172894001,74.1279067993164,0.8433367243133265,0.0,0.0,0.0,5.858657243816254,0.854198866563627,2393.803955078125,-10154808320.0,283.0,0.0,0.0,0.0,1.0,1.0
28944944.0,0.021864943206310272,7.670472621917725,0.0,14.3100004196167,0.012753743678331375,69.56269836425781,0.8646044624746451,0.0,0.0,0.0,6.875,0.873015873015873,2313.387451171875,-13670703104.0,248.0,0.0,0.0,0.0,1.0,1.0
21714954.0,0.02223457768559456,7.93989372253418,0.0,14.0600004196167,0.014040235430002213,73.30841064453125,0.8474142345110087,0.0,0.0,0.0,5.746527777777778,0.851775604734946,2667.049560546875,-13474679808.0,288.0,0.0,0.0,0.0,1.0,1.0
24371382.0,0.021498534828424454,7.778425693511963,0.0,15.920000076293945,0.013085738755762577,81.34229278564453,0.8437180796731358,0.0,0.0,0.0,5.6,0.8484848484848485,2283.70751953125,-9901146624.0,295.0,0.0,0.0,0.0,1.0,1.0
34029256.0,0.0227823406457901,7.399387359619141,0.0,15.899999618530273,0.014826817438006401,87.89746856689453,0.8408744280630401,0.0,0.0,0.0,5.72318339100346,0.8512609366958311,2763.797119140625,-11289352192.0,289.0,0.0,0.0,0.0,1.0,1.0
27402874.0,0.0219386238604784,7.382094860076904,0.0,13.699999809265137,0.012784255668520927,69.9537353515625,0.8382126348228043,0.0,0.0,0.0,5.476510067114094,0.8455958549222798,2635.847412109375,-11670572032.0,298.0,0.0,0.0,0.0,1.0,1.0
40472900.0,0.02247845195233822,7.493241786956787,0.0,16.149999618530273,0.015217340551316738,76.43052673339844,0.7950025497195309,0.0,0.0,0.0,4.0811518324607325,0.8031942297784647,2059.9453125,-14936105472.0,382.0,0.0,0.0,0.0,1.0,1.0
27656576.0,0.022066723555326462,7.5712385177612305,0.0,14.279999732971191,0.014937277883291245,56.712886810302734,0.8469750889679716,0.0,0.0,0.0,5.9928057553956835,0.8569958847736625,2206.203125,-10029550848.0,278.0,0.0,0.0,0.0,1.0,1.0
24926616.0,0.021464450284838676,7.329930305480957,0.0,11.800000190734863,0.013807205483317375,62.78024673461914,0.8657171922685656,0.0,0.0,0.0,7.151260504201681,0.877319587628866,2239.714111328125,-11133553664.0,238.0,0.0,0.0,0.0,1.0,1.0
34246772.0,0.02192232571542263,7.596100330352783,0.0,16.219999313354492,0.014321099035441875,72.94244384765625,0.7981510015408321,0.0,0.0,0.0,4.2228260869565215,0.8085327783558793,2051.406494140625,-12157814272.0,368.0,0.0,0.0,0.0,1.0,1.0
24099764.0,0.021659662947058678,7.453217029571533,0.0,14.729999542236328,0.011959228664636612,74.36676025390625,0.8626653102746694,0.0,0.0,0.0,6.677165354330708,0.8697435897435898,2530.251953125,-11075470080.0,254.0,0.0,0.0,0.0,1.0,1.0
27031130.0,0.022017067298293114,7.053189277648926,0.0,13.4399995803833,0.012657690793275833,86.50910186767578,0.8759493670886076,0.0,0.0,0.0,7.489177489177489,0.8822029576746558,2125.01220703125,-9827591168.0,231.0,0.0,0.0,0.0,1.0,1.0
36490848.0,0.022527974098920822,7.555204391479492,0.0,18.469999313354492,0.014037888497114182,85.27749633789062,0.8073022312373225,0.0,0.0,0.0,4.509915014164306,0.8185089974293059,2053.27783203125,-15380258816.0,353.0,0.0,0.0,0.0,1.0,1.0
42747336.0,0.021904749795794487,7.5837531089782715,0.0,17.389999389648438,0.014357934705913067,71.01911163330078,0.840161861406171,0.0,0.0,0.0,5.611486486486487,0.8487480838017374,2030.3212890625,-16013922816.0,296.0,0.0,0.0,0.0,1.0,1.0
27035248.0,0.021496903151273727,7.563449859619141,0.0,13.75,0.01355194952338934,84.68347930908203,0.8575102880658436,0.0,0.0,0.0,6.411538461538462,0.8650752464971458,2399.351318359375,-10193424640.0,260.0,0.0,0.0,0.0,1.0,1.0
24469954.0,0.021303782239556313,7.7615814208984375,0.0,13.869999885559082,0.011390913277864456,53.95183181762695,0.8686765457332652,0.0,0.0,0.0,6.9105691056910565,0.8735868448098664,2309.89990234375,-9225885184.0,246.0,0.0,0.0,0.0,1.0,1.0
24781744.0,0.021597377955913544,7.479022979736328,0.0,12.520000457763672,0.010135265067219734,65.623046875,0.8673155737704918,0.0,0.0,0.0,6.910204081632653,0.8735810113519091,2711.825927734375,-10086073344.0,245.0,0.0,0.0,0.0,1.0,1.0
17639224.0,0.021405305713415146,7.689862251281738,0.0,11.789999961853027,0.013118003495037556,60.99745559692383,0.8737913486005089,0.0,0.0,0.0,7.432900432900433,0.8814168377823408,2192.615234375,-7689586176.0,231.0,0.0,0.0,0.0,1.0,1.0
28318712.0,0.021420923992991447,7.724290370941162,0.0,12.140000343322754,0.014335956424474716,64.83108520507812,0.8380462724935732,0.0,0.0,0.0,5.3618421052631575,0.8428128231644261,2667.1376953125,-14310528512.0,304.0,0.0,0.0,0.0,1.0,1.0
34966696.0,0.021807638928294182,7.2784271240234375,0.0,14.369999885559082,0.014969827607274055,65.51722717285156,0.8508905852417303,0.0,0.0,0.0,5.866666666666666,0.8543689320388349,2242.98583984375,-15209589760.0,285.0,0.0,0.0,0.0,1.0,1.0
27024488.0,0.021674402058124542,7.7996931076049805,0.0,14.0,0.013509050942957401,54.847904205322266,0.861734693877551,0.0,0.0,0.0,6.4465648854961835,0.8657098923628909,2363.5185546875,-10934248704.0,262.0,0.0,0.0,0.0,1.0,1.0
24805254.0,0.021968228742480278,7.410928249359131,0.0,14.760000228881836,0.014981796033680439,60.80451965332031,0.8381147540983607,0.0,0.0,0.0,5.417218543046357,0.8441692466460269,2283.22265625,-10883667968.0,302.0,0.0,0.0,0.0,1.0,1.0
27242964.0,0.021900145336985588,7.239887237548828,0.0,14.619999885559082,0.011665401048958302,61.15531539916992,0.8525252525252526,0.0,0.0,0.0,6.322097378277154,0.8634271099744245,2487.087890625,-10006770944.0,267.0,0.0,0.0,0.0,1.0,1.0
20238562.0,0.02202548459172249,7.402252197265625,0.0,13.5600004196167,0.014502974227070808,82.47786712646484,0.861858811579482,0.0,0.0,0.0,6.40377358490566,0.8649337410805301,1938.75341796875,-8555723264.0,265.0,0.0,0.0,0.0,1.0,1.0
25031408.0,0.021921925246715546,7.264833927154541,0.0,13.960000038146973,0.015123029239475727,74.25625610351562,0.8436863543788188,0.0,0.0,0.0,5.579124579124579,0.8480040941658137,2546.429931640625,-11474727680.0,297.0,0.0,0.0,0.0,1.0,1.0
23722920.0,0.02220851741731167,7.40283203125,0.0,18.329999923706055,0.011891482397913933,53.550987243652344,0.8253807106598985,0.0,0.0,0.0,4.987730061349693,0.8329918032786885,2394.825927734375,-9216189440.0,326.0,0.0,0.0,0.0,1.0,1.0
19378590.0,0.022502245381474495,6.9194111824035645,0.0,14.8100004196167,0.015175054781138897,58.67698669433594,0.8594704684317719,0.0,0.0,0.0,6.322097378277154,0.8634271099744245,2274.044921875,-8451284736.0,267.0,0.0,0.0,0.0,1.0,1.0
21817286.0,0.0208857711404562,7.349358081817627,0.0,13.229999542236328,0.01206270232796669,87.23587036132812,0.852685421994885,0.0,0.0,0.0,6.106227106227106,0.8592783505154639,2235.62451171875,-11270206208.0,273.0,0.0,0.0,0.0,1.0,1.0
17710338.0,0.021494794636964798,7.7937493324279785,0.0,11.239999771118164,0.013819714076817036,74.33740997314453,0.8718605843157355,0.0,0.0,0.0,6.858870967741935,0.8727552591072345,2145.593017578125,-10692495104.0,248.0,0.0,0.0,0.0,1.0,1.0
28404296.0,0.0210606437176466,7.469537734985352,0.0,11.760000228881836,0.012552648782730103,63.16546630859375,0.880346232179226,0.0,0.0,0.0,7.616740088105727,0.8839468302658486,2457.322265625,-11446287616.0,227.0,0.0,0.0,0.0,1.0,1.0
24246042.0,0.021559273824095726,7.2324371337890625,0.0,13.529999732971191,0.013825147412717342,69.85073852539062,0.8485005170630817,0.0,0.0,0.0,5.757894736842105,0.8520249221183801,2508.564453125,-11741754624.0,285.0,0.0,0.0,0.0,1.0,1.0
23398528.0,0.021746769547462463,7.5575852394104,0.0,12.890000343322754,0.014507298357784748,65.61874389648438,0.8608829568788501,0.0,0.0,0.0,6.762096774193548,0.8711688311688311,2056.774658203125,-11042480128.0,248.0,0.0,0.0,0.0,1.0,1.0
20723906.0,0.02125726453959942,6.989565372467041,0.0,13.510000228881836,0.012841349467635155,59.30137634277344,0.8887765419615774,0.0,0.0,0.0,8.29245283018868,0.8923857868020305,2365.914306640625,-8137363712.0,212.0,0.0,0.0,0.0,1.0,1.0
26866842.0,0.02160869911313057,7.332408905029297,0.0,14.380000114440918,0.015324544161558151,51.83860778808594,0.8614916286149162,0.0,0.0,0.0,6.68503937007874,0.8698770491803278,2137.271240234375,-10300670976.0,254.0,0.0,0.0,0.0,1.0,1.0
21309724.0,0.021666090935468674,7.349005699157715,0.0,12.829999923706055,0.013225030153989792,67.86791229248047,0.8683673469387755,0.0,0.0,0.0,6.808,0.8719262295081968,2314.546142578125,-8560224512.0,250.0,0.0,0.0,0.0,1.0,1.0
32235060.0,0.021707620471715927,7.115078926086426,0.0,14.59000015258789,0.01548890583217144,62.6142578125,0.859026369168357,0.0,0.0,0.0,6.465648854961832,0.8660531697341514,2226.71142578125,-13161936384.0,262.0,0.0,0.0,0.0,1.0,1.0
28824668.0,0.021293852478265762,6.919705390930176,0.0,14.359999656677246,0.0134255550801754,73.45388793945312,0.8547314578005115,0.0,0.0,0.0,6.258426966292135,0.8622291021671826,2357.32470703125,-11430204160.0,267.0,0.0,0.0,0.0,1.0,1.0
14660517.0,0.02156987227499485,7.257184028625488,0.0,11.800000190734863,0.010973195545375347,62.58665084838867,0.8687022900763359,0.0,0.0,0.0,6.910931174089069,0.8735926305015353,2567.498779296875,-7326237440.0,247.0,0.0,0.0,0.0,1.0,1.0
20082114.0,0.02156505547463894,6.989052772521973,0.0,13.619999885559082,0.012950868345797062,51.55646514892578,0.8487009679062659,0.0,0.0,0.0,5.95,0.8561151079136691,2331.16064453125,-8301417984.0,280.0,0.0,0.0,0.0,1.0,1.0
25157404.0,0.02131096087396145,7.164801120758057,0.0,15.59000015258789,0.01595747098326683,55.47388458251953,0.8571428571428571,0.0,0.0,0.0,6.362264150943396,0.8641722193746797,2374.88671875,-8759872768.0,265.0,0.0,0.0,0.0,1.0,1.0
30642276.0,0.021504323929548264,7.4592604637146,0.0,13.760000228881836,0.014256251975893974,53.74568176269531,0.872264631043257,0.0,0.0,0.0,7.387931034482759,0.880781089414183,2351.799560546875,-10082216960.0,232.0,0.0,0.0,0.0,1.0,1.0
19578094.0,0.021244322881102562,7.203922748565674,0.0,13.0,0.013458732515573502,70.66468811035156,0.8667687595712098,0.0,0.0,0.0,6.902439024390244,0.8734567901234568,2287.341796875,-9071963904.0,246.0,0.0,0.0,0.0,1.0,1.0
18595730.0,0.02085280418395996,7.259659290313721,0.0,11.34000015258789,0.009863012470304966,66.0162582397461,0.8716387620497209,0.0,0.0,0.0,7.128630705394191,0.8769780500255232,2480.88037109375,-9013873152.0,241.0,0.0,0.0,0.0,1.0,1.0
22131960.0,0.021667810156941414,7.185245513916016,0.0,15.40999984741211,0.014264613389968872,57.40727233886719,0.8709677419354839,0.0,0.0,0.0,7.291139240506329,0.8793893129770992,2137.228271484375,-9124286208.0,237.0,0.0,0.0,0.0,1.0,1.0
18357828.0,0.02195909433066845,7.1530866622924805,0.0,14.260000228881836,0.014959852211177349,72.0547866821289,0.8306288032454361,0.0,0.0,0.0,5.150943396226415,0.8374233128834356,1959.0601806640625,-8999296768.0,318.0,0.0,0.0,0.0,1.0,1.0
20053050.0,0.02114632911980152,6.909139633178711,0.0,13.930000305175781,0.013458971865475178,68.15381622314453,0.8560567663456665,0.0,0.0,0.0,6.325842696629214,0.8634969325153374,2730.00927734375,-7633031936.0,267.0,0.0,0.0,0.0,1.0,1.0
22772672.0,0.0213444996625185,7.084051132202148,0.0,12.710000038146973,0.013774780556559563,78.78096008300781,0.8746829020801623,0.0,0.0,0.0,7.336170212765958,0.8800408371618172,2193.091796875,-8570492416.0,235.0,0.0,0.0,0.0,1.0,1.0
18779842.0,0.021767567843198776,7.154029369354248,0.0,10.869999885559082,0.010963588021695614,70.99849700927734,0.8657786885245902,0.0,0.0,0.0,6.983471074380165,0.8747412008281573,2316.305908203125,-10035411712.0,242.0,0.0,0.0,0.0,1.0,1.0
14189046.0,0.021260755136609077,7.135114669799805,0.0,14.039999961853027,0.012258108705282211,75.3765869140625,0.8660578386605784,0.0,0.0,0.0,7.053719008264463,0.8758337609030272,2329.89794921875,-6978007296.0,242.0,0.0,0.0,0.0,1.0,1.0
24410962.0,0.021403169259428978,6.745781421661377,0.0,12.0,0.01211067009717226,50.523712158203125,0.8476141611082606,0.0,0.0,0.0,5.9,0.855072463768116,2229.46142578125,-12037035776.0,280.0,0.0,0.0,0.0,1.0,1.0
32540344.0,0.02205776609480381,7.145383834838867,0.0,14.550000190734863,0.015233342535793781,60.44389343261719,0.8615071283095723,0.0,0.0,0.0,6.583657587548638,0.8681375064135454,2100.6708984375,-11587243776.0,257.0,0.0,0.0,0.0,1.0,1.0
38562468.0,0.021366329863667488,7.134163856506348,0.0,13.979999542236328,0.015248977579176426,53.59098815917969,0.8374936321956189,0.0,0.0,0.0,5.48,0.845679012345679,2039.09375,-12919108096.0,300.0,0.0,0.0,0.0,1.0,1.0
27803566.0,0.021518636494874954,7.179210662841797,0.0,12.9399995803833,0.01311477180570364,77.43011474609375,0.8712972420837589,0.0,0.0,0.0,7.198312236286919,0.8780236747297993,2051.671630859375,-10049944064.0,237.0,0.0,0.0,0.0,1.0,1.0
18872698.0,0.021114148199558258,6.880491733551025,0.0,11.710000038146973,0.012091333046555519,58.59171676635742,0.8784951703101169,0.0,0.0,0.0,7.578947368421052,0.8834355828220859,2351.78564453125,-8527384320.0,228.0,0.0,0.0,0.0,1.0,1.0
28925576.0,0.020958974957466125,6.911668300628662,0.0,13.970000267028809,0.013121949508786201,72.44790649414062,0.8523421588594705,0.0,0.0,0.0,6.177121771217712,0.860668380462725,2353.26318359375,-11084002816.0,271.0,0.0,0.0,0.0,1.0,1.0
18954170.0,0.021803557872772217,7.066112041473389,0.0,12.59000015258789,0.01310269720852375,56.97532653808594,0.8901821862348178,0.0,0.0,0.0,8.795,0.8979070954568658,2582.701416015625,-7598108672.0,200.0,0.0,0.0,0.0,1.0,1.0
20699678.0,0.020694000646471977,7.1620025634765625,0.0,12.800000190734863,0.011994739063084126,72.67089080810547,0.8598369011213048,0.0,0.0,0.0,6.58984375,0.8682449819866186,2025.38671875,-9351755264.0,256.0,0.0,0.0,0.0,1.0,1.0
22205340.0,0.02102813497185707,6.966792106628418,0.0,12.960000038146973,0.013295224867761135,54.71500015258789,0.8715596330275229,0.0,0.0,0.0,7.037037037037037,0.8755760368663594,2315.66357421875,-9145818624.0,243.0,0.0,0.0,0.0,1.0,1.0
28431686.0,0.021162932738661766,6.6982855796813965,0.0,14.170000076293945,0.012759468518197536,66.43252563476562,0.8593272171253823,0.0,0.0,0.0,6.362264150943396,0.8641722193746797,2621.166748046875,-10698881536.0,265.0,0.0,0.0,0.0,1.0,1.0
19007658.0,0.02172848768532276,6.751934051513672,0.0,13.789999961853027,0.011643030680716038,58.26152801513672,0.8813131313131313,0.0,0.0,0.0,7.790178571428571,0.8862366683595734,2566.2646484375,-9575433216.0,224.0,0.0,0.0,0.0,1.0,1.0
25272522.0,0.021627435460686684,7.060698986053467,0.0,13.430000305175781,0.010702893137931824,56.64033508300781,0.8596222562531904,0.0,0.0,0.0,6.552529182879377,0.8675940236991242,2474.607421875,-9521641216.0,257.0,0.0,0.0,0.0,1.0,1.0
20620208.0,0.021075237542390823,6.95128059387207,0.0,11.880000114440918,0.013859288766980171,78.51910400390625,0.8629156010230179,0.0,0.0,0.0,6.66798418972332,0.8695876288659794,1983.59521484375,-9347915008.0,253.0,0.0,0.0,0.0,1.0,1.0
20769606.0,0.020637063309550285,6.8361496925354,0.0,12.319999694824219,0.014092992059886456,41.52633285522461,0.8813645621181263,0.0,0.0,0.0,8.126760563380282,0.8904320987654321,2489.892333984375,-8873874176.0,213.0,0.0,0.0,0.0,1.0,1.0
23059948.0,0.020860236138105392,6.6866302490234375,0.0,13.3100004196167,0.014376061037182808,54.02664566040039,0.8884964682139254,0.0,0.0,0.0,8.306603773584905,0.8925494171312722,2087.23681640625,-9932928256.0,212.0,0.0,0.0,0.0,1.0,1.0
23705124.0,0.021136589348316193,6.7605671882629395,0.0,14.029999732971191,0.01544809341430664,39.22727584838867,0.8734817813765182,0.0,0.0,0.0,7.537117903930131,0.8828644501278773,2360.1669921875,-11210413056.0,229.0,0.0,0.0,0.0,1.0,1.0
14879078.0,0.02109862118959427,6.805868148803711,0.0,13.600000381469727,0.011521654203534126,59.38574981689453,0.871938775510204,0.0,0.0,0.0,7.303418803418803,0.8795676788471436,2407.86083984375,-6649825536.0,234.0,0.0,0.0,0.0,1.0,1.0
17458212.0,0.02106139250099659,7.090229034423828,0.0,12.270000457763672,0.011575620621442795,62.88945770263672,0.8766066838046273,0.0,0.0,0.0,7.349137931034483,0.8802271553949407,2283.6474609375,-8313563392.0,232.0,0.0,0.0,0.0,1.0,1.0
22383918.0,0.020915331318974495,7.061098098754883,0.0,12.09000015258789,0.012859930284321308,58.92334747314453,0.8772196854388635,0.0,0.0,0.0,7.517391304347826,0.8825931597753957,2267.93212890625,-9264244224.0,230.0,0.0,0.0,0.0,1.0,1.0
22708186.0,0.02085205726325512,6.832104682922363,0.0,12.449999809265137,0.013269053772091866,57.21920394897461,0.8923698837796867,0.0,0.0,0.0,8.874371859296483,0.8987277353689568,2580.703857421875,-8560368128.0,199.0,0.0,0.0,0.0,1.0,1.0
17220434.0,0.021573850885033607,6.6323323249816895,0.0,12.789999961853027,0.014837384223937988,53.33095932006836,0.8755081300813008,0.0,0.0,0.0,7.270042194092827,0.8790816326530613,2592.450927734375,-6756366080.0,237.0,0.0,0.0,0.0,1.0,1.0
18082448.0,0.021432172507047653,6.9113335609436035,0.0,12.859999656677246,0.013355767354369164,50.1491813659668,0.8768447837150127,0.0,0.0,0.0,7.590308370044053,0.8835897435897436,2570.1943359375,-9151399168.0,227.0,0.0,0.0,0.0,1.0,1.0
19311930.0,0.02133350633084774,6.992109775543213,0.0,13.149999618530273,0.010679781436920166,52.51579284667969,0.869653767820774,0.0,0.0,0.0,7.02880658436214,0.8754484879548949,2270.242431640625,-8940190464.0,243.0,0.0,0.0,0.0,1.0,1.0
13776041.0,0.020868906751275063,6.752218723297119,0.0,10.949999809265137,0.01241228636354208,45.7751350402832,0.9001019367991845,0.0,0.0,0.0,9.597826086956522,0.9056410256410257,2526.1259765625,-6074600960.0,184.0,0.0,0.0,0.0,1.0,1.0
20037588.0,0.0210817139595747,6.725629806518555,0.0,12.84000015258789,0.015495683997869492,53.64300537109375,0.870162932790224,0.0,0.0,0.0,6.975510204081632,0.8746161719549642,2517.4453125,-8995138560.0,245.0,0.0,0.0,0.0,1.0,1.0
21818822.0,0.020816830918192863,6.68240213394165,0.0,12.449999809265137,0.011893692426383495,46.772098541259766,0.8716904276985743,0.0,0.0,0.0,7.045267489711934,0.8757033248081841,2033.8330078125,-10129503232.0,243.0,0.0,0.0,0.0,1.0,1.0
18315614.0,0.020474623888731003,6.500128269195557,0.0,11.5,0.013892550952732563,60.18348693847656,0.8933468765871001,0.0,0.0,0.0,8.665024630541872,0.8965341488277269,2423.8134765625,-7806371584.0,203.0,0.0,0.0,0.0,1.0,1.0
28317880.0,0.021344933658838272,7.1686320304870605,0.0,12.680000305175781,0.013199422508478165,60.04658889770508,0.8607723577235772,0.0,0.0,0.0,6.44106463878327,0.8656106285130302,2270.41357421875,-12052080128.0,263.0,0.0,0.0,0.0,1.0,1.0
25863500.0,0.021127421408891678,6.965528964996338,0.0,13.710000038146973,0.013521532528102398,53.76429748535156,0.8617021276595744,0.0,0.0,0.0,6.618677042801556,0.8687436159346271,2214.511474609375,-10150294528.0,257.0,0.0,0.0,0.0,1.0,1.0
28312130.0,0.021112332120537758,6.472018241882324,0.0,13.8100004196167,0.013263283297419548,57.0023193359375,0.8605356240525518,0.0,0.0,0.0,6.60077519379845,0.8684344722080571,2451.4033203125,-9899858688.0,258.0,0.0,0.0,0.0,1.0,1.0
16865348.0,0.021508341655135155,7.158355236053467,0.0,12.8100004196167,0.0129166841506958,73.73308563232422,0.8783715012722646,0.0,0.0,0.0,7.60352422907489,0.883768561187916,2448.47900390625,-7576634368.0,227.0,0.0,0.0,0.0,1.0,1.0
17702922.0,0.021448912099003792,6.688969135284424,0.0,12.180000305175781,0.013067065738141537,51.99913024902344,0.8918099089989889,0.0,0.0,0.0,8.909090909090908,0.8990825688073395,2649.66650390625,-7353113344.0,198.0,0.0,0.0,0.0,1.0,1.0
18975478.0,0.021064212545752525,6.855710506439209,0.0,11.649999618530273,0.015359812416136265,56.07353973388672,0.8687179487179487,0.0,0.0,0.0,7.177966101694915,0.877720207253886,2472.92041015625,-10741827072.0,236.0,0.0,0.0,0.0,1.0,1.0
19893990.0,0.021661721169948578,6.864691734313965,0.0,11.260000228881836,0.013403487391769886,51.57225036621094,0.8788962698007153,0.0,0.0,0.0,7.445887445887446,0.8815991799077396,2367.011474609375,-12250916352.0,231.0,0.0,0.0,0.0,1.0,1.0
16786224.0,0.021006310358643532,6.573094367980957,0.0,12.970000267028809,0.012722359038889408,57.15557098388672,0.8855116514690983,0.0,0.0,0.0,8.206572769953052,0.8913819479857216,2038.421630859375,-6675329536.0,213.0,0.0,0.0,0.0,1.0,1.0
20921506.0,0.021457843482494354,6.860173225402832,0.0,15.020000457763672,0.013008912093937397,53.73326110839844,0.8539553752535497,0.0,0.0,0.0,6.237037037037037,0.8618219037871033,2206.139404296875,-8501997568.0,270.0,0.0,0.0,0.0,1.0,1.0
15714012.0,0.020858822390437126,6.766744613647461,0.0,13.119999885559082,0.01252397894859314,54.68044662475586,0.8713123092573754,0.0,0.0,0.0,6.9918367346938775,0.8748723186925434,2381.922607421875,-7367755008.0,245.0,0.0,0.0,0.0,1.0,1.0
17743180.0,0.02023339457809925,6.553256034851074,0.0,11.550000190734863,0.013214590027928352,50.08946990966797,0.8806500761808025,0.0,0.0,0.0,8.102803738317757,0.8901437371663244,2450.3466796875,-8424338176.0,214.0,0.0,0.0,0.0,1.0,1.0
15069467.0,0.02057783678174019,6.604888916015625,0.0,10.210000038146973,0.015110854990780354,63.26065444946289,0.9041095890410958,0.0,0.0,0.0,10.241379310344827,0.911042944785276,2437.145263671875,-6560680704.0,174.0,0.0,0.0,0.0,1.0,1.0
14715158.0,0.020698079839348793,6.753705978393555,0.0,13.8100004196167,0.012446130625903606,45.924278259277344,0.8519083969465648,0.0,0.0,0.0,5.978571428571429,0.8567041965199591,2478.417236328125,-7389496064.0,280.0,0.0,0.0,0.0,1.0,1.0
21643668.0,0.020927665755152702,6.657742977142334,0.0,13.699999809265137,0.014924079179763794,47.027442932128906,0.8580183861082737,0.0,0.0,0.0,6.6141732283464565,0.8686659772492245,2490.991943359375,-8050561280.0,254.0,0.0,0.0,0.0,1.0,1.0
14811525.0,0.020333927124738693,6.438745498657227,0.0,11.779999732971191,0.013083906844258308,58.59505844116211,0.8934343434343435,0.0,0.0,0.0,8.889447236180905,0.8988821138211383,2177.5771484375,-6093398656.0,199.0,0.0,0.0,0.0,1.0,1.0
17434834.0,0.02072891965508461,6.563214302062988,0.0,12.270000457763672,0.014000434428453445,48.75789260864258,0.8803245436105477,0.0,0.0,0.0,7.647577092511013,0.8843606724401426,2365.007568359375,-11786042368.0,227.0,0.0,0.0,0.0,1.0,1.0
14944580.0,0.021051593124866486,6.651618003845215,0.0,11.149999618530273,0.013320235535502434,57.56111526489258,0.8770408163265306,0.0,0.0,0.0,7.506550218340611,0.8824435318275154,2527.749755859375,-8097393152.0,229.0,0.0,0.0,0.0,1.0,1.0
21758854.0,0.021000564098358154,6.539090633392334,0.0,11.779999732971191,0.012501025572419167,36.610103607177734,0.883756345177665,0.0,0.0,0.0,7.807174887892376,0.8864562118126272,2444.40380859375,-9940087040.0,223.0,0.0,0.0,0.0,1.0,1.0
16606024.0,0.0205683596432209,6.696834087371826,0.0,12.65999984741211,0.01400052197277546,59.93402862548828,0.8786952089704383,0.0,0.0,0.0,7.594713656387666,0.8836494105586878,2422.9501953125,-8316440064.0,227.0,0.0,0.0,0.0,1.0,1.0
22506096.0,0.02072054333984852,6.762026309967041,0.0,14.350000381469727,0.014800149947404861,53.114768981933594,0.8732894069944247,0.0,0.0,0.0,7.149377593360996,0.8772912423625254,2445.5322265625,-10547515392.0,241.0,0.0,0.0,0.0,1.0,1.0
19391968.0,0.0204638484865427,6.360135555267334,0.0,12.779999732971191,0.010978400707244873,57.66468048095703,0.864329268292683,0.0,0.0,0.0,6.64453125,0.8691875319366377,2239.324462890625,-9845639168.0,256.0,0.0,0.0,0.0,1.0,1.0
21574400.0,0.020711524412035942,6.515310764312744,0.0,12.550000190734863,0.012737666256725788,46.53850173950195,0.8584474885844748,0.0,0.0,0.0,6.482758620689655,0.8663594470046083,2222.62060546875,-11095188992.0,261.0,0.0,0.0,0.0,1.0,1.0
16275853.0,0.020735768601298332,6.454209804534912,0.0,10.59000015258789,0.012386086396872997,53.75181198120117,0.8872598584428716,0.0,0.0,0.0,8.162790697674419,0.8908629441624365,2355.615966796875,-6401005056.0,215.0,0.0,0.0,0.0,1.0,1.0
19582752.0,0.02086728624999523,6.363460063934326,0.0,12.90999984741211,0.013444704934954643,51.91426467895508,0.8614213197969544,0.0,0.0,0.0,6.734126984126984,0.870702924576706,2471.123779296875,-7697653760.0,252.0,0.0,0.0,0.0,1.0,1.0
19800418.0,0.02064463309943676,6.384382247924805,0.0,13.109999656677246,0.011467861011624336,54.73179244995117,0.8707551951343132,0.0,0.0,0.0,7.218487394957983,0.878323108384458,2342.88671875,-7560220416.0,238.0,0.0,0.0,0.0,1.0,1.0
19714292.0,0.02075166255235672,6.932445049285889,0.0,11.260000228881836,0.013913328759372234,50.546180725097656,0.8967611336032388,0.0,0.0,0.0,9.955056179775282,0.9087179487179488,2392.347900390625,-7765331456.0,178.0,0.0,0.0,0.0,1.0,1.0
19277974.0,0.021323146298527718,6.754139423370361,0.0,14.65999984741211,0.013192257843911648,51.5833625793457,0.8345213849287169,0.0,0.0,0.0,5.186708860759493,0.8383631713554988,2543.27099609375,-7773913600.0,316.0,0.0,0.0,0.0,1.0,1.0
26638976.0,0.021159112453460693,6.3303022384643555,0.0,16.65999984741211,0.013215000741183758,64.627685546875,0.8367243133265514,0.0,0.0,0.0,5.538720538720539,0.8470648815653965,2138.601806640625,-9744534272.0,297.0,0.0,0.0,0.0,1.0,1.0
14421883.0,0.020329421386122704,6.434543609619141,0.0,12.720000267028809,0.014303920790553093,36.4948844909668,0.8834262544348708,0.0,0.0,0.0,8.3,0.8924731182795699,2567.81787109375,-6159412480.0,210.0,0.0,0.0,0.0,1.0,1.0
20656744.0,0.020705271512269974,6.5321364402771,0.0,10.59000015258789,0.01427355408668518,45.09343338012695,0.8794506612410987,0.0,0.0,0.0,7.71875,0.8853046594982079,2393.866943359375,-11858755328.0,224.0,0.0,0.0,0.0,1.0,1.0
18354836.0,0.02114396169781685,6.316710948944092,0.0,12.210000038146973,0.012583466246724129,41.46748352050781,0.8711812627291242,0.0,0.0,0.0,6.871485943775101,0.8729591836734694,2450.97119140625,-8665296128.0,249.0,0.0,0.0,0.0,1.0,1.0
16602624.0,0.02126774936914444,6.241081714630127,0.0,11.15999984741211,0.013233191333711147,54.29100799560547,0.8811224489795918,0.0,0.0,0.0,7.744394618834081,0.8856410256410256,2691.127197265625,-6855892736.0,223.0,0.0,0.0,0.0,1.0,1.0
19137776.0,0.021047256886959076,6.535444259643555,0.0,14.680000305175781,0.013974305242300034,58.783447265625,0.850253807106599,0.0,0.0,0.0,6.068840579710145,0.858534085084572,2158.692626953125,-7670163200.0,276.0,0.0,0.0,0.0,1.0,1.0
17455206.0,0.02061622403562069,6.457231521606445,0.0,14.029999732971191,0.01129867136478424,69.06564331054688,0.8723404255319149,0.0,0.0,0.0,7.327659574468085,0.8799182422074604,2551.391845703125,-8392944896.0,235.0,0.0,0.0,0.0,1.0,1.0
17271434.0,0.020533554255962372,6.687726974487305,0.0,12.640000343322754,0.012282760813832283,43.83940505981445,0.8777160181910055,0.0,0.0,0.0,7.789237668161435,0.8862244897959184,2410.931640625,-5603694080.0,223.0,0.0,0.0,0.0,1.0,1.0
21275376.0,0.02066292054951191,6.601566314697266,0.0,13.890000343322754,0.013711090199649334,66.77643585205078,0.8611251900658895,0.0,0.0,0.0,6.63671875,0.8690537084398977,2748.33251953125,-9411865600.0,256.0,0.0,0.0,0.0,1.0,1.0
14807468.0,0.020635144785046577,6.371201038360596,0.0,12.380000114440918,0.012498283758759499,50.40692901611328,0.8781855249745159,0.0,0.0,0.0,7.590308370044053,0.8835897435897436,2415.541015625,-6298410496.0,227.0,0.0,0.0,0.0,1.0,1.0
44408176.0,0.02136916108429432,6.206579208374023,0.0,13.510000228881836,0.01392615307122469,45.55650329589844,0.8632004038364463,0.0,0.0,0.0,6.979591836734694,0.8746803069053708,2382.36279296875,-14969655296.0,245.0,0.0,0.0,0.0,1.0,1.0
20195912.0,0.02046404778957367,6.360280990600586,0.0,12.329999923706055,0.01227419450879097,45.05955505371094,0.866937531742001,0.0,0.0,0.0,6.910931174089069,0.8735926305015353,2329.522705078125,-8852825600.0,247.0,0.0,0.0,0.0,1.0,1.0
15790118.0,0.020691700279712677,6.600987434387207,0.0,11.90999984741211,0.012593511492013931,54.54829025268555,0.8790816326530613,0.0,0.0,0.0,7.691964285714286,0.8849512069851053,2599.29638671875,-7219640064.0,224.0,0.0,0.0,0.0,1.0,1.0
14208440.0,0.020335964858531952,6.487000942230225,0.0,12.529999732971191,0.012358920648694038,61.26350402832031,0.8798783578307147,0.0,0.0,0.0,7.75,0.8857142857142857,2276.658447265625,-6882820352.0,224.0,0.0,0.0,0.0,1.0,1.0
21042982.0,0.02114471234381199,6.459266185760498,0.0,12.520000457763672,0.013532166369259357,52.3434944152832,0.862086513994911,0.0,0.0,0.0,6.643137254901961,0.8691636736788096,2290.7373046875,-9401691648.0,255.0,0.0,0.0,0.0,1.0,1.0
21967000.0,0.020793089643120766,6.642571926116943,0.0,13.15999984741211,0.014673423022031784,37.889522552490234,0.860559796437659,0.0,0.0,0.0,6.65748031496063,0.8694087403598971,2217.746337890625,-8344004608.0,254.0,0.0,0.0,0.0,1.0,1.0
11480010.0,0.020121445879340172,6.160737991333008,0.0,10.289999961853027,0.015958912670612335,46.265724182128906,0.8852209243270696,0.0,0.0,0.0,8.069444444444445,0.889739663093415,2357.12646484375,-7813575936.0,216.0,0.0,0.0,0.0,1.0,1.0
14027917.0,0.020495416596531868,6.3140459060668945,0.0,11.569999694824219,0.01187476608902216,56.32861328125,0.8800607287449392,0.0,0.0,0.0,7.528138528138528,0.882741116751269,2532.66162109375,-6040484608.0,231.0,0.0,0.0,0.0,1.0,1.0
19844974.0,0.021411927416920662,6.39980936050415,0.0,12.789999961853027,0.01319502480328083,54.24229431152344,0.8517382413087935,0.0,0.0,0.0,6.193308550185874,0.8609819121447029,2406.50927734375,-8305425408.0,269.0,0.0,0.0,0.0,1.0,1.0
19262310.0,0.020344825461506844,6.941612720489502,0.0,13.880000114440918,0.013977699913084507,58.96794891357422,0.8720403022670025,0.0,0.0,0.0,7.273109243697479,0.8791264601320468,2255.794921875,-6603043584.0,238.0,0.0,0.0,0.0,1.0,1.0
17239518.0,0.02047814428806305,6.460572719573975,0.0,13.0,0.012099471874535084,52.19288635253906,0.8855846774193549,0.0,0.0,0.0,8.172093023255814,0.890973630831643,2281.78955078125,-6425625856.0,215.0,0.0,0.0,0.0,1.0,1.0
16749729.0,0.020836643874645233,6.472998142242432,0.0,12.649999618530273,0.014221519231796265,45.82264709472656,0.8858009095502779,0.0,0.0,0.0,8.11574074074074,0.8902996444895886,2291.154541015625,-7301950208.0,216.0,0.0,0.0,0.0,1.0,1.0
24088326.0,0.020999306812882423,6.250091552734375,0.0,12.65999984741211,0.012160029262304306,46.99580001831055,0.8725341426403642,0.0,0.0,0.0,7.2175732217573225,0.8783095723014257,2567.525390625,-8956809728.0,239.0,0.0,0.0,0.0,1.0,1.0
21285132.0,0.020691975951194763,6.307422637939453,0.0,12.869999885559082,0.013226229697465897,49.664215087890625,0.8697415103902686,0.0,0.0,0.0,7.090909090909091,0.8764044943820225,2480.003173828125,-8173108224.0,242.0,0.0,0.0,0.0,1.0,1.0
25271204.0,0.020631231367588043,6.479775428771973,0.0,11.420000076293945,0.014736037701368332,46.78310012817383,0.889511201629328,0.0,0.0,0.0,8.31904761904762,0.8926928972917731,1992.9395751953125,-9541660160.0,210.0,0.0,0.0,0.0,1.0,1.0
21139178.0,0.021054795011878014,6.312305927276611,0.0,13.239999771118164,0.014054547064006329,50.13413619995117,0.8551759306476288,0.0,0.0,0.0,6.3283018867924525,0.8635427394438723,2428.20654296875,-8517831680.0,265.0,0.0,0.0,0.0,1.0,1.0
23293794.0,0.0204160213470459,6.367255687713623,0.0,11.859999656677246,0.012544742785394192,54.03038024902344,0.8824721377912867,0.0,0.0,0.0,7.990825688073395,0.8887755102040816,2512.06396484375,-8856712960.0,218.0,0.0,0.0,0.0,1.0,1.0
16447049.0,0.020588500425219536,6.13563346862793,0.0,13.670000076293945,0.01231705117970705,44.56976318359375,0.8780856423173804,0.0,0.0,0.0,7.611353711790393,0.8838742393509128,2436.9951171875,-6964720384.0,229.0,0.0,0.0,0.0,1.0,1.0
15523525.0,0.02048773504793644,6.395744800567627,0.0,11.550000190734863,0.013040369376540184,48.86427307128906,0.883756345177665,0.0,0.0,0.0,8.173708920187794,0.890992835209826,2581.8408203125,-8564384256.0,213.0,0.0,0.0,0.0,1.0,1.0
23982246.0,0.02083268016576767,6.287662506103516,0.0,13.109999656677246,0.014107505790889263,57.83366012573242,0.8765806777946383,0.0,0.0,0.0,7.668141592920354,0.8846350178662583,2400.57080078125,-8874560256.0,226.0,0.0,0.0,0.0,1.0,1.0
18581428.0,0.020577041432261467,6.328503608703613,0.0,13.869999885559082,0.014489538036286831,44.16778564453125,0.8789101917255298,0.0,0.0,0.0,7.606986899563319,0.8838153221714865,2637.65380859375,-8299954944.0,229.0,0.0,0.0,0.0,1.0,1.0
18225224.0,0.020702840760350227,6.285707950592041,0.0,12.850000381469727,0.01521390676498413,55.909080505371094,0.858087487283825,0.0,0.0,0.0,6.438931297709924,0.8655720882503848,2146.779296875,-6774157056.0,262.0,0.0,0.0,0.0,1.0,1.0
14898289.0,0.02066168561577797,6.199820518493652,0.0,12.25,0.013286232948303223,58.78765106201172,0.8724593495934959,0.0,0.0,0.0,7.065843621399177,0.8760204081632653,2611.298583984375,-6908206080.0,243.0,0.0,0.0,0.0,1.0,1.0
18117048.0,0.02028530277311802,6.215805530548096,0.0,11.75,0.011814583092927933,55.63813018798828,0.8890015205271161,0.0,0.0,0.0,8.352380952380953,0.8930753564154786,2389.316162109375,-6939887104.0,210.0,0.0,0.0,0.0,1.0,1.0
25925192.0,0.020721444860100746,6.081625938415527,0.0,13.0,0.015253580175340176,48.506500244140625,0.8950554994954592,0.0,0.0,0.0,9.00507614213198,0.900050735667174,2133.33642578125,-9157010944.0,197.0,0.0,0.0,0.0,1.0,1.0
16781918.0,0.020622165873646736,6.149539947509766,0.0,12.109999656677246,0.0122128427028656,39.62124252319336,0.907258064516129,0.0,0.0,0.0,10.344827586206897,0.9118541033434651,2436.28662109375,-7143101440.0,174.0,0.0,0.0,0.0,1.0,1.0
15329151.0,0.02022523432970047,6.246210098266602,0.0,12.65999984741211,0.011551424860954285,39.20689392089844,0.8886063072227874,0.0,0.0,0.0,8.605911330049262,0.8958974358974359,2347.3466796875,-7104190464.0,203.0,0.0,0.0,0.0,1.0,1.0
17963234.0,0.020973555743694305,6.289387226104736,0.0,13.100000381469727,0.015104825608432293,33.120609283447266,0.8590978205778003,0.0,0.0,0.0,6.277777777777778,0.8625954198473282,2248.22216796875,-7444420352.0,270.0,0.0,0.0,0.0,1.0,1.0
19821246.0,0.02114979922771454,6.052335739135742,0.0,12.390000343322754,0.013593369163572788,62.16166687011719,0.8705583756345178,0.0,0.0,0.0,7.1161825726141075,0.8767893660531697,2528.109130859375,-6765625600.0,241.0,0.0,0.0,0.0,1.0,1.0
14462675.0,0.02025516703724861,6.344061851501465,0.0,12.09000015258789,0.011269723065197468,37.2553825378418,0.8961693548387096,0.0,0.0,0.0,9.260416666666666,0.9025380710659898,2444.9580078125,-5582490624.0,192.0,0.0,0.0,0.0,1.0,1.0
20361296.0,0.020499415695667267,6.499836444854736,0.0,14.229999542236328,0.012580671347677708,47.28152084350586,0.8635437881873728,0.0,0.0,0.0,6.677165354330708,0.8697435897435898,2057.05029296875,-7446319872.0,254.0,0.0,0.0,0.0,1.0,1.0
17510438.0,0.020899135619401932,6.3633503913879395,0.0,12.460000038146973,0.011693703010678291,46.73844909667969,0.8726534753932014,0.0,0.0,0.0,7.257383966244726,0.8788962698007153,2428.62060546875,-7471156992.0,237.0,0.0,0.0,0.0,1.0,1.0
17154248.0,0.020993655547499657,6.059438705444336,0.0,12.680000305175781,0.012351525947451591,37.774295806884766,0.8839918946301925,0.0,0.0,0.0,8.231132075471699,0.8916709248850281,1995.705322265625,-7081000448.0,212.0,0.0,0.0,0.0,1.0,1.0
11265332.0,0.0202849842607975,6.274598598480225,0.0,11.539999961853027,0.011897962540388107,52.130088806152344,0.875381485249237,0.0,0.0,0.0,7.261603375527426,0.8789581205311542,2176.3984375,-6357583872.0,237.0,0.0,0.0,0.0,1.0,1.0
19185896.0,0.02079887129366398,6.22172737121582,0.0,13.289999961853027,0.014741864055395126,33.97655487060547,0.8785425101214575,0.0,0.0,0.0,7.580786026200873,0.8834605597964377,2084.227294921875,-7301677824.0,229.0,0.0,0.0,0.0,1.0,1.0
15917763.0,0.020987706258893013,5.957242488861084,0.0,12.1899995803833,0.014741103164851665,51.48678207397461,0.8847130523108176,0.0,0.0,0.0,8.14018691588785,0.8905930470347648,2008.471435546875,-7191269120.0,214.0,0.0,0.0,0.0,1.0,1.0
14337856.0,0.020227346569299698,6.057379245758057,0.0,11.609999656677246,0.012221653014421463,51.751068115234375,0.9051941502773575,0.0,0.0,0.0,10.141242937853107,0.9102434077079108,2435.32421875,-5383069824.0,177.0,0.0,0.0,0.0,1.0,1.0
15983478.0,0.02055409736931324,6.311198711395264,0.0,13.8100004196167,0.01325814425945282,38.07307434082031,0.8607340372046255,0.0,0.0,0.0,6.411985018726591,0.8650833754421425,2273.94970703125,-6362151936.0,267.0,0.0,0.0,0.0,1.0,1.0
18277574.0,0.020288728177547455,6.085718154907227,0.0,10.770000457763672,0.010261580348014832,54.169898986816406,0.9027494908350305,0.0,0.0,0.0,9.741758241758241,0.9069053708439898,2108.903564453125,-9978650112.0,182.0,0.0,0.0,0.0,1.0,1.0
17364424.0,0.020328547805547714,6.336113929748535,0.0,11.989999771118164,0.013126765377819538,41.68996047973633,0.8821446636317652,0.0,0.0,0.0,7.820627802690583,0.8866293848500254,2460.4814453125,-7252521216.0,223.0,0.0,0.0,0.0,1.0,1.0
11912835.0,0.0203590989112854,6.180535793304443,0.0,10.880000114440918,0.014520321041345596,29.69932746887207,0.8940699442473391,0.0,0.0,0.0,8.776119402985074,0.8977099236641222,2207.0283203125,-5335944320.0,201.0,0.0,0.0,0.0,1.0,1.0
15976298.0,0.020713668316602707,6.256593227386475,0.0,11.420000076293945,0.015258929692208767,33.87979507446289,0.8869741510390269,0.0,0.0,0.0,8.413461538461538,0.8937691521961185,2200.537353515625,-7331726336.0,208.0,0.0,0.0,0.0,1.0,1.0
16481372.0,0.020448513329029083,5.859719276428223,0.0,10.40999984741211,0.012472588568925858,35.47591018676758,0.8837209302325582,0.0,0.0,0.0,7.873873873873874,0.8873096446700508,2951.95458984375,-7276558336.0,222.0,0.0,0.0,0.0,1.0,1.0
16640315.0,0.01991456188261509,6.043759822845459,0.0,11.140000343322754,0.013723012991249561,48.211910247802734,0.8943377148634984,0.0,0.0,0.0,9.213541666666666,0.9020907700152984,2350.4912109375,-7431344896.0,192.0,0.0,0.0,0.0,1.0,1.0
17943288.0,0.020139016211032867,5.552607536315918,0.0,12.460000038146973,0.015071453526616096,48.37538146972656,0.8926582278481012,0.0,0.0,0.0,8.558252427184467,0.8953783646521076,2374.131591796875,-7351705088.0,206.0,0.0,0.0,0.0,1.0,1.0
21065114.0,0.020185241475701332,6.196983814239502,0.0,11.079999923706055,0.01398928090929985,28.86279296875,0.8935631018753167,0.0,0.0,0.0,8.949238578680204,0.8994897959183673,2199.439453125,-8171627520.0,197.0,0.0,0.0,0.0,1.0,1.0
16551011.0,0.019909540191292763,5.905188083648682,0.0,12.550000190734863,0.01225988194346428,35.94148635864258,0.8762729124236253,0.0,0.0,0.0,7.5152838427947595,0.8825641025641026,2384.39794921875,-6379527424.0,229.0,0.0,0.0,0.0,1.0,1.0
23957230.0,0.01999577134847641,5.8030009269714355,0.0,13.420000076293945,0.016490750014781952,42.92353820800781,0.8741152679474217,0.0,0.0,0.0,7.2343096234309625,0.8785569105691057,2635.039794921875,-9262600704.0,239.0,0.0,0.0,0.0,1.0,1.0
15730568.0,0.02014504000544548,6.159610748291016,0.0,11.5600004196167,0.013809232041239738,52.778968811035156,0.8782961460446247,0.0,0.0,0.0,7.530434782608696,0.8827726809378186,2667.119384765625,-7437456384.0,230.0,0.0,0.0,0.0,1.0,1.0
15305110.0,0.020273495465517044,6.091709136962891,0.0,11.25,0.012243811972439289,32.743282318115234,0.8961499493414387,0.0,0.0,0.0,9.118556701030927,0.9011716760061131,2448.746337890625,-7347183360.0,194.0,0.0,0.0,0.0,1.0,1.0
24039780.0,0.020327994599938393,6.089872360229492,0.0,13.34000015258789,0.01231340505182743,64.85110473632812,0.889449772841999,0.0,0.0,0.0,8.553398058252426,0.8953252032520326,1967.6678466796875,-8225858304.0,206.0,0.0,0.0,0.0,1.0,1.0
36914228.0,0.020199399441480637,6.115533828735352,0.0,12.100000381469727,0.012149866670370102,48.434173583984375,0.8796764408493428,0.0,0.0,0.0,8.055555555555555,0.8895705521472392,2195.84130859375,-8408107776.0,216.0,0.0,0.0,0.0,1.0,1.0
22393370.0,0.019969843327999115,6.251590728759766,0.0,13.779999732971191,0.013054360635578632,35.839012145996094,0.8766364551863042,0.0,0.0,0.0,7.472103004291846,0.8819655521783182,2135.2880859375,-8086102016.0,233.0,0.0,0.0,0.0,1.0,1.0
18571576.0,0.020650813356041908,6.069331169128418,0.0,13.029999732971191,0.015704086050391197,46.444557189941406,0.8748107016658253,0.0,0.0,0.0,7.405982905982906,0.8810371123538383,2447.84423828125,-7384178688.0,234.0,0.0,0.0,0.0,1.0,1.0
17471430.0,0.020770777016878128,6.035661220550537,0.0,14.90999984741211,0.013178312219679356,41.7557373046875,0.8903971845148315,0.0,0.0,0.0,8.639024390243902,0.896255060728745,2226.92236328125,-6254474752.0,205.0,0.0,0.0,0.0,1.0,1.0
16794196.0,0.020315300673246384,5.719850063323975,0.0,12.350000381469727,0.011766805313527584,41.39275360107422,0.8875379939209727,0.0,0.0,0.0,8.264150943396226,0.8920570264765784,2050.12939453125,-7426497024.0,212.0,0.0,0.0,0.0,1.0,1.0
17763802.0,0.02047526091337204,5.990173816680908,0.0,11.699999809265137,0.014257990755140781,50.1381950378418,0.8904665314401623,0.0,0.0,0.0,8.650246305418719,0.8963757018887187,2330.6865234375,-7611023872.0,203.0,0.0,0.0,0.0,1.0,1.0
22618978.0,0.02104167453944683,6.016022205352783,0.0,12.34000015258789,0.013621388003230095,45.29264831542969,0.8755713560182834,0.0,0.0,0.0,7.463203463203463,0.881841432225064,2245.4619140625,-8328206848.0,231.0,0.0,0.0,0.0,1.0,1.0
17402568.0,0.020611947402358055,6.2596116065979,0.0,11.329999923706055,0.011976874433457851,37.29279708862305,0.8990408884401817,0.0,0.0,0.0,9.894444444444444,0.9082100968893422,2251.897216796875,-7005748224.0,180.0,0.0,0.0,0.0,1.0,1.0
12327158.0,0.020215274766087532,5.907865524291992,0.0,12.029999732971191,0.0132736312225461,50.07779312133789,0.9040888440181727,0.0,0.0,0.0,10.061797752808989,0.909598781107161,2363.21240234375,-5254594176.0,178.0,0.0,0.0,0.0,1.0,1.0
19990192.0,0.020541884005069733,5.818353176116943,0.0,13.760000228881836,0.014974243007600307,51.81703186035156,0.8789101917255298,0.0,0.0,0.0,7.846846846846847,0.8869653767820774,2331.543212890625,-7122876416.0,222.0,0.0,0.0,0.0,1.0,1.0
10849628.0,0.02035854570567608,6.0776753425598145,0.0,11.859999656677246,0.013561755418777466,45.161312103271484,0.8935955622793746,0.0,0.0,0.0,8.81592039800995,0.8981246832235175,2245.1123046875,-5451889152.0,201.0,0.0,0.0,0.0,1.0,1.0
17424624.0,0.020534725859761238,5.994129180908203,0.0,13.039999961853027,0.014946703799068928,24.731658935546875,0.8676099039919151,0.0,0.0,0.0,6.733333333333333,0.8706896551724138,2199.72119140625,-7044537088.0,255.0,0.0,0.0,0.0,1.0,1.0
14157038.0,0.020187675952911377,6.0225911140441895,0.0,13.149999618530273,0.014671645127236843,47.597843170166016,0.884928716904277,0.0,0.0,0.0,8.15962441314554,0.8908252178370066,2443.380615234375,-5733184768.0,213.0,0.0,0.0,0.0,1.0,1.0
13471762.0,0.02013799361884594,6.3291120529174805,0.0,11.079999923706055,0.01340930163860321,36.29222869873047,0.8907520325203252,0.0,0.0,0.0,8.468599033816425,0.8943877551020408,2770.145263671875,-6237057792.0,207.0,0.0,0.0,0.0,1.0,1.0
19037396.0,0.02040216512978077,6.147235870361328,0.0,12.1899995803833,0.01496577076613903,34.175148010253906,0.8674759736975215,0.0,0.0,0.0,7.1161825726141075,0.8767893660531697,2173.83740234375,-7120745728.0,241.0,0.0,0.0,0.0,1.0,1.0
13507122.0,0.020075678825378418,6.176708221435547,0.0,11.460000038146973,0.013196462765336037,33.351924896240234,0.9067540322580645,0.0,0.0,0.0,10.221590909090908,0.9108860759493671,2430.34521484375,-5237222144.0,176.0,0.0,0.0,0.0,1.0,1.0
18078078.0,0.020888542756438255,5.959559440612793,0.0,16.399999618530273,0.01319801900535822,42.57960891723633,0.8505805148914689,0.0,0.0,0.0,5.954063604240282,0.8561991869918699,2374.14306640625,-8996531456.0,283.0,0.0,0.0,0.0,1.0,1.0
12881754.0,0.020672135055065155,6.0397138595581055,0.0,13.380000114440918,0.010603471659123898,33.649600982666016,0.8926038500506586,0.0,0.0,0.0,8.766169154228855,0.8976057055527255,2358.33154296875,-4889350656.0,201.0,0.0,0.0,0.0,1.0,1.0
17175322.0,0.01992804743349552,5.649533271789551,0.0,11.430000305175781,0.012486491352319717,41.60056686401367,0.8944698122780315,0.0,0.0,0.0,9.087628865979381,0.9008686765457332,2586.885986328125,-6375490816.0,194.0,0.0,0.0,0.0,1.0,1.0
20686068.0,0.020727580413222313,5.865262985229492,0.0,12.529999732971191,0.013284898363053799,38.8226432800293,0.8837209302325582,0.0,0.0,0.0,8.01834862385321,0.8891149542217701,2256.470703125,-7463198464.0,218.0,0.0,0.0,0.0,1.0,1.0
18945198.0,0.02066839672625065,5.792697906494141,0.0,11.300000190734863,0.010999646969139576,45.386112213134766,0.8935631018753167,0.0,0.0,0.0,8.815,0.8981151299032094,2255.193115234375,-7431227392.0,200.0,0.0,0.0,0.0,1.0,1.0
23340532.0,0.020451437681913376,5.990544319152832,0.0,14.119999885559082,0.014758561737835407,31.77916145324707,0.8498483316481295,0.0,0.0,0.0,6.025089605734767,0.8576530612244898,2322.26025390625,-8923647488.0,279.0,0.0,0.0,0.0,1.0,1.0
15806077.0,0.02049260586500168,5.891880035400391,0.0,12.5,0.014111876487731934,55.56409454345703,0.8872598584428716,0.0,0.0,0.0,8.73134328358209,0.897239263803681,2384.343505859375,-6299760128.0,201.0,0.0,0.0,0.0,1.0,1.0
21857620.0,0.02070254646241665,5.829288482666016,0.0,13.399999618530273,0.01208061445504427,35.47507095336914,0.8761375126390293,0.0,0.0,0.0,7.534782608695652,0.8828323993886907,2338.1259765625,-8246225152.0,230.0,0.0,0.0,0.0,1.0,1.0
9011831.0,0.02083146572113037,5.866469860076904,0.0,10.6899995803833,0.013860782608389854,43.508338928222656,0.9018810371123538,0.0,0.0,0.0,9.641304347826088,0.906026557711951,2360.42333984375,-3976774912.0,184.0,0.0,0.0,0.0,1.0,1.0
13535826.0,0.020278939977288246,5.818071365356445,0.0,13.420000076293945,0.01295273657888174,41.192405700683594,0.8987915407854985,0.0,0.0,0.0,9.345549738219896,0.90334008097166,2177.361083984375,-5293542272.0,191.0,0.0,0.0,0.0,1.0,1.0
10170465.0,0.02016831375658512,5.9266791343688965,0.0,11.180000305175781,0.012416940182447433,53.91184997558594,0.902129817444219,0.0,0.0,0.0,9.774725274725276,0.9071902090770015,2523.62255859375,-5159730048.0,182.0,0.0,0.0,0.0,1.0,1.0
15581015.0,0.02034277282655239,5.914328575134277,0.0,11.630000114440918,0.013105664402246475,60.66282653808594,0.9123867069486404,0.0,0.0,0.0,11.468354430379748,0.9197969543147209,2591.490478515625,-5593763840.0,158.0,0.0,0.0,0.0,1.0,1.0
16054760.0,0.020166991278529167,6.074821949005127,0.0,13.09000015258789,0.013243289664387703,40.18946838378906,0.8762049720953831,0.0,0.0,0.0,7.317796610169491,0.8797758532857871,1991.125244140625,-6314787840.0,236.0,0.0,0.0,0.0,1.0,1.0
13745994.0,0.020703518763184547,6.230882167816162,0.0,11.390000343322754,0.011965609155595303,39.80124282836914,0.884732052578362,0.0,0.0,0.0,7.882882882882883,0.8874239350912779,2253.5693359375,-5678651264.0,222.0,0.0,0.0,0.0,1.0,1.0
17540958.0,0.02047411911189556,5.746862411499023,0.0,12.649999618530273,0.012043207883834839,38.52626419067383,0.889954568399798,0.0,0.0,0.0,8.727722772277227,0.8972010178117048,2037.1009521484375,-6095077120.0,202.0,0.0,0.0,0.0,1.0,1.0
13313716.0,0.021118855103850365,5.821961879730225,0.0,11.369999885559082,0.01236690953373909,46.29278564453125,0.8723945094051856,0.0,0.0,0.0,7.271186440677966,0.8790983606557377,2524.415283203125,-6599565312.0,236.0,0.0,0.0,0.0,1.0,1.0
19180394.0,0.020345352590084076,5.863837718963623,0.0,14.630000114440918,0.012723809108138084,46.51138687133789,0.8654911838790932,0.0,0.0,0.0,6.790513833992095,0.8716387620497209,2393.09814453125,-8944947712.0,253.0,0.0,0.0,0.0,1.0,1.0
14847827.0,0.019830798730254173,5.806455135345459,0.0,12.829999923706055,0.010722183622419834,52.31002426147461,0.8849646821392533,0.0,0.0,0.0,7.900900900900901,0.8876518218623481,2554.981689453125,-6576282112.0,222.0,0.0,0.0,0.0,1.0,1.0
13916966.0,0.020741820335388184,6.055683135986328,0.0,10.949999809265137,0.010963286273181438,55.07414245605469,0.9018715225088518,0.0,0.0,0.0,10.073446327683616,0.9096938775510204,2547.47607421875,-6020282240.0,177.0,0.0,0.0,0.0,1.0,1.0
20446288.0,0.020179221406579018,5.835299491882324,0.0,12.15999984741211,0.01129959337413311,40.63643264770508,0.8748091603053435,0.0,0.0,0.0,7.103305785123967,0.8765935747067822,2154.4228515625,-8890577920.0,242.0,0.0,0.0,0.0,1.0,1.0
17601038.0,0.020798444747924805,5.960964202880859,0.0,12.65999984741211,0.016351142898201942,37.095420837402344,0.8937562940584088,0.0,0.0,0.0,8.700980392156863,0.8969176351692774,2425.27685546875,-7132212224.0,204.0,0.0,0.0,0.0,1.0,1.0
16598634.0,0.020309865474700928,5.743780612945557,0.0,12.65999984741211,0.011337460950016975,27.776811599731445,0.8780364372469636,0.0,0.0,0.0,7.414529914529915,0.8811579481970544,2169.52197265625,-6881326592.0,234.0,0.0,0.0,0.0,1.0,1.0
22931886.0,0.020682448521256447,5.7482500076293945,0.0,12.460000038146973,0.014591925777494907,37.765438079833984,0.8937246963562753,0.0,0.0,0.0,9.103092783505154,0.9010204081632653,2212.812255859375,-9204103424.0,194.0,0.0,0.0,0.0,1.0,1.0
15355237.0,0.020320823416113853,5.463653564453125,0.0,12.149999618530273,0.01295919343829155,33.7173957824707,0.8930562595032945,0.0,0.0,0.0,8.766169154228855,0.8976057055527255,2331.6962890625,-7232203520.0,201.0,0.0,0.0,0.0,1.0,1.0
11962212.0,0.020283982157707214,5.5424065589904785,0.0,11.880000114440918,0.01253651361912489,40.24842071533203,0.8958543983822043,0.0,0.0,0.0,9.326315789473684,0.9031600407747197,2492.83251953125,-5008644096.0,190.0,0.0,0.0,0.0,1.0,1.0
14528936.0,0.020135609433054924,5.743257522583008,0.0,12.729999542236328,0.013139847666025162,28.58283233642578,0.902377339403136,0.0,0.0,0.0,9.856353591160222,0.9078880407124682,2138.186767578125,-5946869248.0,181.0,0.0,0.0,0.0,1.0,1.0
14469628.0,0.020096035674214363,5.545593738555908,0.0,12.0600004196167,0.012018755078315735,35.60359191894531,0.8874305906108026,0.0,0.0,0.0,8.17674418604651,0.8910288900152052,2166.6123046875,-6040370944.0,215.0,0.0,0.0,0.0,1.0,1.0
14030070.0,0.02044704742729664,5.535296440124512,0.0,12.460000038146973,0.010213336907327175,42.63315963745117,0.8880484114977307,0.0,0.0,0.0,8.805,0.8980112187659357,2451.5478515625,-5941083520.0,200.0,0.0,0.0,0.0,1.0,1.0
22692206.0,0.021018732339143753,5.810147285461426,0.0,14.010000228881836,0.013865732587873936,45.567195892333984,0.8683812405446294,0.0,0.0,0.0,6.8063241106719365,0.8718987341772152,2513.070556640625,-8891053568.0,253.0,0.0,0.0,0.0,1.0,1.0
18474274.0,0.020900171250104904,5.4878950119018555,0.0,14.710000038146973,0.013226382434368134,35.20497512817383,0.8478371501272265,0.0,0.0,0.0,5.825174825174825,0.8534836065573771,2179.745361328125,-9045763328.0,286.0,0.0,0.0,0.0,1.0,1.0
19860858.0,0.020499585196375847,5.681029796600342,0.0,14.289999961853027,0.013442948460578918,45.45231628417969,0.8308786185881158,0.0,0.0,0.0,5.294498381877022,0.8411311053984576,2048.46240234375,-7892989184.0,309.0,0.0,0.0,0.0,1.0,1.0
17704218.0,0.020370058715343475,5.768591403961182,0.0,14.600000381469727,0.014006327837705612,28.412572860717773,0.8653164556962025,0.0,0.0,0.0,7.032921810699588,0.8755122950819673,2199.418212890625,-6358536192.0,243.0,0.0,0.0,0.0,1.0,1.0
16127438.0,0.02067551203072071,5.506245136260986,0.0,11.010000228881836,0.015415500849485397,48.080726623535156,0.8931841302136317,0.0,0.0,0.0,8.607843137254902,0.8959183673469387,2086.112060546875,-6874503168.0,204.0,0.0,0.0,0.0,1.0,1.0
20162344.0,0.020120274275541306,5.774310111999512,0.0,13.119999885559082,0.010954567231237888,42.818763732910156,0.8814926878466969,0.0,0.0,0.0,7.567099567099567,0.8832743810005053,2449.611572265625,-7337915904.0,231.0,0.0,0.0,0.0,1.0,1.0
15188910.0,0.02038487419486046,5.63035774230957,0.0,11.470000267028809,0.012347574345767498,42.79218292236328,0.9101010101010101,0.0,0.0,0.0,10.855421686746988,0.915650406504065,2575.35693359375,-5947165056.0,166.0,0.0,0.0,0.0,1.0,1.0
18553732.0,0.02003011479973793,5.754350662231445,0.0,13.34000015258789,0.013173610903322697,35.47977066040039,0.861734693877551,0.0,0.0,0.0,6.649606299212598,0.8692743180648482,2357.66748046875,-7704343552.0,254.0,0.0,0.0,0.0,1.0,1.0
13633879.0,0.019918501377105713,5.607312202453613,0.0,11.710000038146973,0.011057466268539429,34.82632064819336,0.9057459677419355,0.0,0.0,0.0,10.039106145251397,0.9094129554655871,2621.173095703125,-5879291136.0,179.0,0.0,0.0,0.0,1.0,1.0
11391976.0,0.02037808485329151,5.527627944946289,0.0,10.630000114440918,0.010879837907850742,66.83708953857422,0.9018218623481782,0.0,0.0,0.0,9.845303867403315,0.9077941925624045,2546.777099609375,-5233223680.0,181.0,0.0,0.0,0.0,1.0,1.0
15948987.0,0.020633365958929062,5.5187859535217285,0.0,11.600000381469727,0.014262601733207703,35.23118591308594,0.897125567322239,0.0,0.0,0.0,9.030456852791879,0.9003036437246964,2474.590576171875,-6672933120.0,197.0,0.0,0.0,0.0,1.0,1.0
10988175.0,0.02016015537083149,6.035375595092773,0.0,10.8100004196167,0.012161310762166977,45.704166412353516,0.8991853360488798,0.0,0.0,0.0,9.545945945945945,0.9051768323936443,2684.528564453125,-6979194624.0,185.0,0.0,0.0,0.0,1.0,1.0
19526422.0,0.02062147855758667,5.644506454467773,0.0,12.260000228881836,0.011626939289271832,38.09306335449219,0.8769700050838841,0.0,0.0,0.0,7.5,0.8823529411764706,2047.935302734375,-7984890112.0,230.0,0.0,0.0,0.0,1.0,1.0
12124379.0,0.020659787580370903,5.589791774749756,0.0,11.069999694824219,0.01495679747313261,41.21408462524414,0.9128463476070529,0.0,0.0,0.0,11.048780487804878,0.917004048582996,2562.419921875,-5040793984.0,164.0,0.0,0.0,0.0,1.0,1.0
13602147.0,0.020182959735393524,5.732692718505859,0.0,11.460000038146973,0.01261087879538536,49.73617935180664,0.9029322548028311,0.0,0.0,0.0,10.147727272727273,0.910295616717635,2448.390625,-6553472768.0,176.0,0.0,0.0,0.0,1.0,1.0
14257395.0,0.020306790247559547,5.727702617645264,0.0,12.949999809265137,0.011217017658054829,31.945098876953125,0.8747464503042597,0.0,0.0,0.0,7.371794871794871,0.8805513016845329,1984.469970703125,-5661575680.0,234.0,0.0,0.0,0.0,1.0,1.0
16618729.0,0.02032800205051899,5.58017110824585,0.0,12.600000381469727,0.015120577067136765,46.870723724365234,0.8852376137512639,0.0,0.0,0.0,8.298578199052132,0.8924566768603466,2492.2138671875,-5827594496.0,211.0,0.0,0.0,0.0,1.0,1.0
17232724.0,0.020350279286503792,5.910292148590088,0.0,13.4399995803833,0.012196242809295654,29.63219451904297,0.8657854600915099,0.0,0.0,0.0,6.812,0.8719918074756784,2371.8115234375,-6390668544.0,250.0,0.0,0.0,0.0,1.0,1.0
19445968.0,0.020428800955414772,5.940364360809326,0.0,11.710000038146973,0.012410645373165607,46.0455207824707,0.8945509586276489,0.0,0.0,0.0,9.045918367346939,0.9004570848146267,2344.3056640625,-7528207872.0,196.0,0.0,0.0,0.0,1.0,1.0
13806365.0,0.019767289981245995,5.7101054191589355,0.0,12.5600004196167,0.012337901629507542,35.09598922729492,0.9086345381526104,0.0,0.0,0.0,11.104294478527608,0.9173846933603649,2331.79541015625,-5378612480.0,163.0,0.0,0.0,0.0,1.0,1.0
18506938.0,0.020529096946120262,5.5576653480529785,0.0,12.979999542236328,0.01370312925428152,34.86698913574219,0.8901209677419355,0.0,0.0,0.0,9.010204081632653,0.9001019367991845,2135.058349609375,-6474132224.0,196.0,0.0,0.0,0.0,1.0,1.0
14049363.0,0.020407361909747124,5.8220391273498535,0.0,12.390000343322754,0.011713706888258457,40.54574966430664,0.8749367088607595,0.0,0.0,0.0,7.416309012875536,0.8811830698623151,2326.123046875,-6091273216.0,233.0,0.0,0.0,0.0,1.0,1.0
10727074.0,0.019438745453953743,5.733556747436523,0.0,11.199999809265137,0.012304973788559437,35.88762664794922,0.892766818411735,0.0,0.0,0.0,8.651960784313726,0.8963941086846114,2436.04541015625,-5232412288.0,204.0,0.0,0.0,0.0,1.0,1.0
18383668.0,0.020111674442887306,5.7279839515686035,0.0,11.569999694824219,0.011187341064214706,33.21006393432617,0.8825025432349949,0.0,0.0,0.0,8.222748815165877,0.8915724563206577,2443.18994140625,-6768988160.0,211.0,0.0,0.0,0.0,1.0,1.0
12239016.0,0.020036738365888596,5.556443691253662,0.0,12.210000038146973,0.012257463298738003,37.7427864074707,0.9117943548387096,0.0,0.0,0.0,11.30625,0.9187404773996953,2618.0400390625,-5513222528.0,160.0,0.0,0.0,0.0,1.0,1.0
19916514.0,0.019851256161928177,5.55817985534668,0.0,13.430000305175781,0.013471068814396858,33.84730911254883,0.8813730439172135,0.0,0.0,0.0,7.829596412556054,0.8867445403758253,2565.960693359375,-7277309696.0,223.0,0.0,0.0,0.0,1.0,1.0
15329672.0,0.020287174731492996,5.673955917358398,0.0,11.210000038146973,0.01132535096257925,29.325870513916016,0.8968655207280081,0.0,0.0,0.0,9.48663101604278,0.90464048954615,2800.515625,-6422607616.0,187.0,0.0,0.0,0.0,1.0,1.0
13896599.0,0.021088475361466408,5.7014665603637695,0.0,12.220000267028809,0.0140461390838027,40.60707092285156,0.8949494949494949,0.0,0.0,0.0,8.686274509803921,0.8967611336032388,2760.615966796875,-5417836288.0,204.0,0.0,0.0,0.0,1.0,1.0
15696877.0,0.020969253033399582,5.57557487487793,0.0,12.550000190734863,0.014010071754455566,40.790252685546875,0.8774062816616008,0.0,0.0,0.0,7.5964912280701755,0.8836734693877552,2332.6611328125,-6573279488.0,228.0,0.0,0.0,0.0,1.0,1.0
17155390.0,0.02016315422952175,5.904047966003418,0.0,13.510000228881836,0.011573645286262035,36.87317657470703,0.8707723372034326,0.0,0.0,0.0,7.128099173553719,0.8769700050838841,2498.45654296875,-6767553792.0,242.0,0.0,0.0,0.0,1.0,1.0
16185309.0,0.02110953815281391,5.837324142456055,0.0,12.979999542236328,0.013898435980081558,46.86637878417969,0.8588894549159449,0.0,0.0,0.0,6.435114503816794,0.8655030800821355,2146.7998046875,-6792000256.0,262.0,0.0,0.0,0.0,1.0,1.0
13481644.0,0.020285818725824356,5.496179580688477,0.0,12.5600004196167,0.012733717449009418,41.75796890258789,0.8839556004036327,0.0,0.0,0.0,8.186915887850468,0.8911495422177009,2190.32177734375,-5707944448.0,214.0,0.0,0.0,0.0,1.0,1.0
18937274.0,0.020082099363207817,5.283388614654541,0.0,11.739999771118164,0.01246465090662241,37.34321212768555,0.8993963782696177,0.0,0.0,0.0,9.561497326203208,0.9053164556962026,2686.58935546875,-7718939136.0,187.0,0.0,0.0,0.0,1.0,1.0
20802192.0,0.0201824139803648,5.814752578735352,0.0,12.079999923706055,0.014094455167651176,38.694190979003906,0.8896761133603239,0.0,0.0,0.0,8.371428571428572,0.8932926829268293,1972.761962890625,-9333171968.0,210.0,0.0,0.0,0.0,1.0,1.0
16578378.0,0.020341822877526283,5.572225570678711,0.0,12.609999656677246,0.011945215985178947,29.382476806640625,0.8659585230146687,0.0,0.0,0.0,6.7936507936507935,0.8716904276985743,2505.35595703125,-6760394752.0,252.0,0.0,0.0,0.0,1.0,1.0
12592536.0,0.02030978724360466,5.65863037109375,0.0,11.050000190734863,0.012909783981740475,27.30998992919922,0.9017632241813602,0.0,0.0,0.0,9.835164835164836,0.907707910750507,2295.6796875,-4996727296.0,182.0,0.0,0.0,0.0,1.0,1.0
12840078.0,0.020186467096209526,5.53318977355957,0.0,12.34000015258789,0.013070333749055862,30.077775955200195,0.8922064777327935,0.0,0.0,0.0,8.771144278606965,0.8976578411405295,2525.206298828125,-7155640576.0,201.0,0.0,0.0,0.0,1.0,1.0
15026787.0,0.02034768834710121,5.747821807861328,0.0,13.4399995803833,0.013402438722550869,49.95874786376953,0.8755060728744939,0.0,0.0,0.0,7.424892703862661,0.8813041263372389,2819.696044921875,-5689518080.0,233.0,0.0,0.0,0.0,1.0,1.0
14825091.0,0.019534476101398468,5.481752395629883,0.0,11.199999809265137,0.013132598251104355,28.941673278808594,0.9021684316691881,0.0,0.0,0.0,9.618279569892474,0.9058227848101266,2470.3037109375,-5859770880.0,186.0,0.0,0.0,0.0,1.0,1.0
15351834.0,0.020388390868902206,5.654931545257568,0.0,14.149999618530273,0.012684676796197891,38.2425651550293,0.8687531549722363,0.0,0.0,0.0,7.170833333333333,0.8776134625191229,2280.02734375,-6735932928.0,240.0,0.0,0.0,0.0,1.0,1.0
16502993.0,0.020469719544053078,5.579023361206055,0.0,11.65999984741211,0.012442965060472488,46.874122619628906,0.8798783578307147,0.0,0.0,0.0,7.614035087719298,0.8839103869653768,2355.254638671875,-6252491264.0,228.0,0.0,0.0,0.0,1.0,1.0
20331112.0,0.01976938545703888,5.457386016845703,0.0,12.020000457763672,0.011176733300089836,45.88859176635742,0.8850226928895613,0.0,0.0,0.0,8.278301886792454,0.8922216573462125,2312.0888671875,-6714358784.0,212.0,0.0,0.0,0.0,1.0,1.0
18270538.0,0.020195988938212395,5.6770219802856445,0.0,11.739999771118164,0.012220869772136211,40.354331970214844,0.8874239350912779,0.0,0.0,0.0,8.333333333333334,0.8928571428571429,2407.183837890625,-7372920832.0,210.0,0.0,0.0,0.0,1.0,1.0
23062850.0,0.020309634506702423,5.338922023773193,0.0,15.8100004196167,0.014311525970697403,44.23453140258789,0.8591620393740536,0.0,0.0,0.0,6.3745318352059925,0.8643981716607415,2494.205810546875,-9335866112.0,267.0,0.0,0.0,0.0,1.0,1.0
12917755.0,0.020136645063757896,5.597233772277832,0.0,11.859999656677246,0.012102946639060974,46.25104904174805,0.888268156424581,0.0,0.0,0.0,8.32857142857143,0.892802450229709,2538.388671875,-6290292992.0,210.0,0.0,0.0,0.0,1.0,1.0
15583805.0,0.020228618755936623,5.246353626251221,0.0,11.609999656677246,0.01369968056678772,31.910505294799805,0.8912493677288822,0.0,0.0,0.0,8.637254901960784,0.896236012207528,2470.91259765625,-6706549760.0,204.0,0.0,0.0,0.0,1.0,1.0
12320456.0,0.019823195412755013,5.772273063659668,0.0,10.6899995803833,0.012466657906770706,30.277950286865234,0.8966565349544073,0.0,0.0,0.0,9.46524064171123,0.9044455799693408,2567.07666015625,-4759041024.0,187.0,0.0,0.0,0.0,1.0,1.0
13716717.0,0.020268667489290237,5.323233604431152,0.0,11.75,0.011139403097331524,32.23674011230469,0.8873668188736682,0.0,0.0,0.0,8.32857142857143,0.892802450229709,2228.294921875,-5761345792.0,210.0,0.0,0.0,0.0,1.0,1.0
16916670.0,0.0205871369689703,5.48240852355957,0.0,13.0600004196167,0.013261809013783932,36.88008117675781,0.8664961636828644,0.0,0.0,0.0,6.914285714285715,0.8736462093862816,2663.142578125,-6927172864.0,245.0,0.0,0.0,0.0,1.0,1.0
10970232.0,0.020186414942145348,5.471622943878174,0.0,11.5,0.015024151653051376,39.505165100097656,0.9124050632911392,0.0,0.0,0.0,10.921212121212122,0.9161159125571937,2416.13671875,-4439260416.0,165.0,0.0,0.0,0.0,1.0,1.0
19687620.0,0.01992325484752655,5.442561149597168,0.0,11.760000228881836,0.011245304718613625,45.06999206542969,0.9261306532663317,0.0,0.0,0.0,13.753731343283581,0.9322205361659079,2535.134033203125,-6857549056.0,134.0,0.0,0.0,0.0,1.0,1.0
12942360.0,0.020832741633057594,5.558482646942139,0.0,9.729999542236328,0.011648102663457394,42.09724426269531,0.9037487335359676,0.0,0.0,0.0,10.74698795180723,0.9148717948717948,2750.568603515625,-5094109824.0,166.0,0.0,0.0,0.0,1.0,1.0
19755796.0,0.02034769579768181,5.3616838455200195,0.0,13.420000076293945,0.01145868469029665,34.71828079223633,0.8702675416456335,0.0,0.0,0.0,6.951612903225806,0.8742393509127789,2409.508544921875,-7618667008.0,248.0,0.0,0.0,0.0,1.0,1.0
19142676.0,0.019849583506584167,5.465114593505859,0.0,12.279999732971191,0.013119027949869633,49.55774688720703,0.8683274021352313,0.0,0.0,0.0,6.943089430894309,0.8741044012282497,2355.665771484375,-7377949184.0,246.0,0.0,0.0,0.0,1.0,1.0
17655386.0,0.019685890525579453,5.620291709899902,0.0,11.579999923706055,0.013258464634418488,40.4732780456543,0.8807574206755373,0.0,0.0,0.0,7.822727272727272,0.8866563626996393,2525.949462890625,-8341622272.0,220.0,0.0,0.0,0.0,1.0,1.0
14285443.0,0.02014056220650673,5.243862152099609,0.0,10.65999984741211,0.014522590674459934,40.35954666137695,0.9092284417549168,0.0,0.0,0.0,10.605882352941176,0.9138367967562088,2179.332275390625,-6368808960.0,170.0,0.0,0.0,0.0,1.0,1.0
15362691.0,0.020583057776093483,5.545109748840332,0.0,11.510000228881836,0.012103352695703506,33.044315338134766,0.8870314083080041,0.0,0.0,0.0,8.541463414634146,0.8951942740286298,2281.373291015625,-6485948160.0,205.0,0.0,0.0,0.0,1.0,1.0
15375754.0,0.019947176799178123,5.204022407531738,0.0,13.979999542236328,0.01212247833609581,37.38481903076172,0.8690596562184024,0.0,0.0,0.0,7.016326530612245,0.8752545824847251,2059.66650390625,-5766741376.0,245.0,0.0,0.0,0.0,1.0,1.0
15337051.0,0.019793622195720673,5.454420566558838,0.0,12.239999771118164,0.011424748227000237,47.70256042480469,0.9042338709677419,0.0,0.0,0.0,10.022346368715084,0.9092752154080082,2193.586181640625,-5635423360.0,179.0,0.0,0.0,0.0,1.0,1.0
14982397.0,0.020023655146360397,5.553595066070557,0.0,11.300000190734863,0.013049673289060593,32.09770584106445,0.8897319170460294,0.0,0.0,0.0,9.06701030927835,0.9006656426011265,2429.46240234375,-5419271680.0,194.0,0.0,0.0,0.0,1.0,1.0
10732966.0,0.020516986027359962,5.377310276031494,0.0,11.260000228881836,0.013556327670812607,32.82591247558594,0.9107862903225806,0.0,0.0,0.0,11.018292682926829,0.9167935058346017,2582.056396484375,-4658842240.0,164.0,0.0,0.0,0.0,1.0,1.0
14562793.0,0.02028258889913559,5.580987453460693,0.0,13.239999771118164,0.01405993290245533,50.8812141418457,0.8946041351487645,0.0,0.0,0.0,8.95959595959596,0.8995943204868154,2291.82958984375,-5807160576.0,198.0,0.0,0.0,0.0,1.0,1.0
22641104.0,0.019904671236872673,5.338836669921875,0.0,13.489999771118164,0.011887695640325546,53.120662689208984,0.8976298537569339,0.0,0.0,0.0,9.22279792746114,0.9021794221996959,2154.901123046875,-8032066560.0,193.0,0.0,0.0,0.0,1.0,1.0
11855616.0,0.02009430155158043,5.345973968505859,0.0,10.680000305175781,0.015443174168467522,28.716941833496094,0.9071176173649672,0.0,0.0,0.0,10.327586206896552,0.9117199391171994,2424.12353515625,-4505853056.0,174.0,0.0,0.0,0.0,1.0,1.0
16536520.0,0.020150089636445045,5.524257659912109,0.0,11.670000076293945,0.013507556170225143,35.54324722290039,0.9035840484603735,0.0,0.0,0.0,10.0,0.9090909090909091,2366.05859375,-6159962368.0,179.0,0.0,0.0,0.0,1.0,1.0
14814365.0,0.01967283897101879,5.480534553527832,0.0,10.75,0.012163766659796238,47.72038269042969,0.9020801623541349,0.0,0.0,0.0,9.559139784946236,0.905295315682281,2233.0517578125,-6170219264.0,186.0,0.0,0.0,0.0,1.0,1.0
20361598.0,0.020275022834539413,5.290344715118408,0.0,13.569999694824219,0.01395637821406126,62.84923553466797,0.8823232323232323,0.0,0.0,0.0,7.9771689497716896,0.8886063072227874,2349.83642578125,-10139846656.0,219.0,0.0,0.0,0.0,1.0,1.0
14392148.0,0.020159348845481873,5.442678928375244,0.0,10.619999885559082,0.013254573568701744,55.573219299316406,0.8938547486033519,0.0,0.0,0.0,9.025641025641026,0.9002557544757033,2346.38525390625,-5848798080.0,195.0,0.0,0.0,0.0,1.0,1.0
9538012.0,0.019954510033130646,5.342667102813721,0.0,9.609999656677246,0.012544617056846619,36.22471237182617,0.8999492127983748,0.0,0.0,0.0,9.578378378378378,0.9054675523760859,2452.950439453125,-5503679232.0,185.0,0.0,0.0,0.0,1.0,1.0
14794920.0,0.020548934116959572,5.411123275756836,0.0,12.09000015258789,0.011497404426336288,27.490007400512695,0.8884964682139254,0.0,0.0,0.0,8.507246376811594,0.8948170731707317,3106.29541015625,-8419037696.0,207.0,0.0,0.0,0.0,1.0,1.0
12520864.0,0.02002588100731373,5.250454902648926,0.0,10.739999771118164,0.013913250528275967,55.14335632324219,0.8977215189873418,0.0,0.0,0.0,9.139175257731958,0.9013726487036096,2389.01806640625,-5410645120.0,194.0,0.0,0.0,0.0,1.0,1.0
15685076.0,0.02015725150704384,5.523491382598877,0.0,11.399999618530273,0.015393995679914951,30.72905158996582,0.8964123294593229,0.0,0.0,0.0,9.144329896907216,0.9014227642276422,2761.234619140625,-6566022656.0,194.0,0.0,0.0,0.0,1.0,1.0
10426303.0,0.02034810744225979,5.655632495880127,0.0,11.260000228881836,0.013801819644868374,30.640872955322266,0.8925494171312722,0.0,0.0,0.0,8.849246231155778,0.898469387755102,2663.2822265625,-4917797888.0,199.0,0.0,0.0,0.0,1.0,1.0
13775018.0,0.019989633932709694,5.688726902008057,0.0,12.329999923706055,0.011079271323978901,27.981637954711914,0.9044006069802731,0.0,0.0,0.0,10.159090909090908,0.9103869653767821,2410.322509765625,-5436502016.0,176.0,0.0,0.0,0.0,1.0,1.0
17118598.0,0.02065933495759964,5.039792060852051,0.0,12.8100004196167,0.013600308448076248,38.87849426269531,0.9012658227848102,0.0,0.0,0.0,9.621621621621621,0.905852417302799,2449.714599609375,-6729512960.0,185.0,0.0,0.0,0.0,1.0,1.0
26408360.0,0.0207368154078722,5.281299591064453,0.0,14.0600004196167,0.014235847629606724,31.3448486328125,0.840122199592668,0.0,0.0,0.0,5.5369127516778525,0.8470225872689938,2472.45947265625,-9112161536.0,298.0,0.0,0.0,0.0,1.0,1.0
13125588.0,0.02052205055952072,5.300249099731445,0.0,11.0,0.014714138582348824,40.35584259033203,0.9096871846619576,0.0,0.0,0.0,10.668639053254438,0.9143002028397565,2043.757568359375,-5162540800.0,169.0,0.0,0.0,0.0,1.0,1.0
24458928.0,0.02030474692583084,5.014298439025879,0.0,10.670000076293945,0.01393139362335205,45.05845642089844,0.8990408884401817,0.0,0.0,0.0,9.949720670391061,0.9086734693877551,2051.960205078125,-7393533952.0,179.0,0.0,0.0,0.0,1.0,1.0
16020727.0,0.020026830956339836,5.672343730926514,0.0,11.960000038146973,0.0117225656285882,39.848167419433594,0.883897021706209,0.0,0.0,0.0,8.106481481481481,0.8901881037112354,2318.47216796875,-5950691328.0,216.0,0.0,0.0,0.0,1.0,1.0
13402301.0,0.020184539258480072,5.329040050506592,0.0,10.890000343322754,0.012128944508731365,48.18364715576172,0.903437815975733,0.0,0.0,0.0,9.81868131868132,0.9075672930421533,2458.6640625,-5817795840.0,182.0,0.0,0.0,0.0,1.0,1.0
13130387.0,0.020494258031249046,5.483973979949951,0.0,12.170000076293945,0.0123360063880682,46.00236511230469,0.8787570045848192,0.0,0.0,0.0,7.565789473684211,0.8832565284178188,2548.95068359375,-7792956928.0,228.0,0.0,0.0,0.0,1.0,1.0
13158801.0,0.019811319187283516,5.396820545196533,0.0,10.65999984741211,0.011532816104590893,33.577640533447266,0.9080343607882769,0.0,0.0,0.0,10.633136094674557,0.9140386571719227,2191.768310546875,-5649599488.0,169.0,0.0,0.0,0.0,1.0,1.0
10159029.0,0.020456498488783836,5.360726356506348,0.0,11.600000381469727,0.012319983914494514,38.04206848144531,0.8988366211431462,0.0,0.0,0.0,9.402116402116402,0.9038657171922686,2655.599853515625,-5137155328.0,189.0,0.0,0.0,0.0,1.0,1.0
13777537.0,0.02026447467505932,5.398290634155273,0.0,13.09000015258789,0.013350683264434338,35.9376106262207,0.8884946781550938,0.0,0.0,0.0,8.38755980861244,0.8934760448521917,2431.7392578125,-6042680832.0,209.0,0.0,0.0,0.0,1.0,1.0
17192820.0,0.020036444067955017,5.172287464141846,0.0,13.880000114440918,0.012607495300471783,47.20673370361328,0.8741788782213239,0.0,0.0,0.0,7.178423236514523,0.8777270421106037,2666.78955078125,-6501420800.0,241.0,0.0,0.0,0.0,1.0,1.0
15467740.0,0.02060002274811268,5.569272518157959,0.0,12.829999923706055,0.015859371051192284,37.336673736572266,0.8808682483594145,0.0,0.0,0.0,7.6535087719298245,0.8844399391789154,2209.451416015625,-6278201344.0,228.0,0.0,0.0,0.0,1.0,1.0
16114063.0,0.020055649802088737,5.55271053314209,0.0,12.8100004196167,0.012329675257205963,38.12781524658203,0.8741788782213239,0.0,0.0,0.0,7.148760330578512,0.8772819472616633,2079.233154296875,-6846257920.0,242.0,0.0,0.0,0.0,1.0,1.0
15365445.0,0.02023180015385151,5.2870402336120605,0.0,12.34000015258789,0.012491230852901936,38.62258529663086,0.9030303030303031,0.0,0.0,0.0,10.044943820224718,0.9094608341810784,2148.439208984375,-5749893248.0,178.0,0.0,0.0,0.0,1.0,1.0
9911279.0,0.020195186138153076,5.446150302886963,0.0,11.75,0.013251031748950481,47.83522415161133,0.8913592723597776,0.0,0.0,0.0,8.689655172413794,0.896797153024911,2583.8369140625,-4831965824.0,203.0,0.0,0.0,0.0,1.0,1.0
16806166.0,0.020099200308322906,5.429452419281006,0.0,13.430000305175781,0.012512448243796825,35.84026336669922,0.8902868646200301,0.0,0.0,0.0,8.934343434343434,0.8993390950686324,2227.93408203125,-6247419904.0,198.0,0.0,0.0,0.0,1.0,1.0
23108436.0,0.020366495475172997,5.2407379150390625,0.0,13.449999809265137,0.010255305096507072,35.100276947021484,0.8736735725113693,0.0,0.0,0.0,7.028455284552845,0.8754430379746836,2553.349609375,-8938907392.0,246.0,0.0,0.0,0.0,1.0,1.0
16016421.0,0.020234249532222748,5.074338912963867,0.0,11.220000267028809,0.01252637431025505,25.88762855529785,0.8798783578307147,0.0,0.0,0.0,8.11214953271028,0.8902564102564102,2416.3876953125,-6422484736.0,214.0,0.0,0.0,0.0,1.0,1.0
21739372.0,0.02053752914071083,5.059634685516357,0.0,12.920000076293945,0.012766336090862751,32.260406494140625,0.87455919395466,0.0,0.0,0.0,7.75,0.8857142857142857,2235.133056640625,-7815195136.0,224.0,0.0,0.0,0.0,1.0,1.0
15570006.0,0.019943881779909134,5.069951057434082,0.0,10.869999885559082,0.014108968898653984,39.85914993286133,0.9079878665318504,0.0,0.0,0.0,10.884848484848485,0.915859255481897,2198.202880859375,-5593233152.0,165.0,0.0,0.0,0.0,1.0,1.0
11407876.0,0.02017458714544773,5.04633903503418,0.0,11.579999923706055,0.011170913465321064,33.92372512817383,0.887202832574608,0.0,0.0,0.0,8.64039408866995,0.8962698007153806,2754.431396484375,-5228070144.0,203.0,0.0,0.0,0.0,1.0,1.0
16452452.0,0.0202790554612875,5.504444122314453,0.0,12.289999961853027,0.012716801837086678,35.232574462890625,0.8887765419615774,0.0,0.0,0.0,8.533980582524272,0.895112016293279,2172.396728515625,-6544344832.0,206.0,0.0,0.0,0.0,1.0,1.0
15322417.0,0.020041130483150482,5.272974967956543,0.0,13.960000038146973,0.013962386175990105,29.42139434814453,0.8768920282542886,0.0,0.0,0.0,7.302521008403361,0.8795546558704453,2149.305419921875,-6519745024.0,238.0,0.0,0.0,0.0,1.0,1.0
17933220.0,0.02045268751680851,5.4125261306762695,0.0,10.050000190734863,0.014455918222665787,42.22476577758789,0.8966041561074506,0.0,0.0,0.0,9.310526315789474,0.9030117406840225,2404.051025390625,-6885278464.0,190.0,0.0,0.0,0.0,1.0,1.0
16586002.0,0.021226340904831886,5.1699066162109375,0.0,13.020000457763672,0.01469459943473339,34.78042221069336,0.8537952114111055,0.0,0.0,0.0,6.116788321167883,0.8594871794871795,2305.73388671875,-7375960064.0,274.0,0.0,0.0,0.0,1.0,1.0
14640877.0,0.020149366930127144,5.1697235107421875,0.0,11.65999984741211,0.012872673571109772,28.28400230407715,0.8988877654196158,0.0,0.0,0.0,10.102272727272727,0.90992835209826,2489.424560546875,-5533553536.0,176.0,0.0,0.0,0.0,1.0,1.0
16718556.0,0.020440513268113136,5.56919002532959,0.0,12.789999961853027,0.013061716221272945,30.017024993896484,0.8791097622660596,0.0,0.0,0.0,7.758928571428571,0.8858307849133538,2452.302001953125,-7774189056.0,224.0,0.0,0.0,0.0,1.0,1.0
13750390.0,0.019894346594810486,5.1907172203063965,0.0,12.010000228881836,0.01207960769534111,39.07191848754883,0.9023162134944612,0.0,0.0,0.0,9.900552486187845,0.9082615306639635,2163.742919921875,-5269793152.0,181.0,0.0,0.0,0.0,1.0,1.0
11127025.0,0.019818393513560295,5.344891548156738,0.0,11.380000114440918,0.012542086653411388,26.416881561279297,0.9121655729429581,0.0,0.0,0.0,11.364779874213836,0.9191251271617498,2521.9755859375,-4441226880.0,159.0,0.0,0.0,0.0,1.0,1.0
12082970.0,0.01968357525765896,5.2520976066589355,0.0,10.069999694824219,0.012659872882068157,40.39756774902344,0.909919028340081,0.0,0.0,0.0,11.167701863354038,0.9178152118427769,2794.213623046875,-4724336640.0,161.0,0.0,0.0,0.0,1.0,1.0
23113014.0,0.021457815542817116,5.246374607086182,0.0,12.899999618530273,0.013348305597901344,44.52595520019531,0.8586013272077591,0.0,0.0,0.0,6.276119402985074,0.8625641025641025,2109.527099609375,-8786236160.0,268.0,0.0,0.0,0.0,1.0,1.0
16226915.0,0.02018708735704422,5.423000335693359,0.0,12.140000343322754,0.01448545977473259,38.958473205566406,0.883756345177665,0.0,0.0,0.0,7.842342342342342,0.8869077941925624,2447.861572265625,-9764836864.0,222.0,0.0,0.0,0.0,1.0,1.0
12780632.0,0.020610755309462547,5.4698638916015625,0.0,11.079999923706055,0.011862160637974739,40.851139068603516,0.91880988401412,0.0,0.0,0.0,12.479452054794521,0.9258130081300813,2425.989990234375,-5865619456.0,146.0,0.0,0.0,0.0,1.0,1.0
17588248.0,0.020401157438755035,5.276432991027832,0.0,11.760000228881836,0.011966909281909466,34.87226104736328,0.8893380495199595,0.0,0.0,0.0,8.669950738916256,0.8965868568517575,2332.509765625,-6376578816.0,203.0,0.0,0.0,0.0,1.0,1.0
16059631.0,0.01951015181839466,4.961484909057617,0.0,10.420000076293945,0.01113046146929264,23.68448829650879,0.8892839004570848,0.0,0.0,0.0,9.072538860103627,0.9007201646090535,2670.163330078125,-7067756544.0,193.0,0.0,0.0,0.0,1.0,1.0
18375994.0,0.020669834688305855,5.263430595397949,0.0,13.100000381469727,0.012424657121300697,33.237186431884766,0.854526958290946,0.0,0.0,0.0,6.064981949458484,0.858456821665815,2219.822509765625,-8489509376.0,277.0,0.0,0.0,0.0,1.0,1.0
17520970.0,0.02030196599662304,5.368684768676758,0.0,14.039999961853027,0.01393310260027647,34.74779510498047,0.8790485829959515,0.0,0.0,0.0,7.618421052631579,0.8839694656488549,2296.226318359375,-6491434496.0,228.0,0.0,0.0,0.0,1.0,1.0
12027974.0,0.020563865080475807,5.271157264709473,0.0,12.4399995803833,0.012983091175556183,30.63650131225586,0.888663967611336,0.0,0.0,0.0,8.7363184079602,0.8972917731221257,2268.425537109375,-4601350656.0,201.0,0.0,0.0,0.0,1.0,1.0
14340362.0,0.019864970818161964,5.281442165374756,0.0,12.819999694824219,0.011717925779521465,54.10862731933594,0.8829787234042553,0.0,0.0,0.0,7.995412844036697,0.88883222845487,2509.1689453125,-6213064192.0,218.0,0.0,0.0,0.0,1.0,1.0
14012974.0,0.020046435296535492,5.334579944610596,0.0,13.649999618530273,0.01191219873726368,24.929344177246094,0.8810371123538383,0.0,0.0,0.0,7.806306306306307,0.8864450127877238,2519.453125,-6623807488.0,222.0,0.0,0.0,0.0,1.0,1.0
13047437.0,0.020066270604729652,5.223729133605957,0.0,10.300000190734863,0.011407086625695229,44.81311798095703,0.9141414141414141,0.0,0.0,0.0,12.14765100671141,0.923940786115365,2441.197021484375,-5280558336.0,149.0,0.0,0.0,0.0,1.0,1.0
15429809.0,0.02061389945447445,5.2056756019592285,0.0,11.609999656677246,0.015183604322373867,29.322975158691406,0.8869741510390269,0.0,0.0,0.0,8.333333333333334,0.8928571428571429,2146.599609375,-5795860992.0,210.0,0.0,0.0,0.0,1.0,1.0
22765954.0,0.020649950951337814,5.289475917816162,0.0,14.680000305175781,0.013601694256067276,30.140499114990234,0.864329268292683,0.0,0.0,0.0,6.696850393700787,0.870076726342711,2513.2607421875,-9530718720.0,254.0,0.0,0.0,0.0,1.0,1.0
19467918.0,0.020208068192005157,5.285996913909912,0.0,13.079999923706055,0.015048699453473091,35.60371780395508,0.8881578947368421,0.0,0.0,0.0,8.560975609756097,0.8954081632653061,2408.3310546875,-7521827584.0,205.0,0.0,0.0,0.0,1.0,1.0
16816710.0,0.020214734598994255,5.052840709686279,0.0,13.529999732971191,0.013776707462966442,33.05172348022461,0.8964303670186023,0.0,0.0,0.0,8.826732673267326,0.8982367758186398,2356.0556640625,-6548842240.0,202.0,0.0,0.0,0.0,1.0,1.0
15768160.0,0.02047562599182129,5.142559051513672,0.0,15.0600004196167,0.013419482856988907,26.715917587280273,0.8535353535353535,0.0,0.0,0.0,6.1678832116788325,0.860488798370672,2558.358154296875,-6876684032.0,274.0,0.0,0.0,0.0,1.0,1.0
14510063.0,0.019998816773295403,5.27393913269043,0.0,12.359999656677246,0.011721489019691944,31.36205291748047,0.8777890466531441,0.0,0.0,0.0,7.727678571428571,0.8854219948849105,2352.5654296875,-6115354624.0,224.0,0.0,0.0,0.0,1.0,1.0
12482444.0,0.02055004984140396,5.217602729797363,0.0,11.960000038146973,0.013586174696683884,48.821556091308594,0.8875379939209727,0.0,0.0,0.0,8.382775119617225,0.8934217236104028,2210.220703125,-6222813184.0,209.0,0.0,0.0,0.0,1.0,1.0
13561354.0,0.02039051242172718,5.098937511444092,0.0,10.579999923706055,0.011698183603584766,34.74937057495117,0.9024759979787772,0.0,0.0,0.0,9.602150537634408,0.9056795131845842,2300.159423828125,-7320809472.0,186.0,0.0,0.0,0.0,1.0,1.0
12523854.0,0.020188748836517334,5.135989189147949,0.0,9.920000076293945,0.012973889708518982,40.7259635925293,0.9019807008633824,0.0,0.0,0.0,9.812154696132596,0.9075114971895759,2547.630859375,-5097497088.0,181.0,0.0,0.0,0.0,1.0,1.0
16574840.0,0.02023831568658352,5.106346607208252,0.0,12.300000190734863,0.011299571953713894,39.26354217529297,0.894790085988872,0.0,0.0,0.0,9.118556701030927,0.9011716760061131,2125.4755859375,-6240223744.0,194.0,0.0,0.0,0.0,1.0,1.0
12718889.0,0.020100822672247887,5.110483169555664,0.0,11.619999885559082,0.009980645962059498,26.045780181884766,0.8985872855701312,0.0,0.0,0.0,10.00561797752809,0.9091373149566105,2833.4912109375,-5123924992.0,178.0,0.0,0.0,0.0,1.0,1.0
13425731.0,0.02025376260280609,5.099425792694092,0.0,12.640000343322754,0.012944025918841362,18.150157928466797,0.8796954314720812,0.0,0.0,0.0,7.9132420091324205,0.8878073770491803,2456.2119140625,-6475276544.0,219.0,0.0,0.0,0.0,1.0,1.0
21548050.0,0.02069881744682789,5.165041923522949,0.0,15.4399995803833,0.014547099359333515,27.840553283691406,0.8523014668689934,0.0,0.0,0.0,6.017857142857143,0.8575063613231552,2598.252197265625,-7909794816.0,280.0,0.0,0.0,0.0,1.0,1.0
18565050.0,0.020731709897518158,5.245082378387451,0.0,13.100000381469727,0.011689815670251846,29.78401756286621,0.8664974619289341,0.0,0.0,0.0,6.800796812749004,0.8718079673135853,2374.747802734375,-7358558720.0,251.0,0.0,0.0,0.0,1.0,1.0
24359750.0,0.02011234126985073,5.423487663269043,0.0,12.979999542236328,0.012577594257891178,34.00612258911133,0.9039235412474849,0.0,0.0,0.0,9.983333333333333,0.9089529590288316,2478.27490234375,-8707739904.0,180.0,0.0,0.0,0.0,1.0,1.0
12815480.0,0.020116610452532768,5.352050304412842,0.0,10.710000038146973,0.010934028774499893,45.230926513671875,0.9035043169121382,0.0,0.0,0.0,10.464705882352941,0.9127757824525398,2665.410888671875,-5411078912.0,170.0,0.0,0.0,0.0,1.0,1.0
18972530.0,0.020165372639894485,5.1718854904174805,0.0,13.760000228881836,0.0102987140417099,38.087669372558594,0.8930912758446797,0.0,0.0,0.0,8.855,0.8985286656519533,2219.59619140625,-7115707392.0,200.0,0.0,0.0,0.0,1.0,1.0
27650048.0,0.020011290907859802,5.1779890060424805,0.0,14.680000305175781,0.012777838855981827,29.18396759033203,0.8718987341772152,0.0,0.0,0.0,7.145228215767635,0.8772287315333673,2149.032470703125,-9891762944.0,241.0,0.0,0.0,0.0,1.0,1.0
13659282.0,0.020707271993160248,5.2652411460876465,0.0,12.710000038146973,0.014217727817595005,37.25999069213867,0.8843434343434343,0.0,0.0,0.0,7.887387387387387,0.8874809934110491,2370.228515625,-5902092032.0,222.0,0.0,0.0,0.0,1.0,1.0
17233158.0,0.02031976543366909,5.344353675842285,0.0,11.479999542236328,0.011410956270992756,47.31287384033203,0.8880445795339412,0.0,0.0,0.0,8.635467980295566,0.8962167689161554,2258.640625,-6939220224.0,203.0,0.0,0.0,0.0,1.0,1.0
11911615.0,0.020114609971642494,5.17453670501709,0.0,10.640000343322754,0.012353086844086647,38.49718475341797,0.8905775075987842,0.0,0.0,0.0,8.79,0.8978549540347294,2113.38134765625,-4884076032.0,200.0,0.0,0.0,0.0,1.0,1.0
15780618.0,0.020401859655976295,5.0642194747924805,0.0,12.880000114440918,0.01227003987878561,40.775909423828125,0.8869741510390269,0.0,0.0,0.0,8.13953488372093,0.8905852417302799,2141.778076171875,-5835231488.0,215.0,0.0,0.0,0.0,1.0,1.0
18409246.0,0.0201999731361866,5.0438995361328125,0.0,12.449999809265137,0.012344533577561378,28.47860336303711,0.8953722334004024,0.0,0.0,0.0,8.944723618090451,0.89944416371905,2240.969482421875,-6935331840.0,199.0,0.0,0.0,0.0,1.0,1.0
16194140.0,0.020885417237877846,5.1934943199157715,0.0,14.069999694824219,0.01287214644253254,32.85392761230469,0.8614213197969544,0.0,0.0,0.0,6.654901960784314,0.8693647540983607,2486.36083984375,-7051617280.0,255.0,0.0,0.0,0.0,1.0,1.0
18563384.0,0.01994323916733265,4.888573169708252,0.0,12.789999961853027,0.012502115219831467,29.101783752441406,0.8935955622793746,0.0,0.0,0.0,8.99492385786802,0.8999492127983748,2375.0107421875,-6903835136.0,197.0,0.0,0.0,0.0,1.0,1.0
14856662.0,0.020382989197969437,5.109745025634766,0.0,12.720000267028809,0.014565492980182171,26.79636573791504,0.8915906788247214,0.0,0.0,0.0,8.756218905472636,0.8975012748597654,2109.23828125,-5580910720.0,201.0,0.0,0.0,0.0,1.0,1.0
13092535.0,0.020756080746650696,5.306686878204346,0.0,12.609999656677246,0.011720347218215466,30.88796043395996,0.8872524123920772,0.0,0.0,0.0,8.358851674641148,0.8931492842535788,2207.108154296875,-6004882688.0,209.0,0.0,0.0,0.0,1.0,1.0
15250212.0,0.020626652985811234,5.307811737060547,0.0,12.9399995803833,0.013016275130212307,33.95707702636719,0.8911943319838057,0.0,0.0,0.0,8.425837320574162,0.8939086294416244,2839.390625,-5909226240.0,209.0,0.0,0.0,0.0,1.0,1.0
18798620.0,0.020376119762659073,5.3130011558532715,0.0,12.020000457763672,0.012527424842119217,40.814605712890625,0.8875949367088608,0.0,0.0,0.0,8.19158878504673,0.8912048805287239,2841.69677734375,-7737566720.0,214.0,0.0,0.0,0.0,1.0,1.0
15477748.0,0.019950279965996742,4.9251885414123535,0.0,12.930000305175781,0.011433574371039867,28.934608459472656,0.8852209243270696,0.0,0.0,0.0,8.3,0.8924731182795699,2254.161865234375,-6460979968.0,210.0,0.0,0.0,0.0,1.0,1.0
32518764.0,0.020578330382704735,5.269357681274414,0.0,12.779999732971191,0.012786628678441048,36.568782806396484,0.8874305906108026,0.0,0.0,0.0,8.253521126760564,0.8919330289193302,2426.509765625,-11764489216.0,213.0,0.0,0.0,0.0,1.0,1.0
18366138.0,0.02128603309392929,5.072566986083984,0.0,12.710000038146973,0.01437598466873169,31.96290397644043,0.8904040404040404,0.0,0.0,0.0,8.642156862745098,0.8962887646161668,2416.4873046875,-6473479424.0,204.0,0.0,0.0,0.0,1.0,1.0
16918186.0,0.020236195996403694,5.074863433837891,0.0,11.630000114440918,0.012153067626059055,39.20222473144531,0.8998482549317147,0.0,0.0,0.0,9.51336898395722,0.904883011190234,2814.08642578125,-6255345408.0,187.0,0.0,0.0,0.0,1.0,1.0
15360166.0,0.020441653206944466,5.4918694496154785,0.0,11.8100004196167,0.013385534286499023,32.262489318847656,0.869807497467072,0.0,0.0,0.0,7.184100418410042,0.8778118609406953,2368.509521484375,-7135617536.0,239.0,0.0,0.0,0.0,1.0,1.0
20897654.0,0.020460808649659157,5.2094573974609375,0.0,14.15999984741211,0.012862680479884148,40.804443359375,0.8610409297625063,0.0,0.0,0.0,6.528735632183908,0.867175572519084,2352.04833984375,-8832338944.0,261.0,0.0,0.0,0.0,1.0,1.0
12955191.0,0.019993377849459648,5.050212383270264,0.0,11.329999923706055,0.012731385417282581,23.33327865600586,0.9110212335692619,0.0,0.0,0.0,10.987804878048781,0.9165818921668362,2705.88525390625,-5433419008.0,164.0,0.0,0.0,0.0,1.0,1.0
24307878.0,0.02085203118622303,5.0312180519104,0.0,13.260000228881836,0.01207566075026989,38.55253219604492,0.8813131313131313,0.0,0.0,0.0,7.721238938053097,0.8853373921867073,2114.489990234375,-8821222912.0,226.0,0.0,0.0,0.0,1.0,1.0
12692567.0,0.020298609510064125,5.012355804443359,0.0,11.460000038146973,0.014109994284808636,33.10477828979492,0.9135927235977767,0.0,0.0,0.0,10.826347305389222,0.9154430379746835,2248.6005859375,-5507824640.0,167.0,0.0,0.0,0.0,1.0,1.0
10131289.0,0.02001703903079033,4.929377555847168,0.0,11.460000038146973,0.013006587512791157,31.681875228881836,0.8948704926358557,0.0,0.0,0.0,8.81,0.8980632008154944,2615.578857421875,-5048210304.0,200.0,0.0,0.0,0.0,1.0,1.0
12025132.0,0.020059026777744293,5.227970123291016,0.0,11.039999961853027,0.015271110460162163,31.57482147216797,0.9165829145728643,0.0,0.0,0.0,11.4,0.9193548387096774,2145.927978515625,-4724568320.0,160.0,0.0,0.0,0.0,1.0,1.0
15926643.0,0.020267600193619728,4.722160339355469,0.0,13.010000228881836,0.013170693069696426,37.174808502197266,0.8993933265925177,0.0,0.0,0.0,9.123076923076923,0.9012158054711246,2690.47802734375,-6108531456.0,195.0,0.0,0.0,0.0,1.0,1.0
13882330.0,0.02004457451403141,5.153811454772949,0.0,13.109999656677246,0.01349546853452921,30.461669921875,0.8756947953511874,0.0,0.0,0.0,7.567685589519651,0.8832823649337411,2128.28857421875,-5725686528.0,229.0,0.0,0.0,0.0,1.0,1.0
21177824.0,0.020401811227202415,5.211208343505859,0.0,12.520000457763672,0.012153450399637222,28.070838928222656,0.8565594691168964,0.0,0.0,0.0,6.42911877394636,0.8653945332645694,2342.825927734375,-11493544704.0,261.0,0.0,0.0,0.0,1.0,1.0
17464506.0,0.020426010712981224,5.001082420349121,0.0,13.579999923706055,0.016181539744138718,27.11712074279785,0.870248352762291,0.0,0.0,0.0,6.868,0.8729028978139298,2481.6904296875,-6662754816.0,250.0,0.0,0.0,0.0,1.0,1.0
16060609.0,0.020446984097361565,4.958331108093262,0.0,12.760000228881836,0.014567911624908447,19.117387771606445,0.8929477422628107,0.0,0.0,0.0,9.361702127659575,0.9034907597535934,2298.57275390625,-5485471744.0,188.0,0.0,0.0,0.0,1.0,1.0
17757602.0,0.02017216943204403,4.913819313049316,0.0,12.420000076293945,0.012582358904182911,26.470129013061523,0.897125567322239,0.0,0.0,0.0,9.462765957446809,0.9044229791560753,2167.36474609375,-7056333056.0,188.0,0.0,0.0,0.0,1.0,1.0
11880122.0,0.020394492894411087,5.013996601104736,0.0,12.699999809265137,0.01631569117307663,40.27212905883789,0.8924949290060852,0.0,0.0,0.0,9.025641025641026,0.9002557544757033,2043.6341552734375,-4910878208.0,195.0,0.0,0.0,0.0,1.0,1.0
16616740.0,0.020202618092298508,5.19832706451416,0.0,11.390000343322754,0.014575592242181301,32.636436462402344,0.8740438551759306,0.0,0.0,0.0,7.3247863247863245,0.8798767967145791,2624.96826171875,-8135170560.0,234.0,0.0,0.0,0.0,1.0,1.0
24828040.0,0.0206375103443861,5.180461406707764,0.0,12.869999885559082,0.012043686583638191,34.469879150390625,0.8905698436712053,0.0,0.0,0.0,8.656862745098039,0.8964467005076142,2158.399658203125,-8743161088.0,204.0,0.0,0.0,0.0,1.0,1.0
14596502.0,0.02048819325864315,5.342362880706787,0.0,12.09000015258789,0.012035101652145386,20.94685173034668,0.8925869894099848,0.0,0.0,0.0,9.267015706806284,0.9026007139214687,2345.850830078125,-6201431552.0,191.0,0.0,0.0,0.0,1.0,1.0
18883672.0,0.020377516746520996,5.0057806968688965,0.0,12.779999732971191,0.014652053825557232,27.695964813232422,0.8755060728744939,0.0,0.0,0.0,7.424892703862661,0.8813041263372389,2170.566650390625,-8064494080.0,233.0,0.0,0.0,0.0,1.0,1.0
18413168.0,0.020672407001256943,4.919440269470215,0.0,11.979999542236328,0.013596879318356514,26.482749938964844,0.8741721854304636,0.0,0.0,0.0,7.333333333333333,0.88,2304.938720703125,-7012307712.0,234.0,0.0,0.0,0.0,1.0,1.0
14237183.0,0.020527785643935204,5.0104289054870605,0.0,11.800000190734863,0.012842095457017422,33.120784759521484,0.8836621143146182,0.0,0.0,0.0,7.764444444444444,0.8859026369168357,2517.204833984375,-7538592000.0,225.0,0.0,0.0,0.0,1.0,1.0
10062626.0,0.02035164088010788,4.918426990509033,0.0,10.3100004196167,0.012553935870528221,30.540096282958984,0.9129113924050632,0.0,0.0,0.0,11.12962962962963,0.917557251908397,2725.42041015625,-4283020160.0,162.0,0.0,0.0,0.0,1.0,1.0
13679373.0,0.02023482881486416,4.874889373779297,0.0,11.529999732971191,0.014893900603055954,31.49152374267578,0.9067882472137792,0.0,0.0,0.0,10.406976744186046,0.9123343527013251,2455.4775390625,-6041050112.0,172.0,0.0,0.0,0.0,1.0,1.0
15664748.0,0.020038649439811707,5.255720138549805,0.0,12.289999961853027,0.013042841106653214,39.34131622314453,0.8922610015174507,0.0,0.0,0.0,8.909090909090908,0.8990825688073395,2227.338623046875,-6018049024.0,198.0,0.0,0.0,0.0,1.0,1.0
15562671.0,0.02066287212073803,5.053844451904297,0.0,13.460000038146973,0.012545637786388397,27.883445739746094,0.900354071825999,0.0,0.0,0.0,9.834254143646408,0.9077001529831719,2222.9091796875,-6224629504.0,181.0,0.0,0.0,0.0,1.0,1.0
14596940.0,0.020345404744148254,4.9846038818359375,0.0,12.579999923706055,0.013633300550282001,34.27140426635742,0.8788187372708758,0.0,0.0,0.0,7.60352422907489,0.883768561187916,2202.41455078125,-5813224320.0,227.0,0.0,0.0,0.0,1.0,1.0
18836300.0,0.02088608220219612,5.078978061676025,0.0,12.5,0.015369925647974014,25.341358184814453,0.8838383838383839,0.0,0.0,0.0,8.373205741626794,0.8933129147524247,2449.802978515625,-7508257792.0,209.0,0.0,0.0,0.0,1.0,1.0
22635172.0,0.020333528518676758,5.020321846008301,0.0,13.529999732971191,0.015544192865490913,23.854013442993164,0.8787878787878788,0.0,0.0,0.0,7.5,0.8823529411764706,2431.961669921875,-8697496320.0,232.0,0.0,0.0,0.0,1.0,1.0
16331256.0,0.02081594057381153,5.205108165740967,0.0,10.399999618530273,0.015199248678982258,19.282861709594727,0.8904737646459501,0.0,0.0,0.0,8.568627450980392,0.8954918032786885,2795.65380859375,-8286413824.0,204.0,0.0,0.0,0.0,1.0,1.0
16529312.0,0.020466869696974754,4.836233615875244,0.0,13.3100004196167,0.011630119755864143,32.40386199951172,0.8791097622660596,0.0,0.0,0.0,7.459227467811159,0.8817858954845256,2297.8408203125,-7550979072.0,233.0,0.0,0.0,0.0,1.0,1.0
20031540.0,0.020593442022800446,5.1109232902526855,0.0,12.109999656677246,0.015104277059435844,37.69997787475586,0.8916876574307305,0.0,0.0,0.0,9.076923076923077,0.9007633587786259,2338.085693359375,-7717058304.0,195.0,0.0,0.0,0.0,1.0,1.0
16587643.0,0.020169226452708244,4.861682891845703,0.0,11.930000305175781,0.012628353200852871,29.70940399169922,0.8801213960546282,0.0,0.0,0.0,7.733333333333333,0.8854961832061069,2442.9853515625,-7277662720.0,225.0,0.0,0.0,0.0,1.0,1.0
13252424.0,0.020324494689702988,4.972596645355225,0.0,10.739999771118164,0.01209808699786663,37.620094299316406,0.8893962455606291,0.0,0.0,0.0,8.678217821782178,0.8966751918158568,2378.30810546875,-6046637824.0,202.0,0.0,0.0,0.0,1.0,1.0
20737168.0,0.020454932004213333,5.239535331726074,0.0,14.649999618530273,0.014027033001184464,31.998558044433594,0.8580090955027792,0.0,0.0,0.0,6.265682656826568,0.8623666835957339,2358.434814453125,-7171988736.0,271.0,0.0,0.0,0.0,1.0,1.0
16856820.0,0.019992562010884285,4.920396327972412,0.0,12.289999961853027,0.012966036796569824,36.67787170410156,0.8890577507598785,0.0,0.0,0.0,8.560975609756097,0.8954081632653061,2202.976318359375,-6008440832.0,205.0,0.0,0.0,0.0,1.0,1.0
25129542.0,0.020444588735699654,4.942132472991943,0.0,12.600000381469727,0.013491137884557247,33.61188888549805,0.8841679312089024,0.0,0.0,0.0,8.16822429906542,0.890927624872579,2267.036376953125,-9197589504.0,214.0,0.0,0.0,0.0,1.0,1.0
22483676.0,0.0203313659876585,4.949612617492676,0.0,12.069999694824219,0.012857967056334019,28.112098693847656,0.8932186234817814,0.0,0.0,0.0,8.781094527363184,0.897761953204476,2253.451904296875,-8922292992.0,201.0,0.0,0.0,0.0,1.0,1.0
15140458.0,0.020229198038578033,4.826208114624023,0.0,9.470000267028809,0.013662056997418404,37.951576232910156,0.8973966309341501,0.0,0.0,0.0,9.061855670103093,0.9006147540983607,2852.34326171875,-5695504384.0,194.0,0.0,0.0,0.0,1.0,1.0
12318390.0,0.0203342717140913,5.248620510101318,0.0,12.15999984741211,0.011922131292521954,24.45455551147461,0.8870314083080041,0.0,0.0,0.0,8.338095238095239,0.8929117797042325,2540.809326171875,-6035896576.0,210.0,0.0,0.0,0.0,1.0,1.0
15825286.0,0.01974276453256607,5.157612323760986,0.0,12.350000381469727,0.013025054708123207,29.222246170043945,0.8556806550665302,0.0,0.0,0.0,6.285714285714286,0.8627450980392157,1971.896728515625,-6395887872.0,266.0,0.0,0.0,0.0,1.0,1.0
14384919.0,0.020172476768493652,4.9053239822387695,0.0,12.75,0.014338602311909199,32.4160270690918,0.8898477157360406,0.0,0.0,0.0,8.347619047619048,0.8930208863983699,2410.210205078125,-5252748160.0,210.0,0.0,0.0,0.0,1.0,1.0
9854898.0,0.019998207688331604,4.856546878814697,0.0,10.649999618530273,0.014040779322385788,50.98617172241211,0.9027355623100304,0.0,0.0,0.0,10.300578034682081,0.9115089514066497,2573.131103515625,-4796980480.0,173.0,0.0,0.0,0.0,1.0,1.0
14575620.0,0.02026500180363655,4.8276543617248535,0.0,12.279999732971191,0.012521088123321533,39.5806999206543,0.8855696202531645,0.0,0.0,0.0,8.53170731707317,0.8950870010235414,2242.55810546875,-6525936384.0,205.0,0.0,0.0,0.0,1.0,1.0
19977114.0,0.0199181716889143,4.917023658752441,0.0,13.210000038146973,0.011612968519330025,40.29104995727539,0.8975782038345106,0.0,0.0,0.0,9.31413612565445,0.9030456852791878,2164.468017578125,-6705387264.0,191.0,0.0,0.0,0.0,1.0,1.0
10548273.0,0.020849892869591713,5.046502590179443,0.0,11.489999771118164,0.011679292656481266,33.47679901123047,0.8940162271805274,0.0,0.0,0.0,8.815,0.8981151299032094,2625.1376953125,-5157391104.0,200.0,0.0,0.0,0.0,1.0,1.0
19878150.0,0.02087998576462269,5.244821071624756,0.0,11.600000381469727,0.01070476695895195,19.83837127685547,0.8643549209586946,0.0,0.0,0.0,6.726190476190476,0.8705701078582434,2534.501953125,-7792411904.0,252.0,0.0,0.0,0.0,1.0,1.0
21049726.0,0.020460769534111023,5.155714511871338,0.0,12.279999732971191,0.014504533261060715,35.17100524902344,0.877602844083291,0.0,0.0,0.0,7.926605504587156,0.8879753340184995,2204.267578125,-7116607488.0,218.0,0.0,0.0,0.0,1.0,1.0
14582042.0,0.020564226433634758,5.0156474113464355,0.0,12.890000343322754,0.013172877952456474,33.42390441894531,0.8813041263372389,0.0,0.0,0.0,8.199052132701421,0.8912931478619268,2397.441650390625,-9283549184.0,211.0,0.0,0.0,0.0,1.0,1.0
14521887.0,0.02065277099609375,5.1976165771484375,0.0,10.949999809265137,0.014481418766081333,40.12289047241211,0.8976178408514952,0.0,0.0,0.0,9.272251308900524,0.9026503567787971,2132.501953125,-6298143488.0,191.0,0.0,0.0,0.0,1.0,1.0
16056036.0,0.02052663080394268,4.928780555725098,0.0,13.5,0.012554609216749668,26.44445037841797,0.8734817813765182,0.0,0.0,0.0,7.191666666666666,0.8779247202441506,2440.19580078125,-6646774528.0,240.0,0.0,0.0,0.0,1.0,1.0
14330898.0,0.02052134834229946,4.604333400726318,0.0,10.539999961853027,0.01317688450217247,20.43946647644043,0.8854961832061069,0.0,0.0,0.0,7.981651376146789,0.8886618998978549,2421.194580078125,-6724076544.0,218.0,0.0,0.0,0.0,1.0,1.0
15026285.0,0.02027101442217827,4.737128734588623,0.0,12.100000381469727,0.013230855576694012,39.5805778503418,0.8906408952187183,0.0,0.0,0.0,8.182242990654206,0.8910941475826972,2366.998291015625,-6554172928.0,214.0,0.0,0.0,0.0,1.0,1.0
19197080.0,0.02057836577296257,5.06371545791626,0.0,11.550000190734863,0.009283085353672504,28.3010196685791,0.8972533062054934,0.0,0.0,0.0,9.092783505154639,0.9009193054136875,2295.43017578125,-7245257984.0,194.0,0.0,0.0,0.0,1.0,1.0
16496155.0,0.020190203562378883,5.058923244476318,0.0,11.949999809265137,0.014825079590082169,35.00300598144531,0.8614916286149162,0.0,0.0,0.0,7.075,0.8761609907120743,2396.2236328125,-9290930176.0,240.0,0.0,0.0,0.0,1.0,1.0
17395700.0,0.02018258348107338,5.006969451904297,0.0,12.34000015258789,0.01327468827366829,25.515275955200195,0.8927125506072875,0.0,0.0,0.0,8.563106796116505,0.8954314720812183,2518.0908203125,-7438678784.0,206.0,0.0,0.0,0.0,1.0,1.0
15801590.0,0.020427625626325607,4.806735038757324,0.0,11.90999984741211,0.014772449620068073,31.06540870666504,0.8874809934110491,0.0,0.0,0.0,8.182242990654206,0.8910941475826972,2214.41015625,-7017602560.0,214.0,0.0,0.0,0.0,1.0,1.0
20096674.0,0.020532920956611633,5.083040237426758,0.0,13.479999542236328,0.012794733978807926,27.404300689697266,0.8674759736975215,0.0,0.0,0.0,6.971544715447155,0.874553799082101,2413.52734375,-7609988864.0,246.0,0.0,0.0,0.0,1.0,1.0
14367937.0,0.020200634375214577,4.792661190032959,0.0,10.800000190734863,0.014356694184243679,33.764404296875,0.8913705583756345,0.0,0.0,0.0,8.565853658536586,0.8954614992350841,2383.147216796875,-6482809600.0,205.0,0.0,0.0,0.0,1.0,1.0
19056072.0,0.020635638386011124,5.117384910583496,0.0,14.029999732971191,0.012288499623537064,38.7006950378418,0.8476383951244286,0.0,0.0,0.0,5.7353951890034365,0.851530612244898,2339.096435546875,-7461222912.0,291.0,0.0,0.0,0.0,1.0,1.0
12151695.0,0.020448191091418266,4.871939182281494,0.0,10.550000190734863,0.014699091203510761,25.727455139160156,0.9071644803229062,0.0,0.0,0.0,10.702380952380953,0.9145473041709054,2434.208251953125,-4743571584.0,168.0,0.0,0.0,0.0,1.0,1.0
11960294.0,0.0204525925219059,4.810559272766113,0.0,12.140000343322754,0.011078309267759323,31.98109245300293,0.8811830698623151,0.0,0.0,0.0,8.228571428571428,0.891640866873065,2638.835693359375,-5129885440.0,210.0,0.0,0.0,0.0,1.0,1.0
18153544.0,0.02004021219909191,5.037911891937256,0.0,13.550000190734863,0.012144411914050579,42.80158996582031,0.8687943262411347,0.0,0.0,0.0,6.971544715447155,0.874553799082101,2204.748779296875,-7178246400.0,246.0,0.0,0.0,0.0,1.0,1.0
19632984.0,0.020378611981868744,4.941308975219727,0.0,13.539999961853027,0.014898902736604214,37.040645599365234,0.8690596562184024,0.0,0.0,0.0,7.1625,0.877488514548239,2145.56787109375,-6663735552.0,240.0,0.0,0.0,0.0,1.0,1.0
18925722.0,0.020269183441996574,5.030487537384033,0.0,12.760000228881836,0.013526545837521553,20.8956298828125,0.8741116751269036,0.0,0.0,0.0,7.175,0.8776758409785933,2500.246337890625,-8071300864.0,240.0,0.0,0.0,0.0,1.0,1.0
20609672.0,0.02023731730878353,4.841217517852783,0.0,13.880000114440918,0.013697955757379532,38.52415466308594,0.8677221654749745,0.0,0.0,0.0,7.079166666666667,0.8762248581743166,2173.5234375,-7635973888.0,240.0,0.0,0.0,0.0,1.0,1.0
10215559.0,0.019769640639424324,5.027249813079834,0.0,9.579999923706055,0.013870751485228539,34.018402099609375,0.9279233870967742,0.0,0.0,0.0,13.637037037037038,0.9316801619433198,2549.4248046875,-4678718080.0,135.0,0.0,0.0,0.0,1.0,1.0
16398648.0,0.020060809329152107,4.990009784698486,0.0,12.359999656677246,0.012997519224882126,21.16724395751953,0.8915357323872276,0.0,0.0,0.0,8.707920792079207,0.8969913309535951,2066.923583984375,-5965248000.0,202.0,0.0,0.0,0.0,1.0,1.0
14182418.0,0.020442193374037743,5.003277778625488,0.0,12.149999618530273,0.012343432754278183,20.821596145629883,0.8885496183206106,0.0,0.0,0.0,8.39423076923077,0.8935516888433982,2371.38818359375,-5617087232.0,208.0,0.0,0.0,0.0,1.0,1.0
15967145.0,0.020990706980228424,4.845113754272461,0.0,13.220000267028809,0.012291093356907368,36.83491516113281,0.8660531697341514,0.0,0.0,0.0,6.749003984063745,0.8709511568123394,2426.701904296875,-9173677568.0,251.0,0.0,0.0,0.0,1.0,1.0
21727348.0,0.020211253315210342,4.856985092163086,0.0,14.8100004196167,0.01526328083127737,34.57571792602539,0.84799186578546,0.0,0.0,0.0,5.654237288135593,0.8497198166072338,2353.2392578125,-8664199168.0,295.0,0.0,0.0,0.0,1.0,1.0
24112840.0,0.02039782516658306,5.096046447753906,0.0,13.010000228881836,0.014593311585485935,18.9692325592041,0.8701166920345003,0.0,0.0,0.0,6.887550200803213,0.8732179226069247,2459.4140625,-9036010496.0,249.0,0.0,0.0,0.0,1.0,1.0
16718856.0,0.02023652382194996,4.930883884429932,0.0,11.350000381469727,0.012048386968672276,32.28365707397461,0.8955375253549696,0.0,0.0,0.0,9.393617021276595,0.9037871033776868,2419.734619140625,-6734252800.0,188.0,0.0,0.0,0.0,1.0,1.0
16822280.0,0.020403927192091942,5.056142807006836,0.0,14.229999542236328,0.013988792896270752,26.45526885986328,0.8524923702950152,0.0,0.0,0.0,6.253731343283582,0.8621399176954733,2673.125244140625,-7101951488.0,268.0,0.0,0.0,0.0,1.0,1.0
13991493.0,0.020241573452949524,4.820652961730957,0.0,11.65999984741211,0.012816160917282104,22.69782066345215,0.8823229750382068,0.0,0.0,0.0,8.093457943925234,0.8900308324768756,2382.607421875,-6515495424.0,214.0,0.0,0.0,0.0,1.0,1.0
12771392.0,0.020058894529938698,4.667858123779297,0.0,13.649999618530273,0.015161354094743729,31.164737701416016,0.8653846153846154,0.0,0.0,0.0,6.653696498054475,0.8693441789527199,2637.018310546875,-5544199808.0,257.0,0.0,0.0,0.0,1.0,1.0
15051538.0,0.020087771117687225,4.758800029754639,0.0,13.319999694824219,0.013489729724824429,31.00387954711914,0.8624365482233503,0.0,0.0,0.0,6.768924302788845,0.8712820512820513,2378.443603515625,-5656850688.0,251.0,0.0,0.0,0.0,1.0,1.0
13028298.0,0.020550094544887543,4.85246467590332,0.0,12.899999618530273,0.011247824877500534,19.93828582763672,0.8774783934926284,0.0,0.0,0.0,7.471861471861472,0.8819621870209504,2318.52685546875,-5358156160.0,231.0,0.0,0.0,0.0,1.0,1.0
17930520.0,0.02032427489757538,4.908304214477539,0.0,10.579999923706055,0.013430118560791016,32.394683837890625,0.884087442806304,0.0,0.0,0.0,8.050925925925926,0.8895140664961637,1902.4122314453125,-6937576448.0,216.0,0.0,0.0,0.0,1.0,1.0
16381466.0,0.020944511517882347,4.9708428382873535,0.0,12.329999923706055,0.01303772535175085,27.309932708740234,0.8855116514690983,0.0,0.0,0.0,7.981735159817352,0.8886629384850026,2341.1279296875,-7286902272.0,219.0,0.0,0.0,0.0,1.0,1.0
23150904.0,0.02054767869412899,5.001101016998291,0.0,13.729999542236328,0.013383878394961357,34.89039993286133,0.8803852002027369,0.0,0.0,0.0,7.8954545454545455,0.887583035258048,2413.068603515625,-8337607424.0,220.0,0.0,0.0,0.0,1.0,1.0
19154168.0,0.020268535241484642,4.87421989440918,0.0,13.720000267028809,0.014533881098031998,25.660737991333008,0.8394683026584867,0.0,0.0,0.0,5.510067114093959,0.8463917525773196,1975.9132080078125,-7417076480.0,298.0,0.0,0.0,0.0,1.0,1.0
14851633.0,0.02049277536571026,5.052053928375244,0.0,10.84000015258789,0.011814462952315807,30.67442512512207,0.8880976602238047,0.0,0.0,0.0,8.083333333333334,0.8899082568807339,2562.390869140625,-6963392000.0,216.0,0.0,0.0,0.0,1.0,1.0
14891407.0,0.020632009953260422,4.990416049957275,0.0,10.880000114440918,0.01095246896147728,20.92097282409668,0.9027848101265823,0.0,0.0,0.0,9.796703296703297,0.9073791348600508,2696.58935546875,-5989643776.0,182.0,0.0,0.0,0.0,1.0,1.0
14184273.0,0.020053036510944366,5.169836044311523,0.0,11.9399995803833,0.01296906266361475,30.075462341308594,0.8844018172640081,0.0,0.0,0.0,8.073732718894009,0.8897917724733367,2702.087890625,-6772014592.0,217.0,0.0,0.0,0.0,1.0,1.0
18601616.0,0.01984085887670517,4.803343296051025,0.0,11.300000190734863,0.013278116472065449,35.296932220458984,0.8847130523108176,0.0,0.0,0.0,8.216981132075471,0.8915046059365405,2390.033447265625,-7768427520.0,212.0,0.0,0.0,0.0,1.0,1.0
27101424.0,0.0203871950507164,5.066949367523193,0.0,13.720000267028809,0.013375326991081238,29.100929260253906,0.874051593323217,0.0,0.0,0.0,7.260504201680672,0.8789420142421159,2244.906005859375,-9993603072.0,238.0,0.0,0.0,0.0,1.0,1.0
16339926.0,0.020374368876218796,4.834308624267578,0.0,11.729999542236328,0.012081808410584927,32.424072265625,0.8737322515212982,0.0,0.0,0.0,7.623893805309734,0.8840430990251411,2639.364990234375,-7646593280.0,226.0,0.0,0.0,0.0,1.0,1.0
18483860.0,0.020697463303804398,4.949252128601074,0.0,11.119999885559082,0.013012939132750034,29.11208724975586,0.8771573604060914,0.0,0.0,0.0,7.578947368421052,0.8834355828220859,2574.0263671875,-7381944064.0,228.0,0.0,0.0,0.0,1.0,1.0
15383462.0,0.020724046975374222,4.757078647613525,0.0,11.329999923706055,0.013097500428557396,49.459625244140625,0.899746835443038,0.0,0.0,0.0,9.98314606741573,0.9089514066496164,2323.4873046875,-5683442176.0,178.0,0.0,0.0,0.0,1.0,1.0
17720890.0,0.02047928050160408,4.99794864654541,0.0,10.920000076293945,0.013381537050008774,30.61805534362793,0.8866869918699187,0.0,0.0,0.0,8.994845360824742,0.8999484270242393,2611.32080078125,-6634346496.0,194.0,0.0,0.0,0.0,1.0,1.0
22144512.0,0.02071623131632805,4.933375358581543,0.0,12.239999771118164,0.012297880835831165,34.32218933105469,0.8848700967906266,0.0,0.0,0.0,8.193396226415095,0.8912262698819907,2232.57373046875,-8508995840.0,212.0,0.0,0.0,0.0,1.0,1.0
11301944.0,0.020347438752651215,4.760019302368164,0.0,12.239999771118164,0.012688660062849522,28.698020935058594,0.8800813008130082,0.0,0.0,0.0,7.732142857142857,0.885480572597137,2390.061279296875,-6637668608.0,224.0,0.0,0.0,0.0,1.0,1.0
11883163.0,0.020632758736610413,4.801860809326172,0.0,12.039999961853027,0.015069184824824333,36.80179977416992,0.8841463414634146,0.0,0.0,0.0,8.169014084507042,0.890937019969278,2530.42431640625,-5342332032.0,213.0,0.0,0.0,0.0,1.0,1.0
15483615.0,0.020459361374378204,4.8923163414001465,0.0,11.550000190734863,0.014324037358164787,26.51860809326172,0.8801631820499745,0.0,0.0,0.0,7.8099547511312215,0.8864920390344119,2090.272705078125,-6705512448.0,221.0,0.0,0.0,0.0,1.0,1.0
24171684.0,0.020347654819488525,5.078990936279297,0.0,13.229999542236328,0.012703157030045986,32.57786178588867,0.8918099089989889,0.0,0.0,0.0,8.954314720812183,0.8995410504844467,1989.6771240234375,-9869839616.0,197.0,0.0,0.0,0.0,1.0,1.0
19335234.0,0.021055763587355614,4.9824934005737305,0.0,11.569999694824219,0.012293319217860699,23.58863067626953,0.8899036022323693,0.0,0.0,0.0,8.72636815920398,0.8971867007672635,2207.936279296875,-7014894848.0,201.0,0.0,0.0,0.0,1.0,1.0
15236275.0,0.020164737477898598,4.694945335388184,0.0,13.529999732971191,0.011806818656623363,24.576065063476562,0.8944162436548223,0.0,0.0,0.0,9.082474226804123,0.9008179959100204,2530.297119140625,-6459129344.0,194.0,0.0,0.0,0.0,1.0,1.0
19182792.0,0.020659958943724632,4.883904933929443,0.0,10.829999923706055,0.011497014202177525,30.930564880371094,0.8971109984794728,0.0,0.0,0.0,9.516129032258064,0.9049079754601227,2141.668701171875,-6951622912.0,186.0,0.0,0.0,0.0,1.0,1.0
16156526.0,0.020988769829273224,4.755154609680176,0.0,11.3100004196167,0.01127525232732296,29.38005828857422,0.8634046890927625,0.0,0.0,0.0,6.722222222222222,0.8705035971223022,2109.2216796875,-8149821696.0,252.0,0.0,0.0,0.0,1.0,1.0
20169644.0,0.020342767238616943,4.785292148590088,0.0,12.020000457763672,0.01259718369692564,33.14244842529297,0.8935631018753167,0.0,0.0,0.0,9.182291666666666,0.9017902813299232,2479.03564453125,-7799878656.0,192.0,0.0,0.0,0.0,1.0,1.0
13250936.0,0.020770015195012093,4.844169616699219,0.0,10.609999656677246,0.011529315263032913,35.60887145996094,0.9008642602948653,0.0,0.0,0.0,9.630434782608695,0.9059304703476483,2274.201416015625,-5671180032.0,184.0,0.0,0.0,0.0,1.0,1.0
15121673.0,0.020434245467185974,5.0147833824157715,0.0,12.430000305175781,0.009167930111289024,21.6039981842041,0.8986828774062816,0.0,0.0,0.0,9.48663101604278,0.90464048954615,2290.58203125,-5975246592.0,187.0,0.0,0.0,0.0,1.0,1.0
13561236.0,0.02066073566675186,4.842937469482422,0.0,11.279999732971191,0.014035007916390896,22.86853790283203,0.8637992831541219,0.0,0.0,0.0,6.80241935483871,0.8718346253229974,2604.03662109375,-7734294272.0,248.0,0.0,0.0,0.0,1.0,1.0
25079742.0,0.020684974268078804,4.851522445678711,0.0,15.789999961853027,0.015261909924447536,27.808801651000977,0.8367758186397984,0.0,0.0,0.0,5.428104575163399,0.8444331469242501,2338.65576171875,-8878324224.0,306.0,0.0,0.0,0.0,1.0,1.0
18299874.0,0.02086065523326397,4.626293659210205,0.0,12.270000457763672,0.014848641119897366,30.82486343383789,0.8879878357830715,0.0,0.0,0.0,8.76,0.8975409836065574,2593.328857421875,-7153709824.0,200.0,0.0,0.0,0.0,1.0,1.0
14979826.0,0.021113261580467224,4.704483985900879,0.0,12.180000305175781,0.012146266177296638,32.569427490234375,0.9046417759838546,0.0,0.0,0.0,9.96111111111111,0.9087683730359858,2387.04833984375,-6303775744.0,180.0,0.0,0.0,0.0,1.0,1.0
19268400.0,0.021082529798150063,4.635088920593262,0.0,14.210000038146973,0.012652353383600712,43.93962860107422,0.8756345177664975,0.0,0.0,0.0,7.599118942731278,0.8837090163934426,2383.9384765625,-8227825664.0,227.0,0.0,0.0,0.0,1.0,1.0
17762884.0,0.020248327404260635,4.947380542755127,0.0,12.550000190734863,0.014476706273853779,22.75080108642578,0.8716250636780438,0.0,0.0,0.0,7.070247933884297,0.8760880696364567,2025.2684326171875,-8031559168.0,242.0,0.0,0.0,0.0,1.0,1.0
19759148.0,0.019882390275597572,4.476215839385986,0.0,13.710000038146973,0.015884844586253166,35.571475982666016,0.8652195860676426,0.0,0.0,0.0,6.669260700389105,0.86960933536276,2288.28076171875,-7965372416.0,257.0,0.0,0.0,0.0,1.0,1.0
23024190.0,0.02110782079398632,5.116214752197266,0.0,13.59000015258789,0.01519698929041624,39.31222152709961,0.8509127789046653,0.0,0.0,0.0,6.214814814814815,0.8613963039014374,1944.638671875,-7700853504.0,270.0,0.0,0.0,0.0,1.0,1.0
30245510.0,0.020281163975596428,4.886293411254883,0.0,14.5,0.01452407892793417,43.93891525268555,0.8507840161861406,0.0,0.0,0.0,6.007142857142857,0.8572884811416922,2426.582275390625,-10044943872.0,280.0,0.0,0.0,0.0,1.0,1.0
23109504.0,0.020057156682014465,4.939258575439453,0.0,13.760000228881836,0.013723919168114662,33.984588623046875,0.891742195367573,0.0,0.0,0.0,8.597087378640778,0.8958017197774406,2335.07373046875,-8125710336.0,206.0,0.0,0.0,0.0,1.0,1.0
27200018.0,0.020025355741381645,4.7670979499816895,0.0,12.050000190734863,0.011989928781986237,24.155527114868164,0.8993933265925177,0.0,0.0,0.0,9.51336898395722,0.904883011190234,2327.812255859375,-9459166720.0,187.0,0.0,0.0,0.0,1.0,1.0
12921508.0,0.020526323467493057,4.943418979644775,0.0,10.819999694824219,0.011163469403982162,26.625932693481445,0.8927300457549567,0.0,0.0,0.0,9.005128205128205,0.9000512557662738,2534.90087890625,-6681511680.0,195.0,0.0,0.0,0.0,1.0,1.0
18696360.0,0.02015944942831993,4.866409778594971,0.0,12.789999961853027,0.012610607780516148,16.683238983154297,0.8831562974203339,0.0,0.0,0.0,7.794642857142857,0.8862944162436548,2183.65869140625,-7249402624.0,224.0,0.0,0.0,0.0,1.0,1.0
11864283.0,0.020128149539232254,5.004472255706787,0.0,10.0,0.012185116298496723,24.235565185546875,0.9118987341772152,0.0,0.0,0.0,11.25625,0.9184089750127487,2567.106201171875,-5179586304.0,160.0,0.0,0.0,0.0,1.0,1.0
15644685.0,0.020379578694701195,4.954923629760742,0.0,11.050000190734863,0.010637391358613968,45.72154235839844,0.8967088607594936,0.0,0.0,0.0,8.899497487437186,0.898984771573604,2599.154296875,-7920644096.0,199.0,0.0,0.0,0.0,1.0,1.0
18001682.0,0.020593490451574326,5.048798084259033,0.0,13.989999771118164,0.012417170219123363,25.083484649658203,0.8625954198473282,0.0,0.0,0.0,6.673228346456693,0.8696767573114418,2441.9833984375,-7651874304.0,254.0,0.0,0.0,0.0,1.0,1.0
15393796.0,0.02017698436975479,4.554994583129883,0.0,11.020000457763672,0.011650540865957737,24.871910095214844,0.8894549159449822,0.0,0.0,0.0,8.600985221674877,0.8958440225756799,2513.99658203125,-6922818560.0,203.0,0.0,0.0,0.0,1.0,1.0
16864552.0,0.021348781883716583,4.633383274078369,0.0,12.210000038146973,0.013063555583357811,33.12218475341797,0.894630192502533,0.0,0.0,0.0,9.197916666666666,0.9019407558733401,2555.84423828125,-6822950912.0,192.0,0.0,0.0,0.0,1.0,1.0
17822502.0,0.020899171009659767,4.8142547607421875,0.0,13.220000267028809,0.01386283803731203,19.797927856445312,0.8725888324873097,0.0,0.0,0.0,7.132780082987552,0.8770408163265306,2542.773193359375,-6527499776.0,241.0,0.0,0.0,0.0,1.0,1.0
24506956.0,0.02075180783867836,4.863699436187744,0.0,13.890000343322754,0.01412317156791687,20.656654357910156,0.8462321792260692,0.0,0.0,0.0,5.711340206185567,0.8509984639016898,2323.34765625,-10151263744.0,291.0,0.0,0.0,0.0,1.0,1.0
17559014.0,0.02072049304842949,4.917047500610352,0.0,12.800000190734863,0.015254352241754532,28.097190856933594,0.8625447112927951,0.0,0.0,0.0,6.492307692307692,0.86652977412731,2366.26953125,-7750949888.0,260.0,0.0,0.0,0.0,1.0,1.0
26264758.0,0.02107308804988861,4.688975811004639,0.0,12.270000457763672,0.011255058459937572,21.131488800048828,0.902129817444219,0.0,0.0,0.0,9.99438202247191,0.9090444557996934,2423.787109375,-9135358976.0,178.0,0.0,0.0,0.0,1.0,1.0
17238536.0,0.020787321031093597,4.83962345123291,0.0,12.630000114440918,0.01243104413151741,26.820541381835938,0.8836621143146182,0.0,0.0,0.0,8.31904761904762,0.8926928972917731,2598.40576171875,-7368749568.0,210.0,0.0,0.0,0.0,1.0,1.0
24310330.0,0.020678233355283737,4.679694652557373,0.0,13.880000114440918,0.012736625969409943,19.810272216796875,0.8743030917384693,0.0,0.0,0.0,7.2784810126582276,0.8792048929663608,1710.40380859375,-10565433088.0,237.0,0.0,0.0,0.0,1.0,1.0
18337756.0,0.020458146929740906,4.992314338684082,0.0,13.449999809265137,0.012460606172680855,26.228050231933594,0.8972809667673716,0.0,0.0,0.0,9.955307262569832,0.9087200407955125,2503.06787109375,-6440768256.0,179.0,0.0,0.0,0.0,1.0,1.0
18172776.0,0.02075948566198349,4.888443470001221,0.0,12.399999618530273,0.012386918067932129,27.149442672729492,0.8890020366598778,0.0,0.0,0.0,8.686567164179104,0.8967642526964561,2253.998779296875,-7863712256.0,201.0,0.0,0.0,0.0,1.0,1.0
19250608.0,0.020251266658306122,4.789813041687012,0.0,12.199999809265137,0.011756828986108303,28.120697021484375,0.8892821031344793,0.0,0.0,0.0,8.665024630541872,0.8965341488277269,2479.766357421875,-6594750976.0,203.0,0.0,0.0,0.0,1.0,1.0
23937932.0,0.02045968733727932,4.902505874633789,0.0,14.0600004196167,0.012542501091957092,26.432504653930664,0.8571428571428571,0.0,0.0,0.0,6.433460076045628,0.8654731457800512,2236.7890625,-9667932928.0,263.0,0.0,0.0,0.0,1.0,1.0
17694154.0,0.021141622215509415,4.903570652008057,0.0,13.829999923706055,0.012629147619009018,44.74699401855469,0.872264631043257,0.0,0.0,0.0,7.356223175965665,0.8803287108371854,2268.64599609375,-7689411840.0,233.0,0.0,0.0,0.0,1.0,1.0
12550406.0,0.020242463797330856,4.776003360748291,0.0,11.539999961853027,0.013711158186197281,28.176834106445312,0.887202832574608,0.0,0.0,0.0,8.158139534883722,0.8908075165058406,2296.4970703125,-5881625088.0,215.0,0.0,0.0,0.0,1.0,1.0
18521040.0,0.02112981118261814,4.473113536834717,0.0,12.390000343322754,0.013741458766162395,16.33333969116211,0.8974229408792319,0.0,0.0,0.0,9.758241758241759,0.9070480081716037,2076.904541015625,-6927902208.0,182.0,0.0,0.0,0.0,1.0,1.0
32717612.0,0.02083980105817318,4.9344563484191895,0.0,14.109999656677246,0.011583094485104084,37.76856231689453,0.8738601823708206,0.0,0.0,0.0,7.4034334763948495,0.8810010214504597,2320.607177734375,-10763535872.0,233.0,0.0,0.0,0.0,1.0,1.0
12575848.0,0.020589418709278107,4.5490336418151855,0.0,12.229999542236328,0.012973293662071228,26.555631637573242,0.8587012987012987,0.0,0.0,0.0,6.382239382239383,0.8645397489539749,2575.3994140625,-7219713024.0,259.0,0.0,0.0,0.0,1.0,1.0
17985988.0,0.02108345553278923,4.8220415115356445,0.0,13.220000267028809,0.013826732523739338,41.277652740478516,0.8619460010188487,0.0,0.0,0.0,6.714285714285714,0.8703703703703703,2502.55322265625,-7044081152.0,252.0,0.0,0.0,0.0,1.0,1.0
21973448.0,0.020580386742949486,4.713836193084717,0.0,12.789999961853027,0.012957513332366943,31.121646881103516,0.8803634528016153,0.0,0.0,0.0,7.682819383259912,0.884830035514967,2371.79345703125,-8471574528.0,227.0,0.0,0.0,0.0,1.0,1.0
27469936.0,0.021056700497865677,4.655247688293457,0.0,14.149999618530273,0.01460819412022829,21.967403411865234,0.84979633401222,0.0,0.0,0.0,5.815331010452962,0.8532719836400818,2007.025146484375,-10017396480.0,287.0,0.0,0.0,0.0,1.0,1.0
21146452.0,0.021326100453734398,4.997838020324707,0.0,14.569999694824219,0.013572243973612785,27.66252899169922,0.8538696537678208,0.0,0.0,0.0,6.234200743494424,0.8617677286742035,2590.942138671875,-8851064064.0,269.0,0.0,0.0,0.0,1.0,1.0
17449624.0,0.021037235856056213,4.767943859100342,0.0,14.680000305175781,0.0129003981128335,34.71593475341797,0.8600201409869084,0.0,0.0,0.0,6.859437751004016,0.8727644353602453,2582.61376953125,-6212337152.0,249.0,0.0,0.0,0.0,1.0,1.0
19942772.0,0.021175025030970573,4.553476810455322,0.0,12.430000305175781,0.01637936383485794,20.780981063842773,0.8941236068895644,0.0,0.0,0.0,8.959390862944163,0.8995922528032619,2785.989501953125,-8674893312.0,197.0,0.0,0.0,0.0,1.0,1.0
17291596.0,0.02015027031302452,5.270043849945068,0.0,14.220000267028809,0.010364496149122715,36.66797637939453,0.8653846153846154,0.0,0.0,0.0,6.6796875,0.8697863682604272,2307.885986328125,-6701693952.0,256.0,0.0,0.0,0.0,1.0,1.0
17626840.0,0.021384084597229958,4.68553352355957,0.0,14.130000114440918,0.014845169149339199,33.735084533691406,0.861336032388664,0.0,0.0,0.0,6.6484375,0.8692543411644535,2063.0205078125,-7585563136.0,256.0,0.0,0.0,0.0,1.0,1.0
14355060.0,0.0210930947214365,4.738801002502441,0.0,14.460000038146973,0.01699492707848549,29.30384635925293,0.87886467308667,0.0,0.0,0.0,7.846153846153846,0.8869565217391304,2473.2353515625,-5626524544.0,221.0,0.0,0.0,0.0,1.0,1.0
17028716.0,0.020936934277415276,4.8868513107299805,0.0,13.359999656677246,0.012325255200266838,23.858455657958984,0.8874305906108026,0.0,0.0,0.0,8.660098522167488,0.8964813870474247,2181.147216796875,-6333198336.0,203.0,0.0,0.0,0.0,1.0,1.0
21403174.0,0.021236496046185493,4.63510274887085,0.0,13.210000038146973,0.010189617983996868,19.765151977539062,0.871611253196931,0.0,0.0,0.0,7.251063829787234,0.8788035069623518,2366.77978515625,-8878216704.0,235.0,0.0,0.0,0.0,1.0,1.0
16390711.0,0.021035246551036835,4.982884407043457,0.0,13.0600004196167,0.014779703691601753,33.676761627197266,0.8797564687975646,0.0,0.0,0.0,7.846153846153846,0.8869565217391304,2068.67236328125,-8537963520.0,221.0,0.0,0.0,0.0,1.0,1.0
20130874.0,0.020684504881501198,4.875520706176758,0.0,14.6899995803833,0.011705419979989529,23.20806312561035,0.8709026727181038,0.0,0.0,0.0,7.348936170212766,0.8802242609582059,1972.5447998046875,-7892804864.0,235.0,0.0,0.0,0.0,1.0,1.0
18756222.0,0.021000146865844727,4.82636833190918,0.0,12.0600004196167,0.011422514915466309,28.259441375732422,0.8951898734177215,0.0,0.0,0.0,8.974619289340101,0.8997455470737914,2465.1572265625,-6795057920.0,197.0,0.0,0.0,0.0,1.0,1.0
10755127.0,0.020825743675231934,4.524837493896484,0.0,10.329999923706055,0.013075396418571472,25.456226348876953,0.9135490394337715,0.0,0.0,0.0,11.658064516129032,0.9209989806320081,2466.7685546875,-4990790144.0,155.0,0.0,0.0,0.0,1.0,1.0
21252442.0,0.021519429981708527,4.511507511138916,0.0,13.789999961853027,0.013672568835318089,20.801591873168945,0.8510421962379258,0.0,0.0,0.0,5.853146853146853,0.8540816326530613,2953.87158203125,-8974860544.0,286.0,0.0,0.0,0.0,1.0,1.0
16691770.0,0.020496591925621033,4.673396587371826,0.0,12.970000267028809,0.012295153923332691,24.57596206665039,0.8722757222503801,0.0,0.0,0.0,7.23109243697479,0.8785094435936702,2871.302978515625,-7335430144.0,238.0,0.0,0.0,0.0,1.0,1.0
23312858.0,0.02013293094933033,4.895292282104492,0.0,12.739999771118164,0.011973585933446884,31.74205780029297,0.878234398782344,0.0,0.0,0.0,7.4935064935064934,0.882262996941896,2265.31201171875,-9132525312.0,231.0,0.0,0.0,0.0,1.0,1.0
21451760.0,0.02131020277738571,4.893289089202881,0.0,12.149999618530273,0.01289745606482029,28.85799789428711,0.8871457489878543,0.0,0.0,0.0,8.308056872037914,0.8925661914460286,2257.318359375,-7861611520.0,211.0,0.0,0.0,0.0,1.0,1.0
18986794.0,0.020805850625038147,4.710702419281006,0.0,14.270000457763672,0.012075718492269516,32.483238220214844,0.8746192893401015,0.0,0.0,0.0,7.524017467248909,0.8826844262295082,2124.294677734375,-7054510336.0,229.0,0.0,0.0,0.0,1.0,1.0
21361852.0,0.021132921800017357,4.927511692047119,0.0,12.270000457763672,0.013207531534135342,26.11628532409668,0.9088620342396777,0.0,0.0,0.0,10.433526011560694,0.9125379170879676,1812.974609375,-7591862528.0,173.0,0.0,0.0,0.0,1.0,1.0
18143194.0,0.020385174080729485,4.704111099243164,0.0,13.739999771118164,0.010247387923300266,34.6223030090332,0.84788157223073,0.0,0.0,0.0,5.890070921985815,0.8548636129696345,2406.183837890625,-6837379328.0,282.0,0.0,0.0,0.0,1.0,1.0
17670854.0,0.020320437848567963,4.757599353790283,0.0,14.640000343322754,0.014504212886095047,27.554107666015625,0.8856853818917552,0.0,0.0,0.0,8.144186046511628,0.8906408952187183,2327.6240234375,-9713458432.0,215.0,0.0,0.0,0.0,1.0,1.0
24985124.0,0.020897995680570602,4.520421028137207,0.0,13.619999885559082,0.012163970619440079,28.240617752075195,0.8771035186129525,0.0,0.0,0.0,7.288135593220339,0.8793456032719836,2270.41748046875,-9652738048.0,236.0,0.0,0.0,0.0,1.0,1.0
35336600.0,0.02108578197658062,4.827510356903076,0.0,15.319999694824219,0.01149130892008543,32.8297004699707,0.8693670886075949,0.0,0.0,0.0,7.0081632653061225,0.8751274209989807,1908.97265625,-11385471488.0,245.0,0.0,0.0,0.0,1.0,1.0
19237920.0,0.020465578883886337,4.836166858673096,0.0,11.0600004196167,0.015334201976656914,24.638643264770508,0.8964467005076142,0.0,0.0,0.0,8.919191919191919,0.8991853360488798,2298.06103515625,-8099347712.0,198.0,0.0,0.0,0.0,1.0,1.0
17615434.0,0.02089434117078781,4.863808631896973,0.0,12.40999984741211,0.010818415321409702,27.271995544433594,0.8734047983665135,0.0,0.0,0.0,7.311965811965812,0.8796915167095116,2408.41162109375,-6664910848.0,234.0,0.0,0.0,0.0,1.0,1.0
13749755.0,0.021344458684325218,4.844595432281494,0.0,11.319999694824219,0.013731244020164013,33.23781967163086,0.8872524123920772,0.0,0.0,0.0,8.358851674641148,0.8931492842535788,2617.723388671875,-7112635136.0,209.0,0.0,0.0,0.0,1.0,1.0
26133964.0,0.021185800433158875,4.772696018218994,0.0,14.300000190734863,0.011335192248225212,24.483089447021484,0.8646044624746451,0.0,0.0,0.0,6.686274509803922,0.8698979591836735,2022.10595703125,-10408199936.0,255.0,0.0,0.0,0.0,1.0,1.0
18795486.0,0.02107168920338154,4.501842498779297,0.0,13.90999984741211,0.012316365726292133,31.48318099975586,0.8619989852866565,0.0,0.0,0.0,6.3632958801498125,0.8641912512716174,2590.2529296875,-8133350400.0,267.0,0.0,0.0,0.0,1.0,1.0
23548352.0,0.020992940291762352,4.981102466583252,0.0,13.350000381469727,0.011910030618309975,23.591230392456055,0.8569246435845214,0.0,0.0,0.0,6.279850746268656,0.8626345463864685,2115.059326171875,-9322403584.0,268.0,0.0,0.0,0.0,1.0,1.0
20671708.0,0.020708095282316208,4.8539228439331055,0.0,14.1899995803833,0.011744309216737747,16.520082473754883,0.8671717171717171,0.0,0.0,0.0,6.868,0.8729028978139298,2413.58984375,-7783211520.0,250.0,0.0,0.0,0.0,1.0,1.0
14753010.0,0.02077934704720974,4.530907154083252,0.0,11.470000267028809,0.0105101577937603,27.906478881835938,0.8529713114754098,0.0,0.0,0.0,5.88339222614841,0.8547227926078029,2243.242919921875,-6729314304.0,283.0,0.0,0.0,0.0,1.0,1.0
19996006.0,0.020918788388371468,4.799816131591797,0.0,13.920000076293945,0.012784102000296116,26.742393493652344,0.8748099341104917,0.0,0.0,0.0,7.282700421940929,0.8792664289353032,2347.0068359375,-9201837312.0,237.0,0.0,0.0,0.0,1.0,1.0
26107428.0,0.02041080966591835,4.851254940032959,0.0,14.34000015258789,0.011861411854624748,30.535356521606445,0.8666666666666667,0.0,0.0,0.0,6.782608695652174,0.8715083798882681,2154.576416015625,-9969133824.0,253.0,0.0,0.0,0.0,1.0,1.0
15898386.0,0.02050086110830307,4.639287948608398,0.0,11.670000076293945,0.012395949102938175,39.36903381347656,0.8800813008130082,0.0,0.0,0.0,7.5964912280701755,0.8836734693877552,2159.156005859375,-6393830912.0,228.0,0.0,0.0,0.0,1.0,1.0
18848464.0,0.020451365038752556,4.6651530265808105,0.0,11.079999923706055,0.011688011698424816,31.76045799255371,0.8801020408163265,0.0,0.0,0.0,7.949308755760368,0.888259526261586,2291.273681640625,-7988055040.0,217.0,0.0,0.0,0.0,1.0,1.0
20969050.0,0.02063310705125332,4.922156810760498,0.0,13.550000190734863,0.009992561303079128,28.35942840576172,0.8816056910569106,0.0,0.0,0.0,7.815315315315315,0.886561062851303,2279.478759765625,-6685366784.0,222.0,0.0,0.0,0.0,1.0,1.0
24192408.0,0.02116582915186882,4.7405877113342285,0.0,14.84000015258789,0.013712717220187187,24.107946395874023,0.8896725440806046,0.0,0.0,0.0,8.742574257425742,0.8973577235772358,2143.054443359375,-8681393408.0,202.0,0.0,0.0,0.0,1.0,1.0
15247459.0,0.020681187510490417,4.758392333984375,0.0,11.760000228881836,0.01083788275718689,27.02355194091797,0.8894549159449822,0.0,0.0,0.0,8.235849056603774,0.891726251276813,2327.329345703125,-6260415488.0,212.0,0.0,0.0,0.0,1.0,1.0
17588232.0,0.020998144522309303,4.935728073120117,0.0,10.729999542236328,0.012372015044093132,14.929473876953125,0.8874305906108026,0.0,0.0,0.0,8.492753623188406,0.8946564885496183,2664.59912109375,-7401930240.0,207.0,0.0,0.0,0.0,1.0,1.0
25607050.0,0.021029861643910408,5.032720565795898,0.0,12.34000015258789,0.014074014499783516,26.47968864440918,0.8964123294593229,0.0,0.0,0.0,9.336842105263157,0.9032586558044806,2509.4912109375,-9114430976.0,190.0,0.0,0.0,0.0,1.0,1.0
27066120.0,0.020500250160694122,4.656942844390869,0.0,13.829999923706055,0.012488869950175285,39.38435745239258,0.8670374115267947,0.0,0.0,0.0,7.028688524590164,0.8754466564573762,2289.69970703125,-9478943232.0,244.0,0.0,0.0,0.0,1.0,1.0
18996582.0,0.021176813170313835,4.722169876098633,0.0,12.640000343322754,0.012919445522129536,24.408645629882812,0.871377732587697,0.0,0.0,0.0,7.171548117154812,0.8776241679467486,2188.2099609375,-7633516544.0,239.0,0.0,0.0,0.0,1.0,1.0
20439716.0,0.02109549567103386,4.877866744995117,0.0,13.390000343322754,0.01152625773102045,23.750080108642578,0.8908629441624365,0.0,0.0,0.0,8.688118811881187,0.8967807869187532,2369.48095703125,-10096973568.0,202.0,0.0,0.0,0.0,1.0,1.0
21433978.0,0.020868439227342606,5.039419174194336,0.0,13.420000076293945,0.014130519703030586,32.30561828613281,0.8725241239207719,0.0,0.0,0.0,7.158333333333333,0.8774259448416751,2412.365234375,-8482078464.0,240.0,0.0,0.0,0.0,1.0,1.0
16883548.0,0.020866759121418,4.559177398681641,0.0,13.350000381469727,0.014438869431614876,21.29376983642578,0.8742362525458248,0.0,0.0,0.0,7.530701754385965,0.8827763496143959,1924.4212646484375,-9073206528.0,228.0,0.0,0.0,0.0,1.0,1.0
17307678.0,0.021008260548114777,4.657110691070557,0.0,12.170000076293945,0.014410870149731636,32.74921798706055,0.8950304259634888,0.0,0.0,0.0,8.825,0.8982188295165394,2480.07666015625,-6693983744.0,200.0,0.0,0.0,0.0,1.0,1.0
21210438.0,0.02089187689125538,4.865058422088623,0.0,10.850000381469727,0.011913473717868328,34.00895690917969,0.8757637474541752,0.0,0.0,0.0,7.577092511013216,0.8834103749357987,2386.984130859375,-9451052544.0,227.0,0.0,0.0,0.0,1.0,1.0
18301830.0,0.02019241638481617,4.578078269958496,0.0,13.25,0.011216890066862106,22.039934158325195,0.8823826350328117,0.0,0.0,0.0,7.873873873873874,0.8873096446700508,2141.9560546875,-7824070400.0,222.0,0.0,0.0,0.0,1.0,1.0
26923356.0,0.020816834643483162,4.482836723327637,0.0,13.510000228881836,0.013180555775761604,21.581533432006836,0.8717424629535002,0.0,0.0,0.0,6.991803278688525,0.8748717948717949,2373.415771484375,-10704423424.0,244.0,0.0,0.0,0.0,1.0,1.0
17572682.0,0.020856335759162903,4.798112392425537,0.0,12.59000015258789,0.012686429545283318,35.33188247680664,0.8632172131147541,0.0,0.0,0.0,6.821862348178137,0.8721532091097308,2587.308349609375,-7467593472.0,247.0,0.0,0.0,0.0,1.0,1.0
20542192.0,0.02143722213804722,4.763583183288574,0.0,12.449999809265137,0.012491568922996521,32.76731872558594,0.8956962025316456,0.0,0.0,0.0,9.310526315789474,0.9030117406840225,2190.046142578125,-7591550720.0,190.0,0.0,0.0,0.0,1.0,1.0
29366320.0,0.020936256274580956,4.611806869506836,0.0,12.119999885559082,0.012983499094843864,31.965097427368164,0.8767676767676768,0.0,0.0,0.0,7.450643776824034,0.8816658202133062,2275.001708984375,-11225021696.0,233.0,0.0,0.0,0.0,1.0,1.0
27739514.0,0.022041652351617813,4.77061653137207,0.0,14.270000457763672,0.011490806937217712,30.925485610961914,0.850944359367024,0.0,0.0,0.0,6.018050541516246,0.8575102880658436,2068.0078125,-10210614016.0,277.0,0.0,0.0,0.0,1.0,1.0
19288094.0,0.020820818841457367,4.7874674797058105,0.0,12.710000038146973,0.013292180374264717,20.200719833374023,0.8789420142421159,0.0,0.0,0.0,7.68,0.8847926267281107,2115.59716796875,-7322494208.0,225.0,0.0,0.0,0.0,1.0,1.0
24758630.0,0.021141285076737404,4.536450386047363,0.0,13.9399995803833,0.01534507516771555,26.12325668334961,0.8381827462991323,0.0,0.0,0.0,5.366013071895424,0.8429158110882957,1843.7359619140625,-11510170112.0,306.0,0.0,0.0,0.0,1.0,1.0
21716240.0,0.02102196030318737,4.8673014640808105,0.0,13.180000305175781,0.014794858172535896,25.751972198486328,0.8728470111448835,0.0,0.0,0.0,7.119834710743802,0.8768447837150127,1906.798095703125,-8984055552.0,242.0,0.0,0.0,0.0,1.0,1.0
22976262.0,0.02094399183988571,4.830410480499268,0.0,14.970000267028809,0.012256519868969917,30.453758239746094,0.8638449770525243,0.0,0.0,0.0,6.643137254901961,0.8691636736788096,2327.806884765625,-8669792512.0,255.0,0.0,0.0,0.0,1.0,1.0
13095327.0,0.020401103422045708,4.623310089111328,0.0,11.649999618530273,0.01304745301604271,23.76640510559082,0.8821446636317652,0.0,0.0,0.0,7.963470319634703,0.8884360672440142,2565.86767578125,-6784294656.0,219.0,0.0,0.0,0.0,1.0,1.0
29154022.0,0.021816961467266083,4.554373264312744,0.0,14.930000305175781,0.014272204600274563,23.393688201904297,0.8346017250126839,0.0,0.0,0.0,5.289389067524116,0.841002044989775,2283.03125,-9959845376.0,311.0,0.0,0.0,0.0,1.0,1.0
17893256.0,0.020987244322896004,4.769203186035156,0.0,12.90999984741211,0.012275269255042076,18.609695434570312,0.8761421319796955,0.0,0.0,0.0,7.471861471861472,0.8819621870209504,2468.492431640625,-8783379200.0,231.0,0.0,0.0,0.0,1.0,1.0
15951301.0,0.02113758772611618,4.934361457824707,0.0,13.819999694824219,0.012757699005305767,30.215614318847656,0.8588056680161943,0.0,0.0,0.0,6.501915708812261,0.8667007150153218,2255.629150390625,-7420275456.0,261.0,0.0,0.0,0.0,1.0,1.0
16243366.0,0.020481569692492485,4.694159030914307,0.0,12.579999923706055,0.012762580998241901,30.496456146240234,0.8846153846153846,0.0,0.0,0.0,8.092592592592593,0.890020366598778,2196.2314453125,-6912188928.0,216.0,0.0,0.0,0.0,1.0,1.0
15858932.0,0.020161796361207962,4.611348628997803,0.0,11.260000228881836,0.011113662272691727,17.638368606567383,0.9120768064679131,0.0,0.0,0.0,11.424050632911392,0.9195109526235354,2216.83837890625,-5856529664.0,158.0,0.0,0.0,0.0,1.0,1.0
18943120.0,0.02119646966457367,4.433203220367432,0.0,13.550000190734863,0.011116523295640945,26.620891571044922,0.8825316455696203,0.0,0.0,0.0,8.502439024390243,0.8947638603696099,2287.83984375,-7263028224.0,205.0,0.0,0.0,0.0,1.0,1.0
18760422.0,0.02120758220553398,4.5609846115112305,0.0,11.720000267028809,0.014361345209181309,22.28119468688965,0.8938321536905965,0.0,0.0,0.0,8.666666666666666,0.896551724137931,2190.32958984375,-7782934016.0,204.0,0.0,0.0,0.0,1.0,1.0
18323252.0,0.020889736711978912,4.815850257873535,0.0,13.770000457763672,0.012106864713132381,39.754886627197266,0.8808682483594145,0.0,0.0,0.0,8.004587155963304,0.8889454915944982,2344.61767578125,-7269780480.0,218.0,0.0,0.0,0.0,1.0,1.0
12824890.0,0.021063005551695824,4.642787933349609,0.0,10.380000114440918,0.010766816325485706,25.03281021118164,0.8897357723577236,0.0,0.0,0.0,8.755,0.8974884674525884,2424.272216796875,-6760043520.0,200.0,0.0,0.0,0.0,1.0,1.0
20165934.0,0.021121060475707054,4.708279609680176,0.0,12.619999885559082,0.01206919178366661,37.87287902832031,0.8718079673135853,0.0,0.0,0.0,7.233050847457627,0.8785383427689141,2237.3798828125,-8555742720.0,236.0,0.0,0.0,0.0,1.0,1.0
17680328.0,0.021296776831150055,4.750898838043213,0.0,12.779999732971191,0.012080150656402111,25.650920867919922,0.8827690752905508,0.0,0.0,0.0,7.834080717488789,0.8868020304568528,2458.93212890625,-7019082496.0,223.0,0.0,0.0,0.0,1.0,1.0
18280300.0,0.020664120092988014,4.615018844604492,0.0,13.579999923706055,0.01340338122099638,26.019472122192383,0.8679532757745049,0.0,0.0,0.0,6.9471544715447155,0.8741687979539642,2313.862548828125,-8684367360.0,246.0,0.0,0.0,0.0,1.0,1.0
12597381.0,0.020710207521915436,4.597970962524414,0.0,12.220000267028809,0.012008795514702797,30.033592224121094,0.9063765182186235,0.0,0.0,0.0,10.724550898203592,0.914708886618999,2328.114501953125,-5219862656.0,167.0,0.0,0.0,0.0,1.0,1.0
18991620.0,0.021753517910838127,4.905337333679199,0.0,13.220000267028809,0.011783815920352936,31.58614158630371,0.8611393692777213,0.0,0.0,0.0,6.691699604743083,0.8699897225077081,2246.896240234375,-7485110784.0,253.0,0.0,0.0,0.0,1.0,1.0
24725596.0,0.02104097604751587,4.630600929260254,0.0,14.880000114440918,0.013717062771320343,24.067197799682617,0.8613509395632301,0.0,0.0,0.0,6.473282442748092,0.8661899897854954,2189.587890625,-10699644672.0,262.0,0.0,0.0,0.0,1.0,1.0
20502010.0,0.021224016323685646,4.575213432312012,0.0,12.789999961853027,0.012498061172664165,31.742855072021484,0.8771035186129525,0.0,0.0,0.0,7.319148936170213,0.8797953964194374,2056.935546875,-7474335232.0,235.0,0.0,0.0,0.0,1.0,1.0
17521320.0,0.020771536976099014,4.752281665802002,0.0,13.270000457763672,0.014493252150714397,26.57587432861328,0.8640973630831643,0.0,0.0,0.0,6.528735632183908,0.867175572519084,2420.1123046875,-9010438144.0,261.0,0.0,0.0,0.0,1.0,1.0
26925608.0,0.021636594086885452,4.581204414367676,0.0,14.210000038146973,0.012893191538751125,33.235538482666016,0.8612804878048781,0.0,0.0,0.0,6.519230769230769,0.8670076726342711,2038.207763671875,-9471084032.0,260.0,0.0,0.0,0.0,1.0,1.0
29425690.0,0.02136795036494732,4.795415878295898,0.0,13.09000015258789,0.01274162158370018,35.45817565917969,0.879493670886076,0.0,0.0,0.0,7.685840707964601,0.8848700967906266,2219.744873046875,-10912696320.0,226.0,0.0,0.0,0.0,1.0,1.0
19301718.0,0.021243367344141006,4.6019415855407715,0.0,12.609999656677246,0.012440995313227177,18.394386291503906,0.8704926358557643,0.0,0.0,0.0,6.967479674796748,0.8744897959183674,2356.0537109375,-8558586880.0,246.0,0.0,0.0,0.0,1.0,1.0
21150720.0,0.020903099328279495,4.5500006675720215,0.0,13.039999961853027,0.01493203267455101,24.782194137573242,0.84788157223073,0.0,0.0,0.0,5.7874564459930316,0.8526694045174538,2000.54052734375,-9187270656.0,287.0,0.0,0.0,0.0,1.0,1.0
20129780.0,0.020995141938328743,4.882802963256836,0.0,12.970000267028809,0.01344507746398449,22.70879554748535,0.8923857868020305,0.0,0.0,0.0,9.10880829015544,0.9010763710917479,2289.26171875,-8002171392.0,193.0,0.0,0.0,0.0,1.0,1.0
17272934.0,0.020752077922225,4.723025798797607,0.0,12.930000305175781,0.011263047344982624,28.85430145263672,0.8733468972533062,0.0,0.0,0.0,7.337606837606837,0.8800615069195284,2729.78515625,-7121894912.0,234.0,0.0,0.0,0.0,1.0,1.0
23652096.0,0.020649103447794914,4.665387153625488,0.0,13.420000076293945,0.0144127756357193,24.02147674560547,0.8732179226069247,0.0,0.0,0.0,7.588495575221239,0.8835651725914477,1876.3853759765625,-8452027136.0,226.0,0.0,0.0,0.0,1.0,1.0
17428362.0,0.02141275629401207,4.76771879196167,0.0,11.75,0.011309481225907803,17.520423889160156,0.8920570264765784,0.0,0.0,0.0,8.984615384615385,0.8998459167950693,2457.136962890625,-6780777984.0,195.0,0.0,0.0,0.0,1.0,1.0
17630648.0,0.020673174411058426,4.6973161697387695,0.0,13.920000076293945,0.012754883617162704,25.282623291015625,0.8631043256997456,0.0,0.0,0.0,6.5482625482625485,0.8675191815856778,2432.84423828125,-6968781824.0,259.0,0.0,0.0,0.0,1.0,1.0
22116628.0,0.02126842923462391,4.370060920715332,0.0,13.039999961853027,0.013898460194468498,19.12641716003418,0.8792048929663608,0.0,0.0,0.0,7.565789473684211,0.8832565284178188,2080.63623046875,-8775538944.0,228.0,0.0,0.0,0.0,1.0,1.0
16745889.0,0.020905518904328346,4.525559902191162,0.0,13.460000038146973,0.011513643898069859,30.99530029296875,0.8812531581606872,0.0,0.0,0.0,8.0,0.8888888888888888,2343.823486328125,-6895742208.0,218.0,0.0,0.0,0.0,1.0,1.0
16683661.0,0.020975129678845406,4.604829788208008,0.0,14.079999923706055,0.01319974847137928,20.123857498168945,0.8452868852459017,0.0,0.0,0.0,5.689655172413793,0.8505154639175257,2332.58349609375,-8237067264.0,290.0,0.0,0.0,0.0,1.0,1.0
22205552.0,0.021343523636460304,4.612558364868164,0.0,13.130000114440918,0.012282880023121834,16.344921112060547,0.8773441459706032,0.0,0.0,0.0,7.526086956521739,0.8827129015808262,2597.27685546875,-9724036608.0,230.0,0.0,0.0,0.0,1.0,1.0
16329773.0,0.02048170566558838,4.63737154006958,0.0,12.069999694824219,0.015096700750291348,30.317237854003906,0.8722534491568728,0.0,0.0,0.0,7.1722689075630255,0.8776349614395886,2206.57080078125,-8568432384.0,238.0,0.0,0.0,0.0,1.0,1.0
31303646.0,0.020823927596211433,4.664951324462891,0.0,13.859999656677246,0.01369018480181694,21.218547821044922,0.8612952575216726,0.0,0.0,0.0,6.893877551020408,0.8733195449844882,2249.71484375,-10147893760.0,245.0,0.0,0.0,0.0,1.0,1.0
19845612.0,0.020915426313877106,4.85664176940918,0.0,12.279999732971191,0.011493941769003868,29.661930084228516,0.8759571209800919,0.0,0.0,0.0,7.460869565217391,0.881808838643371,2156.046875,-9302061056.0,230.0,0.0,0.0,0.0,1.0,1.0
17856408.0,0.02140204980969429,4.66933536529541,0.0,12.630000114440918,0.013762574642896652,40.19538879394531,0.8649060436769934,0.0,0.0,0.0,6.757936507936508,0.8710997442455243,2275.6943359375,-7854218240.0,252.0,0.0,0.0,0.0,1.0,1.0
16054108.0,0.02113775536417961,4.82981538772583,0.0,12.479999542236328,0.012690735049545765,33.439971923828125,0.8803852002027369,0.0,0.0,0.0,7.789237668161435,0.8862244897959184,2611.039794921875,-9023247360.0,223.0,0.0,0.0,0.0,1.0,1.0
18485606.0,0.020815886557102203,4.383617877960205,0.0,14.539999961853027,0.012576494365930557,19.431591033935547,0.8611955420466059,0.0,0.0,0.0,6.390977443609023,0.8646998982706002,2287.604248046875,-11887072256.0,266.0,0.0,0.0,0.0,1.0,1.0
23613538.0,0.021524125710129738,4.576571941375732,0.0,13.8100004196167,0.014606363140046597,26.935590744018555,0.8577256501784803,0.0,0.0,0.0,6.299625468164794,0.8630066700872242,2234.04052734375,-12797376000.0,267.0,0.0,0.0,0.0,1.0,1.0
16864488.0,0.020534057170152664,4.607271671295166,0.0,12.100000381469727,0.011388365179300308,24.287771224975586,0.8955375253549696,0.0,0.0,0.0,9.103092783505154,0.9010204081632653,2582.873291015625,-6881872896.0,194.0,0.0,0.0,0.0,1.0,1.0
16240576.0,0.02053695358335972,4.492895126342773,0.0,12.550000190734863,0.013111659325659275,29.72163963317871,0.85947879407256,0.0,0.0,0.0,6.229629629629629,0.8616803278688525,2272.825439453125,-9761084672.0,270.0,0.0,0.0,0.0,1.0,1.0
18852674.0,0.02096007764339447,4.687241554260254,0.0,13.5600004196167,0.012064415030181408,35.93549728393555,0.875381485249237,0.0,0.0,0.0,7.787330316742081,0.8861997940267765,2164.14794921875,-9944958464.0,221.0,0.0,0.0,0.0,1.0,1.0
25499264.0,0.021529631689190865,4.769323825836182,0.0,15.880000114440918,0.014639530330896378,28.615333557128906,0.806910569105691,0.0,0.0,0.0,4.315217391304348,0.8118609406952966,2279.7548828125,-10309979648.0,368.0,0.0,0.0,0.0,1.0,1.0
16021228.0,0.021315980702638626,4.874732494354248,0.0,13.079999923706055,0.012691738083958626,27.588180541992188,0.8749359302921579,0.0,0.0,0.0,7.233050847457627,0.8785383427689141,2192.45458984375,-7290870784.0,236.0,0.0,0.0,0.0,1.0,1.0
17804940.0,0.020848717540502548,4.675530910491943,0.0,12.4399995803833,0.0116483885794878,28.135704040527344,0.8792664289353032,0.0,0.0,0.0,7.5701754385964914,0.8833162743091095,2179.563232421875,-7340740608.0,228.0,0.0,0.0,0.0,1.0,1.0
14553600.0,0.021254392340779305,4.70185661315918,0.0,12.210000038146973,0.011202294379472733,17.81482696533203,0.8649616368286445,0.0,0.0,0.0,6.873983739837398,0.8729994837377387,2165.251220703125,-7230456320.0,246.0,0.0,0.0,0.0,1.0,1.0
16448837.0,0.021089602261781693,4.587167739868164,0.0,12.539999961853027,0.011378137394785881,31.20759391784668,0.8715596330275229,0.0,0.0,0.0,7.3076923076923075,0.8796296296296297,2249.71728515625,-6093628928.0,234.0,0.0,0.0,0.0,1.0,1.0
19440268.0,0.02105380967259407,4.7554402351379395,0.0,13.0,0.012796719558537006,27.392108917236328,0.8554587391081496,0.0,0.0,0.0,6.274436090225564,0.8625322997416021,2422.529541015625,-7605527296.0,266.0,0.0,0.0,0.0,1.0,1.0
22677018.0,0.020730407908558846,4.56711483001709,0.0,14.239999771118164,0.011134449392557144,26.744997024536133,0.8750629722921914,0.0,0.0,0.0,7.72,0.8853211009174312,2438.9990234375,-7903030784.0,225.0,0.0,0.0,0.0,1.0,1.0
19248702.0,0.020843971520662308,4.670875072479248,0.0,13.199999809265137,0.013890203088521957,17.65467071533203,0.8922610015174507,0.0,0.0,0.0,8.864321608040202,0.8986245542536934,2295.87255859375,-7733942272.0,199.0,0.0,0.0,0.0,1.0,1.0
24034078.0,0.021108005195856094,4.767332077026367,0.0,13.579999923706055,0.012377793900668621,37.39338302612305,0.8665992925720061,0.0,0.0,0.0,6.596153846153846,0.8683544303797468,2258.3134765625,-9213726464.0,260.0,0.0,0.0,0.0,1.0,1.0
19741092.0,0.020812129601836205,4.810426235198975,0.0,13.050000190734863,0.01291959173977375,27.128807067871094,0.8789260385005065,0.0,0.0,0.0,7.643171806167401,0.8843017329255861,2215.3115234375,-7373520640.0,227.0,0.0,0.0,0.0,1.0,1.0
22145424.0,0.021330129355192184,4.752453804016113,0.0,14.199999809265137,0.01333649642765522,26.40966033935547,0.8682209832742017,0.0,0.0,0.0,6.744094488188976,0.8708693441789527,2323.2900390625,-8430562304.0,254.0,0.0,0.0,0.0,1.0,1.0
23326470.0,0.021023893728852272,4.8155975341796875,0.0,14.960000038146973,0.01073563564568758,26.498477935791016,0.899492385786802,0.0,0.0,0.0,9.181347150259068,0.9017811704834605,2280.76025390625,-8791102976.0,193.0,0.0,0.0,0.0,1.0,1.0
15381560.0,0.021098580211400986,4.722905158996582,0.0,11.600000381469727,0.011259355582296848,26.80084800720215,0.8888324873096447,0.0,0.0,0.0,8.338095238095239,0.8929117797042325,2328.91259765625,-9169269504.0,210.0,0.0,0.0,0.0,1.0,1.0
18890442.0,0.020856987684965134,4.697649955749512,0.0,12.1899995803833,0.009988060221076012,23.155860900878906,0.8764616166751398,0.0,0.0,0.0,7.56140350877193,0.8831967213114754,2443.90771484375,-8839935232.0,228.0,0.0,0.0,0.0,1.0,1.0
18089672.0,0.020261064171791077,4.449685096740723,0.0,12.4399995803833,0.011951961554586887,22.7007999420166,0.8935631018753167,0.0,0.0,0.0,8.949238578680204,0.8994897959183673,2470.03564453125,-7545499648.0,197.0,0.0,0.0,0.0,1.0,1.0
20841032.0,0.020827559754252434,4.9543843269348145,0.0,12.210000038146973,0.01149702724069357,27.70873260498047,0.8917004048582996,0.0,0.0,0.0,8.766169154228855,0.8976057055527255,2144.998046875,-7047229696.0,201.0,0.0,0.0,0.0,1.0,1.0
18081834.0,0.021090025082230568,4.878828525543213,0.0,12.770000457763672,0.012623131275177002,24.29844856262207,0.8797953964194374,0.0,0.0,0.0,7.889908256880734,0.8875128998968008,2001.5723876953125,-8180439040.0,218.0,0.0,0.0,0.0,1.0,1.0
18543302.0,0.020896602421998978,4.824474334716797,0.0,12.289999961853027,0.011158490553498268,21.352142333984375,0.8844399391789154,0.0,0.0,0.0,8.078703703703704,0.8898521162672106,2656.281005859375,-7428843520.0,216.0,0.0,0.0,0.0,1.0,1.0
21811522.0,0.02093750797212124,4.578752040863037,0.0,12.220000267028809,0.012499161995947361,34.57765197753906,0.8725690890481065,0.0,0.0,0.0,7.163865546218488,0.8775090066906845,2225.920166015625,-8980415488.0,238.0,0.0,0.0,0.0,1.0,1.0
20810656.0,0.020919501781463623,4.737888336181641,0.0,13.670000076293945,0.012247394770383835,22.03064727783203,0.8540816326530613,0.0,0.0,0.0,6.2,0.8611111111111112,2152.978515625,-7609691648.0,270.0,0.0,0.0,0.0,1.0,1.0
24583582.0,0.02117813751101494,4.843985080718994,0.0,13.010000228881836,0.009968495927751064,39.340484619140625,0.8746161719549642,0.0,0.0,0.0,7.210970464135021,0.8782117163412128,2645.60400390625,-9662289664.0,237.0,0.0,0.0,0.0,1.0,1.0
15867581.0,0.02051471173763275,4.6753435134887695,0.0,13.8100004196167,0.015469050966203213,23.038455963134766,0.8768447837150127,0.0,0.0,0.0,7.691964285714286,0.8849512069851053,2505.95458984375,-7039152640.0,224.0,0.0,0.0,0.0,1.0,1.0
18258470.0,0.020751817151904106,4.579504013061523,0.0,12.529999732971191,0.011616243049502373,31.239728927612305,0.8759571209800919,0.0,0.0,0.0,7.428571428571429,0.8813559322033898,2554.22705078125,-6862981632.0,231.0,0.0,0.0,0.0,1.0,1.0
19443720.0,0.021035315468907356,4.623307704925537,0.0,12.260000228881836,0.012333178892731667,13.129451751708984,0.8922064777327935,0.0,0.0,0.0,8.727722772277227,0.8972010178117048,2200.3896484375,-7225901568.0,202.0,0.0,0.0,0.0,1.0,1.0
22657162.0,0.020716583356261253,4.715344429016113,0.0,12.890000343322754,0.012812275439500809,24.96710205078125,0.8850457782299085,0.0,0.0,0.0,7.945205479452055,0.888208269525268,2395.298583984375,-9581720832.0,219.0,0.0,0.0,0.0,1.0,1.0
19912940.0,0.02057470753788948,4.454118728637695,0.0,13.600000381469727,0.015122141689062119,22.136600494384766,0.8694331983805668,0.0,0.0,0.0,6.983739837398374,0.8747454175152749,2235.593017578125,-16131854336.0,246.0,0.0,0.0,0.0,1.0,1.0
29929800.0,0.020666200667619705,4.544281482696533,0.0,10.869999885559082,0.015220727771520615,15.332907676696777,0.8891700404858299,0.0,0.0,0.0,8.327014218009479,0.8927845528455285,2223.748291015625,-10588547072.0,211.0,0.0,0.0,0.0,1.0,1.0
22022138.0,0.02063809707760811,4.737880229949951,0.0,12.420000076293945,0.012724226340651512,17.96466827392578,0.866735007688365,0.0,0.0,0.0,6.7103174603174605,0.8703036541430778,2467.53076171875,-12069154304.0,252.0,0.0,0.0,0.0,1.0,1.0
18108898.0,0.02069418877363205,4.544790744781494,0.0,12.699999809265137,0.012707923538982868,36.091148376464844,0.8884946781550938,0.0,0.0,0.0,8.38755980861244,0.8934760448521917,2069.35791015625,-7517564160.0,209.0,0.0,0.0,0.0,1.0,1.0
21279444.0,0.020880233496427536,4.753576278686523,0.0,13.739999771118164,0.012446729466319084,22.050424575805664,0.8744918699186992,0.0,0.0,0.0,7.418103448275862,0.8812083973374296,2097.036376953125,-8697097216.0,232.0,0.0,0.0,0.0,1.0,1.0
22375350.0,0.020455608144402504,4.5529351234436035,0.0,12.890000343322754,0.011434657499194145,17.751394271850586,0.877210712481051,0.0,0.0,0.0,7.515151515151516,0.8825622775800712,2299.9541015625,-8588504064.0,231.0,0.0,0.0,0.0,1.0,1.0
17734744.0,0.020749788731336594,4.731482982635498,0.0,11.09000015258789,0.01243661530315876,25.975990295410156,0.8712160082093381,0.0,0.0,0.0,6.959016393442623,0.874356333676622,2185.430419921875,-7845405952.0,244.0,0.0,0.0,0.0,1.0,1.0
19716604.0,0.020716967061161995,5.003125190734863,0.0,14.380000114440918,0.0120657654479146,21.661531448364258,0.8780981284774911,0.0,0.0,0.0,7.855203619909502,0.8870720490546755,2325.46484375,-7456784896.0,221.0,0.0,0.0,0.0,1.0,1.0
21093466.0,0.020888542756438255,4.5834245681762695,0.0,11.609999656677246,0.013733343221247196,31.762935638427734,0.8820538891713269,0.0,0.0,0.0,8.183962264150944,0.8911145351823317,1983.600341796875,-9250405376.0,212.0,0.0,0.0,0.0,1.0,1.0
20335534.0,0.021233227103948593,4.810539722442627,0.0,13.699999809265137,0.011326536536216736,18.2673397064209,0.8662258392675484,0.0,0.0,0.0,6.894736842105263,0.8733333333333333,2338.44287109375,-7669714176.0,247.0,0.0,0.0,0.0,1.0,1.0
22350402.0,0.02121681161224842,4.613080024719238,0.0,13.760000228881836,0.010984494350850582,26.126041412353516,0.8556122448979592,0.0,0.0,0.0,6.304511278195489,0.863098301595471,2314.867919921875,-9924888064.0,266.0,0.0,0.0,0.0,1.0,1.0
18187508.0,0.020386701449751854,4.589293003082275,0.0,12.319999694824219,0.01182218361645937,16.55724334716797,0.8679631525076765,0.0,0.0,0.0,7.037344398340249,0.8755807950438823,2204.38818359375,-10645688576.0,241.0,0.0,0.0,0.0,1.0,1.0
25026328.0,0.020928751677274704,4.6200480461120605,0.0,13.529999732971191,0.013164414092898369,21.709861755371094,0.8762677484787018,0.0,0.0,0.0,7.448275862068965,0.8816326530612245,1997.3204345703125,-9200776960.0,232.0,0.0,0.0,0.0,1.0,1.0
16079246.0,0.021291088312864304,4.721258640289307,0.0,10.289999961853027,0.012574505060911179,17.980703353881836,0.8902996444895886,0.0,0.0,0.0,8.765,0.8975934459805428,2180.839111328125,-10118787584.0,200.0,0.0,0.0,0.0,1.0,1.0
22788044.0,0.021345827728509903,4.499818801879883,0.0,13.279999732971191,0.012959922663867474,39.97039794921875,0.8652770716827657,0.0,0.0,0.0,6.753968253968254,0.8710337768679631,2224.744140625,-9578107648.0,252.0,0.0,0.0,0.0,1.0,1.0
23172360.0,0.020997466519474983,4.687298774719238,0.0,13.460000038146973,0.011417442001402378,32.821075439453125,0.8507920286152274,0.0,0.0,0.0,6.330798479087452,0.8635892116182573,2096.18701171875,-9466981376.0,263.0,0.0,0.0,0.0,1.0,1.0
13957124.0,0.021471329033374786,4.443100929260254,0.0,11.5600004196167,0.01294281892478466,31.927921295166016,0.8932726353060192,0.0,0.0,0.0,8.699507389162562,0.8969019807008634,2599.02099609375,-6717322752.0,203.0,0.0,0.0,0.0,1.0,1.0
22276346.0,0.020980169996619225,4.784292697906494,0.0,13.680000305175781,0.01168239489197731,32.08034896850586,0.860488798370672,0.0,0.0,0.0,6.329588014981273,0.8635666836995401,2334.259521484375,-9408082688.0,267.0,0.0,0.0,0.0,1.0,1.0
21593390.0,0.020546622574329376,4.663834571838379,0.0,13.539999961853027,0.01517169177532196,29.21009635925293,0.8713420787083754,0.0,0.0,0.0,6.991902834008097,0.8748733535967579,2600.479736328125,-8592310016.0,247.0,0.0,0.0,0.0,1.0,1.0
17979236.0,0.02035331167280674,4.84697961807251,0.0,12.09000015258789,0.013448253273963928,22.965517044067383,0.898469387755102,0.0,0.0,0.0,9.46774193548387,0.9044684129429892,2321.66259765625,-7774626304.0,186.0,0.0,0.0,0.0,1.0,1.0
16529019.0,0.021015675738453865,4.493896961212158,0.0,11.34000015258789,0.015534856356680393,19.9123592376709,0.8812182741116751,0.0,0.0,0.0,7.855203619909502,0.8870720490546755,1890.27978515625,-8162587648.0,221.0,0.0,0.0,0.0,1.0,1.0
22772196.0,0.021158624440431595,4.599095344543457,0.0,15.380000114440918,0.013106251135468483,25.781023025512695,0.8396130346232179,0.0,0.0,0.0,5.4243421052631575,0.844342037890425,2258.184326171875,-11146532864.0,304.0,0.0,0.0,0.0,1.0,1.0
21840570.0,0.020482176914811134,4.45378303527832,0.0,12.970000267028809,0.013143177144229412,17.204349517822266,0.8760792280345353,0.0,0.0,0.0,7.700892857142857,0.8850692662904054,2146.556640625,-7848378112.0,224.0,0.0,0.0,0.0,1.0,1.0
26178376.0,0.02076902613043785,4.694068431854248,0.0,12.199999809265137,0.012888269498944283,20.337020874023438,0.8618925831202046,0.0,0.0,0.0,6.607843137254902,0.8685567010309279,2275.158203125,-11699055104.0,255.0,0.0,0.0,0.0,1.0,1.0
16308274.0,0.021099472418427467,4.263800144195557,0.0,13.84000015258789,0.014364494010806084,28.12273406982422,0.8617886178861789,0.0,0.0,0.0,6.424242424242424,0.8653061224489796,2664.85546875,-9529572864.0,264.0,0.0,0.0,0.0,1.0,1.0
22803290.0,0.021091589704155922,4.50751256942749,0.0,13.869999885559082,0.012409980408847332,25.18254280090332,0.8756345177664975,0.0,0.0,0.0,7.1875,0.8778625954198473,2555.886474609375,-10179087360.0,240.0,0.0,0.0,0.0,1.0,1.0
14506586.0,0.02095407247543335,4.308627605438232,0.0,10.289999961853027,0.011226081289350986,36.236778259277344,0.8728205128205129,0.0,0.0,0.0,7.181434599156118,0.8777720474471377,2186.72705078125,-6510669312.0,237.0,0.0,0.0,0.0,1.0,1.0
19719414.0,0.020749107003211975,4.387678623199463,0.0,13.569999694824219,0.010752393864095211,30.40793800354004,0.8834262544348708,0.0,0.0,0.0,8.221698113207546,0.8915601023017903,2386.25537109375,-7472846848.0,212.0,0.0,0.0,0.0,1.0,1.0
20896602.0,0.02121029794216156,4.491018295288086,0.0,12.359999656677246,0.01326620765030384,21.436256408691406,0.8823232323232323,0.0,0.0,0.0,7.86936936936937,0.8872524123920772,2418.394775390625,-10698162176.0,222.0,0.0,0.0,0.0,1.0,1.0
18093236.0,0.020976407453417778,4.6423468589782715,0.0,12.369999885559082,0.015833664685487747,29.34259796142578,0.8688524590163934,0.0,0.0,0.0,6.979423868312757,0.8746776689014956,2087.4619140625,-8457805312.0,243.0,0.0,0.0,0.0,1.0,1.0
17260716.0,0.02070465497672558,4.703377723693848,0.0,13.9399995803833,0.01078256219625473,27.63854217529297,0.8523249872253449,0.0,0.0,0.0,6.021660649819495,0.8575835475578406,2225.56689453125,-7743674880.0,277.0,0.0,0.0,0.0,1.0,1.0
17687596.0,0.021305100992321968,4.615890979766846,0.0,12.550000190734863,0.013892029412090778,20.283342361450195,0.8714139344262295,0.0,0.0,0.0,7.0,0.875,2403.376953125,-7599671808.0,243.0,0.0,0.0,0.0,1.0,1.0
16089784.0,0.02143859677016735,4.816308498382568,0.0,11.5600004196167,0.012341870926320553,21.11393165588379,0.8910386965376782,0.0,0.0,0.0,8.620689655172415,0.8960573476702509,2113.978515625,-7835834880.0,203.0,0.0,0.0,0.0,1.0,1.0
36658328.0,0.021195217967033386,4.539158821105957,0.0,15.720000267028809,0.012456962838768959,32.85603332519531,0.8629236216489631,0.0,0.0,0.0,6.796812749003984,0.8717424629535002,2273.75390625,-13092064256.0,251.0,0.0,0.0,0.0,1.0,1.0
18868968.0,0.021279267966747284,4.780604362487793,0.0,13.15999984741211,0.012573745101690292,18.721227645874023,0.8672792240939254,0.0,0.0,0.0,6.991769547325103,0.8748712667353244,2375.321533203125,-7532640256.0,243.0,0.0,0.0,0.0,1.0,1.0
21124952.0,0.021248286589980125,4.756659030914307,0.0,13.4399995803833,0.014956001192331314,14.631834030151367,0.8643807574206755,0.0,0.0,0.0,6.729083665338646,0.8706185567010309,2178.300048828125,-11824074240.0,251.0,0.0,0.0,0.0,1.0,1.0
17048682.0,0.020629795268177986,4.655445098876953,0.0,11.039999961853027,0.01366874948143959,26.15636444091797,0.8874172185430463,0.0,0.0,0.0,8.216981132075471,0.8915046059365405,2475.93603515625,-7631532544.0,212.0,0.0,0.0,0.0,1.0,1.0
22633122.0,0.020754190161824226,4.649661064147949,0.0,14.680000305175781,0.013023892417550087,19.626018524169922,0.8687943262411347,0.0,0.0,0.0,7.086776859504132,0.8763413387838528,2172.140625,-9268310528.0,242.0,0.0,0.0,0.0,1.0,1.0
33039452.0,0.021236861124634743,4.5615763664245605,0.0,14.34000015258789,0.011660792864859104,23.845054626464844,0.8719635627530364,0.0,0.0,0.0,7.270042194092827,0.8790816326530613,2056.7490234375,-12092502016.0,237.0,0.0,0.0,0.0,1.0,1.0
22001264.0,0.021013010293245316,4.408941268920898,0.0,13.239999771118164,0.016257690265774727,40.46049499511719,0.8677811550151976,0.0,0.0,0.0,6.879518072289157,0.8730886850152905,2178.91015625,-9020825856.0,249.0,0.0,0.0,0.0,1.0,1.0
23571142.0,0.021073749288916588,4.82273006439209,0.0,13.619999885559082,0.014191925525665283,18.796358108520508,0.8593908629441624,0.0,0.0,0.0,6.437262357414449,0.8655419222903885,2447.018310546875,-9364315648.0,263.0,0.0,0.0,0.0,1.0,1.0
18286684.0,0.021466320380568504,4.5495100021362305,0.0,13.0600004196167,0.014124996028840542,27.36492156982422,0.8743667679837892,0.0,0.0,0.0,7.407725321888412,0.8810617662072486,2623.3056640625,-10207950592.0,233.0,0.0,0.0,0.0,1.0,1.0
15178409.0,0.020969336852431297,4.82047176361084,0.0,12.119999885559082,0.010678466409444809,19.371334075927734,0.8884381338742393,0.0,0.0,0.0,8.382775119617225,0.8934217236104028,2211.441162109375,-9809877504.0,209.0,0.0,0.0,0.0,1.0,1.0
23155750.0,0.02061629295349121,4.498266220092773,0.0,15.050000190734863,0.011433642357587814,19.076337814331055,0.8804841149773072,0.0,0.0,0.0,7.493562231759657,0.8822637695805963,2308.9599609375,-8426546944.0,233.0,0.0,0.0,0.0,1.0,1.0
13688302.0,0.021275270730257034,4.6998796463012695,0.0,12.789999961853027,0.012426193803548813,26.419191360473633,0.8711156393275599,0.0,0.0,0.0,7.633928571428571,0.8841778697001034,2208.906005859375,-7499435776.0,224.0,0.0,0.0,0.0,1.0,1.0
12577696.0,0.02063072845339775,4.881402969360352,0.0,11.8100004196167,0.012982905842363834,24.534622192382812,0.8839918946301925,0.0,0.0,0.0,8.116279069767442,0.8903061224489796,2374.31396484375,-7683413504.0,215.0,0.0,0.0,0.0,1.0,1.0
23423326.0,0.02137766405940056,4.713008880615234,0.0,13.170000076293945,0.011421331204473972,44.9568977355957,0.8735398679532758,0.0,0.0,0.0,7.610619469026549,0.8838643371017472,2364.56201171875,-9009058816.0,226.0,0.0,0.0,0.0,1.0,1.0
23908122.0,0.020938603207468987,4.766600131988525,0.0,16.31999969482422,0.015194197185337543,21.625957489013672,0.8566344687341129,0.0,0.0,0.0,6.3584905660377355,0.8641025641025641,2212.8916015625,-8993347072.0,265.0,0.0,0.0,0.0,1.0,1.0
21600108.0,0.020880289375782013,4.470383167266846,0.0,14.050000190734863,0.01177920401096344,13.649972915649414,0.8598369011213048,0.0,0.0,0.0,6.46360153256705,0.8660164271047228,2120.352783203125,-10434629632.0,261.0,0.0,0.0,0.0,1.0,1.0
21059590.0,0.02117563970386982,4.602658271789551,0.0,15.850000381469727,0.014559154398739338,23.77775001525879,0.8229591836734694,0.0,0.0,0.0,4.90273556231003,0.8305870236869207,2184.417236328125,-13193802240.0,329.0,0.0,0.0,0.0,1.0,1.0
20115950.0,0.020968448370695114,4.601955890655518,0.0,12.270000457763672,0.014616265892982483,16.418556213378906,0.854573484069887,0.0,0.0,0.0,6.205223880597015,0.8612118073537027,2546.965087890625,-8646232576.0,268.0,0.0,0.0,0.0,1.0,1.0
22825566.0,0.02112620137631893,4.407897472381592,0.0,15.010000228881836,0.013314217329025269,20.720596313476562,0.8546835443037974,0.0,0.0,0.0,6.160583941605839,0.8603465851172273,2208.64453125,-8973897984.0,274.0,0.0,0.0,0.0,1.0,1.0
17772870.0,0.021082352846860886,4.575903415679932,0.0,12.300000190734863,0.013347304426133633,31.62898063659668,0.8959918822932521,0.0,0.0,0.0,9.056410256410256,0.9005609382967874,2388.01708984375,-7917682944.0,195.0,0.0,0.0,0.0,1.0,1.0
18288136.0,0.020598310977220535,4.832284927368164,0.0,12.270000457763672,0.009646871127188206,21.617740631103516,0.8657478305257784,0.0,0.0,0.0,6.73015873015873,0.8706365503080082,2298.53955078125,-9340425216.0,252.0,0.0,0.0,0.0,1.0,1.0
16382584.0,0.021209707483649254,4.815794467926025,0.0,11.880000114440918,0.012983562424778938,19.066850662231445,0.8802852776362711,0.0,0.0,0.0,7.9631336405529956,0.8884318766066838,2515.03564453125,-10612143360.0,217.0,0.0,0.0,0.0,1.0,1.0
17246892.0,0.0206286683678627,4.653680324554443,0.0,12.199999809265137,0.011996645480394363,26.62798309326172,0.883043922369765,0.0,0.0,0.0,7.894977168949771,0.8875770020533881,2177.15478515625,-7219452416.0,219.0,0.0,0.0,0.0,1.0,1.0
23349092.0,0.021118922159075737,4.658775806427002,0.0,14.350000381469727,0.011936317197978497,23.625282287597656,0.8417818740399385,0.0,0.0,0.0,5.516778523489933,0.8465499485066942,2061.283203125,-11428609024.0,298.0,0.0,0.0,0.0,1.0,1.0
16794678.0,0.021125853061676025,4.346240043640137,0.0,14.569999694824219,0.011938709765672684,36.79159164428711,0.8640040444893832,0.0,0.0,0.0,6.975510204081632,0.8746161719549642,2109.25341796875,-7095585024.0,245.0,0.0,0.0,0.0,1.0,1.0
12678266.0,0.02053936757147312,4.427332401275635,0.0,11.039999961853027,0.012108185328543186,18.960609436035156,0.9095502779181405,0.0,0.0,0.0,11.25,0.9183673469387755,2516.908203125,-6025067520.0,160.0,0.0,0.0,0.0,1.0,1.0
22091160.0,0.020957250148057938,4.5840349197387695,0.0,13.40999984741211,0.010691997595131397,21.528249740600586,0.8743641912512716,0.0,0.0,0.0,7.64,0.8842592592592593,2057.246337890625,-10505797888.0,225.0,0.0,0.0,0.0,1.0,1.0
23395092.0,0.021147901192307472,4.687286376953125,0.0,14.529999732971191,0.012302872724831104,27.791362762451172,0.8551829268292683,0.0,0.0,0.0,6.075812274368231,0.8586734693877551,1997.94091796875,-10871894784.0,277.0,0.0,0.0,0.0,1.0,1.0
20801012.0,0.02099216915667057,4.331879138946533,0.0,13.260000228881836,0.012238306924700737,19.374610900878906,0.8679532757745049,0.0,0.0,0.0,6.919028340080971,0.873721881390593,2188.2060546875,-8580946944.0,247.0,0.0,0.0,0.0,1.0,1.0
13481925.0,0.020444229245185852,4.5500102043151855,0.0,11.229999542236328,0.014219630509614944,17.432199478149414,0.9080343607882769,0.0,0.0,0.0,10.760479041916168,0.914969450101833,2301.960693359375,-5465204352.0,167.0,0.0,0.0,0.0,1.0,1.0
18045212.0,0.0205359049141407,4.523990631103516,0.0,14.050000190734863,0.012619142420589924,19.425518035888672,0.8791097622660596,0.0,0.0,0.0,7.724444444444444,0.8853795211411105,2300.646728515625,-7368687872.0,225.0,0.0,0.0,0.0,1.0,1.0
15930652.0,0.02090756967663765,4.466472148895264,0.0,12.680000305175781,0.011767290532588959,28.174617767333984,0.8801422041645506,0.0,0.0,0.0,7.668141592920354,0.8846350178662583,2160.09326171875,-6473260544.0,226.0,0.0,0.0,0.0,1.0,1.0
24099650.0,0.021009132266044617,4.559217929840088,0.0,16.290000915527344,0.01259675994515419,22.483919143676758,0.8286445012787724,0.0,0.0,0.0,5.209003215434084,0.8389435525634387,2444.47900390625,-10898353664.0,311.0,0.0,0.0,0.0,1.0,1.0
14142323.0,0.022089719772338867,4.6176958084106445,0.0,12.149999618530273,0.01350351981818676,22.702518463134766,0.8746161719549642,0.0,0.0,0.0,7.303418803418803,0.8795676788471436,2120.224853515625,-7524066304.0,234.0,0.0,0.0,0.0,1.0,1.0
19722362.0,0.021134955808520317,4.387269020080566,0.0,14.75,0.010583926923573017,27.309133529663086,0.847526772055074,0.0,0.0,0.0,5.750865051903114,0.8518708354689902,2032.30078125,-8891445760.0,289.0,0.0,0.0,0.0,1.0,1.0
18086696.0,0.021059811115264893,4.572744369506836,0.0,13.319999694824219,0.011622839607298374,25.100746154785156,0.8539210661199385,0.0,0.0,0.0,6.14760147601476,0.8600929272070211,2201.560302734375,-7842253568.0,271.0,0.0,0.0,0.0,1.0,1.0
22091602.0,0.021084103733301163,4.720953941345215,0.0,13.699999809265137,0.014714907854795456,24.034128189086914,0.8742393509127789,0.0,0.0,0.0,7.431034482758621,0.8813905930470347,2442.052001953125,-14132892672.0,232.0,0.0,0.0,0.0,1.0,1.0
20976876.0,0.021648554131388664,4.585926055908203,0.0,11.170000076293945,0.012443610467016697,20.162851333618164,0.8700305810397554,0.0,0.0,0.0,6.995901639344262,0.8749359302921579,2313.99755859375,-11286243328.0,244.0,0.0,0.0,0.0,1.0,1.0
18386424.0,0.02144775167107582,4.456976890563965,0.0,12.609999656677246,0.012232385575771332,26.558752059936523,0.8815455007625826,0.0,0.0,0.0,7.741071428571429,0.8855975485188968,2423.595703125,-7572025600.0,224.0,0.0,0.0,0.0,1.0,1.0
15518938.0,0.02067495509982109,4.6553730964660645,0.0,12.520000457763672,0.01459305640310049,19.47345733642578,0.8893380495199595,0.0,0.0,0.0,8.502415458937199,0.8947635993899339,2358.189208984375,-6197630464.0,207.0,0.0,0.0,0.0,1.0,1.0
16477669.0,0.021219804883003235,4.598871231079102,0.0,12.960000038146973,0.012604646384716034,17.820354461669922,0.8763304612265586,0.0,0.0,0.0,7.550218340611353,0.883043922369765,2399.167236328125,-7393112064.0,229.0,0.0,0.0,0.0,1.0,1.0
19057072.0,0.02087666094303131,4.551429271697998,0.0,11.920000076293945,0.011726799421012402,31.91202163696289,0.8872524123920772,0.0,0.0,0.0,8.439613526570048,0.8940634595701126,2531.66748046875,-8123350272.0,207.0,0.0,0.0,0.0,1.0,1.0
24600670.0,0.02110607549548149,4.664533615112305,0.0,14.109999656677246,0.010853515937924385,22.083309173583984,0.8579429735234216,0.0,0.0,0.0,6.505791505791506,0.8667695473251029,2132.035400390625,-10714447104.0,259.0,0.0,0.0,0.0,1.0,1.0
23286928.0,0.020559370517730713,4.582686901092529,0.0,12.359999656677246,0.01257244125008583,19.102725982666016,0.8640081799591002,0.0,0.0,0.0,6.550387596899225,0.8675564681724846,2327.97216796875,-9741420800.0,258.0,0.0,0.0,0.0,1.0,1.0
22731160.0,0.020925607532262802,4.595720291137695,0.0,14.350000381469727,0.010894088074564934,30.94460678100586,0.8700507614213198,0.0,0.0,0.0,7.141666666666667,0.8771750255885363,2440.3671875,-8597358336.0,240.0,0.0,0.0,0.0,1.0,1.0
19592294.0,0.02112639509141445,4.544686794281006,0.0,12.9399995803833,0.012430480681359768,19.11738395690918,0.8930912758446797,0.0,0.0,0.0,8.98984771573604,0.8998983739837398,2401.312255859375,-7914500096.0,197.0,0.0,0.0,0.0,1.0,1.0
23466562.0,0.021093664690852165,4.485204219818115,0.0,14.029999732971191,0.012461943551898003,27.498258590698242,0.851063829787234,0.0,0.0,0.0,6.021505376344086,0.8575803981623277,2216.832763671875,-9473531136.0,279.0,0.0,0.0,0.0,1.0,1.0
21590318.0,0.020715784281492233,4.62856388092041,0.0,12.890000343322754,0.012642492540180683,22.351882934570312,0.8694543600203978,0.0,0.0,0.0,6.875,0.873015873015873,2493.3291015625,-8782041600.0,248.0,0.0,0.0,0.0,1.0,1.0
15971939.0,0.021177120506763458,4.685731887817383,0.0,14.279999732971191,0.012277914211153984,26.01573371887207,0.8615071283095723,0.0,0.0,0.0,6.558139534883721,0.8676923076923077,2433.86767578125,-6635214336.0,258.0,0.0,0.0,0.0,1.0,1.0
14372099.0,0.02081475965678692,4.524855136871338,0.0,13.930000305175781,0.010960536077618599,32.43263244628906,0.8887760284408329,0.0,0.0,0.0,8.293838862559241,0.8924018357980622,2332.935302734375,-8141828352.0,211.0,0.0,0.0,0.0,1.0,1.0
21969096.0,0.02158474735915661,4.483911037445068,0.0,14.039999961853027,0.01525325607508421,22.22771453857422,0.8409785932721713,0.0,0.0,0.0,5.689655172413793,0.8505154639175257,2189.176025390625,-10001808384.0,290.0,0.0,0.0,0.0,1.0,1.0
21909228.0,0.020994925871491432,4.511314392089844,0.0,14.859999656677246,0.011220556683838367,18.3372802734375,0.8316274309109519,0.0,0.0,0.0,5.208333333333333,0.8389261744966443,2430.58740234375,-8937327104.0,312.0,0.0,0.0,0.0,1.0,1.0
28104962.0,0.021065568551421165,4.697336673736572,0.0,13.100000381469727,0.015405967831611633,34.84264373779297,0.8622267412303,0.0,0.0,0.0,6.448669201520913,0.8657478305257784,2157.891845703125,-10491351552.0,263.0,0.0,0.0,0.0,1.0,1.0
22188436.0,0.02114868350327015,4.503332138061523,0.0,12.279999732971191,0.013679380528628826,29.681392669677734,0.8707551951343132,0.0,0.0,0.0,7.128630705394191,0.8769780500255232,2245.3896484375,-8583378944.0,241.0,0.0,0.0,0.0,1.0,1.0
19505516.0,0.02176479622721672,4.368612766265869,0.0,12.430000305175781,0.01165023073554039,26.05945587158203,0.8722757222503801,0.0,0.0,0.0,7.386266094420601,0.8807574206755373,2314.251953125,-8206157568.0,233.0,0.0,0.0,0.0,1.0,1.0
14935615.0,0.0210175272077322,4.795148849487305,0.0,11.890000343322754,0.012418944388628006,18.551700592041016,0.9035532994923858,0.0,0.0,0.0,10.229885057471265,0.9109518935516888,2172.42822265625,-7411282432.0,174.0,0.0,0.0,0.0,1.0,1.0
19359418.0,0.021120445802807808,4.565751552581787,0.0,13.300000190734863,0.014636514708399773,17.356220245361328,0.8802030456852792,0.0,0.0,0.0,7.638766519823789,0.8842427332993371,2212.681640625,-7839152896.0,227.0,0.0,0.0,0.0,1.0,1.0
21519844.0,0.020724426954984665,4.525254726409912,0.0,15.5600004196167,0.014720923267304897,21.45836639404297,0.8525088697415104,0.0,0.0,0.0,6.116363636363636,0.85947879407256,2355.650634765625,-8361908480.0,275.0,0.0,0.0,0.0,1.0,1.0
30028834.0,0.021487221121788025,4.852168083190918,0.0,14.479999542236328,0.013278531841933727,18.72871971130371,0.8705583756345178,0.0,0.0,0.0,7.392241379310345,0.8808423215202876,1906.3878173828125,-10014509056.0,232.0,0.0,0.0,0.0,1.0,1.0
20537652.0,0.02023373916745186,4.812778949737549,0.0,13.210000038146973,0.01384614035487175,21.137290954589844,0.8759493670886076,0.0,0.0,0.0,7.587719298245614,0.8835546475995915,2491.24853515625,-8407070208.0,228.0,0.0,0.0,0.0,1.0,1.0
14468401.0,0.020979756489396095,4.740240573883057,0.0,10.430000305175781,0.011143910698592663,24.357688903808594,0.8868986693961105,0.0,0.0,0.0,8.098130841121495,0.8900873138161274,2786.88671875,-9758519040.0,214.0,0.0,0.0,0.0,1.0,1.0
27894640.0,0.020690029487013817,4.630263805389404,0.0,14.1899995803833,0.011768806725740433,17.092235565185547,0.8611251900658895,0.0,0.0,0.0,6.688976377952756,0.8699436763952892,2193.31591796875,-9298674432.0,254.0,0.0,0.0,0.0,1.0,1.0
19319772.0,0.021399321034550667,4.534097194671631,0.0,11.75,0.015220684930682182,28.309093475341797,0.8484221417485773,0.0,0.0,0.0,6.051660516605166,0.858189429618001,2343.232421875,-8025678592.0,271.0,0.0,0.0,0.0,1.0,1.0
19164468.0,0.021563172340393066,4.62062931060791,0.0,11.880000114440918,0.012896055355668068,17.210987091064453,0.8759532282663955,0.0,0.0,0.0,7.3319148936170215,0.8799795709908069,2347.622314453125,-9679650816.0,235.0,0.0,0.0,0.0,1.0,1.0
21183572.0,0.021662423387169838,4.717758655548096,0.0,14.170000076293945,0.013171826489269733,22.80002212524414,0.8715225088517956,0.0,0.0,0.0,6.9757085020242915,0.8746192893401015,2107.2568359375,-12192623616.0,247.0,0.0,0.0,0.0,1.0,1.0
16366057.0,0.020677512511610985,4.733657360076904,0.0,13.829999923706055,0.013467352837324142,19.073366165161133,0.8723296032553408,0.0,0.0,0.0,7.236286919831223,0.8785860655737705,2483.85546875,-8031027456.0,237.0,0.0,0.0,0.0,1.0,1.0
16913452.0,0.021367395296692848,4.687246322631836,0.0,12.279999732971191,0.011503566056489944,29.071184158325195,0.8962025316455696,0.0,0.0,0.0,8.85,0.8984771573604061,2297.74609375,-6586952192.0,200.0,0.0,0.0,0.0,1.0,1.0
23625600.0,0.02063927799463272,4.425967216491699,0.0,12.819999694824219,0.013883608393371105,21.07178497314453,0.8856126080325368,0.0,0.0,0.0,7.846846846846847,0.8869653767820774,2196.138671875,-9828458240.0,222.0,0.0,0.0,0.0,1.0,1.0
21602788.0,0.021019328385591507,4.760012626647949,0.0,12.619999885559082,0.013544091023504734,17.91001319885254,0.8746829020801623,0.0,0.0,0.0,7.2133891213389125,0.8782475802343352,2150.41796875,-9394521344.0,239.0,0.0,0.0,0.0,1.0,1.0
18177632.0,0.02115311101078987,4.750718593597412,0.0,12.34000015258789,0.014418037608265877,22.166044235229492,0.8628048780487805,0.0,0.0,0.0,6.607003891050583,0.8685421994884911,2191.3798828125,-10625195776.0,257.0,0.0,0.0,0.0,1.0,1.0
13878076.0,0.020162438973784447,4.607271194458008,0.0,11.329999923706055,0.012377385050058365,18.11130142211914,0.8676923076923077,0.0,0.0,0.0,6.661417322834645,0.869475847893114,2455.78466796875,-10918476288.0,254.0,0.0,0.0,0.0,1.0,1.0
16553686.0,0.020835844799876213,4.516051769256592,0.0,11.380000114440918,0.018002916127443314,25.947721481323242,0.8842427332993371,0.0,0.0,0.0,8.257142857142858,0.8919753086419753,2228.42822265625,-9385466112.0,210.0,0.0,0.0,0.0,1.0,1.0
27605112.0,0.021440371870994568,4.471095561981201,0.0,12.199999809265137,0.012023928575217724,17.057537078857422,0.8788032454361054,0.0,0.0,0.0,7.634361233480176,0.8841836734693878,2434.97900390625,-11190890752.0,227.0,0.0,0.0,0.0,1.0,1.0
13640495.0,0.02044055424630642,4.549872398376465,0.0,13.270000457763672,0.011558405123651028,24.945837020874023,0.8954017180394138,0.0,0.0,0.0,9.181347150259068,0.9017811704834605,2340.43798828125,-6634310144.0,193.0,0.0,0.0,0.0,1.0,1.0
24204250.0,0.02137484773993492,4.593231678009033,0.0,12.079999923706055,0.01206022035330534,23.050647735595703,0.883130081300813,0.0,0.0,0.0,8.31578947368421,0.8926553672316384,2382.26025390625,-9223534336.0,209.0,0.0,0.0,0.0,1.0,1.0
17725022.0,0.021240785717964172,4.5086517333984375,0.0,10.960000038146973,0.011745373718440533,25.079910278320312,0.8693647540983607,0.0,0.0,0.0,6.8983739837398375,0.8733916623777663,2282.446044921875,-9151973120.0,246.0,0.0,0.0,0.0,1.0,1.0
19207366.0,0.020818419754505157,4.348326683044434,0.0,14.319999694824219,0.013020333833992481,26.194293975830078,0.8660896130346232,0.0,0.0,0.0,6.858870967741935,0.8727552591072345,2215.043212890625,-8684295680.0,248.0,0.0,0.0,0.0,1.0,1.0
15090001.0,0.02081473171710968,4.506010055541992,0.0,11.65999984741211,0.01051194965839386,27.07984733581543,0.8753193663771078,0.0,0.0,0.0,7.32051282051282,0.8798151001540832,2390.79052734375,-7581719552.0,234.0,0.0,0.0,0.0,1.0,1.0
19650752.0,0.02097833715379238,4.861168384552002,0.0,14.3100004196167,0.014081865549087524,26.507198333740234,0.8629441624365483,0.0,0.0,0.0,7.024793388429752,0.8753861997940268,2377.379150390625,-10719274496.0,242.0,0.0,0.0,0.0,1.0,1.0
18021840.0,0.020856894552707672,4.520198345184326,0.0,12.300000190734863,0.012893704697489738,18.509836196899414,0.8621566632756866,0.0,0.0,0.0,6.494252873563219,0.8665644171779141,2252.673828125,-8464075264.0,261.0,0.0,0.0,0.0,1.0,1.0
20543084.0,0.021095741540193558,4.5351057052612305,0.0,13.079999923706055,0.012441723607480526,18.497026443481445,0.8723945094051856,0.0,0.0,0.0,7.179916317991632,0.8777493606138107,1904.4609375,-8020001280.0,239.0,0.0,0.0,0.0,1.0,1.0
15716207.0,0.021151592954993248,4.768353462219238,0.0,13.489999771118164,0.012486875988543034,18.116962432861328,0.8598273235144743,0.0,0.0,0.0,6.270370370370371,0.8624554253693326,2142.31689453125,-9364032512.0,270.0,0.0,0.0,0.0,1.0,1.0
19024760.0,0.020348580554127693,4.661617279052734,0.0,12.1899995803833,0.010324593633413315,25.262813568115234,0.8834853090172239,0.0,0.0,0.0,8.0,0.8888888888888888,2070.985595703125,-8757134336.0,218.0,0.0,0.0,0.0,1.0,1.0
16374345.0,0.02047416754066944,4.656979560852051,0.0,13.149999618530273,0.011855955235660076,24.303979873657227,0.8828600405679513,0.0,0.0,0.0,8.097674418604651,0.8900817995910021,2535.359130859375,-6879959552.0,215.0,0.0,0.0,0.0,1.0,1.0
18794630.0,0.021347666159272194,4.599612236022949,0.0,13.510000228881836,0.01195109449326992,28.02727508544922,0.8625254582484725,0.0,0.0,0.0,6.6171875,0.8687179487179487,2031.2354736328125,-9192700160.0,256.0,0.0,0.0,0.0,1.0,1.0
12114833.0,0.02074543945491314,4.638491630554199,0.0,12.09000015258789,0.013254399411380291,20.776866912841797,0.872579001019368,0.0,0.0,0.0,7.163179916317992,0.8774987186058432,2708.01416015625,-6343315968.0,239.0,0.0,0.0,0.0,1.0,1.0
14028273.0,0.02069845423102379,4.666468143463135,0.0,10.619999885559082,0.012261595577001572,28.993141174316406,0.8936386768447837,0.0,0.0,0.0,8.7363184079602,0.8972917731221257,2207.58447265625,-5982648320.0,201.0,0.0,0.0,0.0,1.0,1.0
18555282.0,0.021222183480858803,4.798295021057129,0.0,12.819999694824219,0.012219656258821487,28.1463623046875,0.8942842690945878,0.0,0.0,0.0,8.929292929292929,0.8992878942014242,2171.07373046875,-7826743040.0,198.0,0.0,0.0,0.0,1.0,1.0
21463700.0,0.02065739408135414,4.473015308380127,0.0,13.65999984741211,0.013101678341627121,21.596038818359375,0.8588894549159449,0.0,0.0,0.0,6.198529411764706,0.8610827374872319,2373.7255859375,-9948007424.0,272.0,0.0,0.0,0.0,1.0,1.0
22472472.0,0.02130516991019249,4.7175397872924805,0.0,12.75,0.016008201986551285,16.618383407592773,0.8585961342828077,0.0,0.0,0.0,6.418250950570342,0.8651973347001538,2289.796142578125,-11570934528.0,263.0,0.0,0.0,0.0,1.0,1.0
13281167.0,0.021167268976569176,4.850170135498047,0.0,12.069999694824219,0.010176114737987518,22.380861282348633,0.8741687979539642,0.0,0.0,0.0,7.366379310344827,0.880473982483256,2227.87744140625,-7725661440.0,232.0,0.0,0.0,0.0,1.0,1.0
22124498.0,0.020533232018351555,4.470991134643555,0.0,12.9399995803833,0.01313504297286272,33.9282341003418,0.8582317073170732,0.0,0.0,0.0,6.471264367816092,0.8661538461538462,1927.0802001953125,-11333891584.0,261.0,0.0,0.0,0.0,1.0,1.0
17997000.0,0.020737990736961365,4.449978828430176,0.0,11.579999923706055,0.012048475444316864,16.99542236328125,0.8871873404798366,0.0,0.0,0.0,8.478048780487805,0.894493051981472,2153.056396484375,-9317451264.0,205.0,0.0,0.0,0.0,1.0,1.0
30149202.0,0.021319545805454254,4.394110679626465,0.0,13.300000190734863,0.012994345277547836,22.91775131225586,0.8527763627101376,0.0,0.0,0.0,6.087272727272727,0.8589020010261673,1918.5625,-12969250816.0,275.0,0.0,0.0,0.0,1.0,1.0
19207764.0,0.021555831655859947,4.597833633422852,0.0,12.850000381469727,0.01459180936217308,27.479833602905273,0.8777381558838513,0.0,0.0,0.0,7.657777777777778,0.8844969199178645,2302.832763671875,-7333723392.0,225.0,0.0,0.0,0.0,1.0,1.0
14082724.0,0.02074608765542507,4.649911403656006,0.0,13.890000343322754,0.01322244293987751,31.29251480102539,0.8935091277890467,0.0,0.0,0.0,8.766169154228855,0.8976057055527255,2546.419921875,-6971074304.0,201.0,0.0,0.0,0.0,1.0,1.0
14475968.0,0.020850200206041336,4.612871170043945,0.0,11.069999694824219,0.011555188335478306,18.535057067871094,0.9140111279716743,0.0,0.0,0.0,11.22360248447205,0.9181910569105691,2203.994140625,-7554059264.0,161.0,0.0,0.0,0.0,1.0,1.0
17850718.0,0.02112681418657303,4.885351181030273,0.0,11.489999771118164,0.0113228065893054,40.83437728881836,0.8805513016845329,0.0,0.0,0.0,7.666666666666667,0.8846153846153846,2273.84033203125,-7852978176.0,225.0,0.0,0.0,0.0,1.0,1.0
18833036.0,0.0209693294018507,4.592288017272949,0.0,12.520000457763672,0.012428028509020805,27.326486587524414,0.8910386965376782,0.0,0.0,0.0,8.883248730964468,0.8988186954288649,2271.54345703125,-9818782464.0,197.0,0.0,0.0,0.0,1.0,1.0
15415476.0,0.0212676003575325,4.816262245178223,0.0,12.0,0.009875288233160973,19.507572174072266,0.8931645569620253,0.0,0.0,0.0,8.82,0.8981670061099797,2393.770751953125,-6488063488.0,200.0,0.0,0.0,0.0,1.0,1.0
21879568.0,0.021153179928660393,4.613004207611084,0.0,13.15999984741211,0.012397817336022854,18.969064712524414,0.8816986855409504,0.0,0.0,0.0,7.751111111111111,0.8857287963433215,2406.349609375,-8222094848.0,225.0,0.0,0.0,0.0,1.0,1.0
18458766.0,0.02106017991900444,4.655702590942383,0.0,12.140000343322754,0.011165706440806389,26.86586570739746,0.8768447837150127,0.0,0.0,0.0,7.394849785407725,0.880879345603272,1905.6556396484375,-7431401216.0,233.0,0.0,0.0,0.0,1.0,1.0
19164470.0,0.020871147513389587,4.638959884643555,0.0,13.59000015258789,0.012351570650935173,23.717687606811523,0.8744257274119449,0.0,0.0,0.0,7.2893617021276595,0.8793634496919918,2364.53662109375,-8862384384.0,235.0,0.0,0.0,0.0,1.0,1.0
21195266.0,0.021574221551418304,4.686028480529785,0.0,13.109999656677246,0.012720041908323765,22.729562759399414,0.8823529411764706,0.0,0.0,0.0,7.909090909090909,0.8877551020408163,1992.6171875,-10108968448.0,220.0,0.0,0.0,0.0,1.0,1.0
14817300.0,0.0217401385307312,4.37307596206665,0.0,12.859999656677246,0.012610459700226784,31.77880096435547,0.8703420112302195,0.0,0.0,0.0,7.25531914893617,0.8788659793814433,2505.116455078125,-7178977280.0,235.0,0.0,0.0,0.0,1.0,1.0
23045702.0,0.02145298570394516,4.554745197296143,0.0,15.75,0.013190699741244316,19.837745666503906,0.8490086426029486,0.0,0.0,0.0,5.859649122807017,0.8542199488491049,1978.302001953125,-8848294656.0,285.0,0.0,0.0,0.0,1.0,1.0
23224504.0,0.02101241797208786,4.651748180389404,0.0,12.960000038146973,0.0134748425334692,35.87553024291992,0.8913153885220925,0.0,0.0,0.0,8.908629441624365,0.899077868852459,2265.70263671875,-9129814016.0,197.0,0.0,0.0,0.0,1.0,1.0
18196304.0,0.02118220180273056,4.507435321807861,0.0,12.15999984741211,0.015110396780073643,21.395076751708984,0.8763987792472024,0.0,0.0,0.0,7.270042194092827,0.8790816326530613,2309.1328125,-7825604864.0,237.0,0.0,0.0,0.0,1.0,1.0
23860652.0,0.020943233743309975,4.936412811279297,0.0,13.029999732971191,0.011493997648358345,19.10207176208496,0.8767193071828834,0.0,0.0,0.0,7.7174887892376685,0.8852880658436214,2174.26953125,-9408046848.0,223.0,0.0,0.0,0.0,1.0,1.0
20964818.0,0.02110966667532921,4.47654914855957,0.0,11.739999771118164,0.011486431583762169,17.6959228515625,0.8881511746680286,0.0,0.0,0.0,8.52450980392157,0.8950077200205867,2145.39697265625,-11956439552.0,204.0,0.0,0.0,0.0,1.0,1.0
22470128.0,0.021313175559043884,4.524231433868408,0.0,13.800000190734863,0.01223162654787302,25.723400115966797,0.8709841917389087,0.0,0.0,0.0,7.116666666666666,0.8767967145790554,2056.728271484375,-8408398080.0,240.0,0.0,0.0,0.0,1.0,1.0
21516578.0,0.0214482881128788,4.402616500854492,0.0,12.0,0.012867274694144726,19.543373107910156,0.8588894549159449,0.0,0.0,0.0,6.435114503816794,0.8655030800821355,2494.914794921875,-11279967744.0,262.0,0.0,0.0,0.0,1.0,1.0
17093874.0,0.02119607850909233,4.677124500274658,0.0,12.0600004196167,0.012007664889097214,29.731197357177734,0.8949238578680203,0.0,0.0,0.0,9.230366492146597,0.9022517911975435,2679.036376953125,-6519585280.0,191.0,0.0,0.0,0.0,1.0,1.0
24590966.0,0.02105298452079296,4.590902805328369,0.0,15.229999542236328,0.012503751553595066,21.508689880371094,0.8564206268958544,0.0,0.0,0.0,6.344569288389513,0.8638449770525243,2256.416015625,-10748551680.0,267.0,0.0,0.0,0.0,1.0,1.0
22269608.0,0.021394778043031693,4.693192958831787,0.0,13.270000457763672,0.014242001809179783,15.35622787475586,0.8729113924050633,0.0,0.0,0.0,7.336170212765958,0.8800408371618172,2107.402099609375,-8521623296.0,235.0,0.0,0.0,0.0,1.0,1.0
16211999.0,0.021108992397785187,4.5119805335998535,0.0,13.109999656677246,0.013446401804685593,24.171297073364258,0.8808553971486762,0.0,0.0,0.0,8.08411214953271,0.8899176954732511,2149.22509765625,-7097782528.0,214.0,0.0,0.0,0.0,1.0,1.0
29637020.0,0.020945250988006592,4.632068634033203,0.0,13.420000076293945,0.01204385980963707,26.47174835205078,0.8657171922685656,0.0,0.0,0.0,6.835341365461847,0.8723731419784726,2035.6129150390625,-9378578944.0,249.0,0.0,0.0,0.0,1.0,1.0
21168648.0,0.02149723283946514,4.777620315551758,0.0,12.029999732971191,0.01154944859445095,21.871557235717773,0.8916030534351145,0.0,0.0,0.0,8.938775510204081,0.8993839835728953,2290.8203125,-8406961664.0,196.0,0.0,0.0,0.0,1.0,1.0
20979258.0,0.020672637969255447,4.580060958862305,0.0,13.989999771118164,0.011987526901066303,14.92821216583252,0.8625254582484725,0.0,0.0,0.0,6.749003984063745,0.8709511568123394,2075.117919921875,-8527503104.0,251.0,0.0,0.0,0.0,1.0,1.0
15592243.0,0.020709671080112457,4.556003570556641,0.0,12.220000267028809,0.011101230047643185,20.385488510131836,0.8958862366683595,0.0,0.0,0.0,9.1875,0.901840490797546,2205.340576171875,-7350066688.0,192.0,0.0,0.0,0.0,1.0,1.0
22389048.0,0.020603852346539497,4.834692001342773,0.0,11.699999809265137,0.01377811934798956,21.73030662536621,0.8820826952526799,0.0,0.0,0.0,7.68,0.8847926267281107,2215.798095703125,-9135828992.0,225.0,0.0,0.0,0.0,1.0,1.0
23741358.0,0.021581444889307022,4.65644645690918,0.0,14.800000190734863,0.011006522923707962,31.39841651916504,0.8561260803253686,0.0,0.0,0.0,6.1911764705882355,0.8609406952965235,2538.367431640625,-10035913728.0,272.0,0.0,0.0,0.0,1.0,1.0
21424796.0,0.02171914279460907,4.588935375213623,0.0,12.270000457763672,0.012154782190918922,22.03489875793457,0.8746177370030581,0.0,0.0,0.0,7.559471365638767,0.883170355120947,2323.225341796875,-8460451072.0,227.0,0.0,0.0,0.0,1.0,1.0
14529362.0,0.02100493013858795,4.617361545562744,0.0,13.079999923706055,0.012576660141348839,23.598636627197266,0.8549540347293156,0.0,0.0,0.0,6.316981132075472,0.8633316142341413,2528.004638671875,-7859971584.0,265.0,0.0,0.0,0.0,1.0,1.0
22459000.0,0.021650180220603943,4.367222309112549,0.0,13.979999542236328,0.012908256612718105,25.889606475830078,0.860253164556962,0.0,0.0,0.0,6.768924302788845,0.8712820512820513,2336.61572265625,-8674863360.0,251.0,0.0,0.0,0.0,1.0,1.0
24388204.0,0.021129626780748367,4.7764177322387695,0.0,13.949999809265137,0.012022670358419418,28.811767578125,0.8456375838926175,0.0,0.0,0.0,5.6482758620689655,0.8495850622406639,2059.925537109375,-9467934208.0,290.0,0.0,0.0,0.0,1.0,1.0
21762304.0,0.021201275289058685,4.376991271972656,0.0,13.470000267028809,0.014112668111920357,15.049449920654297,0.8663946965833759,0.0,0.0,0.0,6.9346938775510205,0.8739711934156379,2359.166748046875,-9354948096.0,245.0,0.0,0.0,0.0,1.0,1.0
26090704.0,0.020791733637452126,4.487469673156738,0.0,13.699999809265137,0.011989559978246689,19.31128692626953,0.8882144663631766,0.0,0.0,0.0,8.607843137254902,0.8959183673469387,2072.456298828125,-8059127040.0,204.0,0.0,0.0,0.0,1.0,1.0
21913512.0,0.020946957170963287,4.22189998626709,0.0,13.699999809265137,0.013581885024905205,25.26408576965332,0.8547400611620795,0.0,0.0,0.0,6.376425855513308,0.8644329896907217,2129.29150390625,-8781680384.0,263.0,0.0,0.0,0.0,1.0,1.0
27730158.0,0.02198387309908867,4.4637298583984375,0.0,14.149999618530273,0.013238448649644852,19.385629653930664,0.8773441459706032,0.0,0.0,0.0,7.526086956521739,0.8827129015808262,2253.448974609375,-10605490176.0,230.0,0.0,0.0,0.0,1.0,1.0
19156966.0,0.02094930410385132,4.484351634979248,0.0,13.8100004196167,0.011337717063724995,34.48991394042969,0.8812531581606872,0.0,0.0,0.0,7.785714285714286,0.8861788617886179,2101.162353515625,-7655545600.0,224.0,0.0,0.0,0.0,1.0,1.0
18081620.0,0.021445777267217636,4.724796772003174,0.0,12.270000457763672,0.012558209709823132,20.1755313873291,0.86497461928934,0.0,0.0,0.0,6.708661417322834,0.8702757916241062,2247.067138671875,-10191057408.0,254.0,0.0,0.0,0.0,1.0,1.0
21079560.0,0.02062046341598034,4.6617350578308105,0.0,13.819999694824219,0.012488085776567459,23.99872589111328,0.8729674796747967,0.0,0.0,0.0,7.188284518828452,0.8778742973939704,2129.60986328125,-8468333056.0,239.0,0.0,0.0,0.0,1.0,1.0
18678252.0,0.021073155105113983,4.365466117858887,0.0,13.949999809265137,0.01156082283705473,18.185178756713867,0.880506329113924,0.0,0.0,0.0,7.798206278026906,0.8863404689092762,2198.988525390625,-7901652224.0,223.0,0.0,0.0,0.0,1.0,1.0
19851844.0,0.021397463977336884,4.616525173187256,0.0,12.600000381469727,0.01120727974921465,32.63991928100586,0.8630556974961676,0.0,0.0,0.0,6.756,0.8710675605982465,2181.083251953125,-8208276736.0,250.0,0.0,0.0,0.0,1.0,1.0
17804568.0,0.020508546382188797,4.294002532958984,0.0,12.770000457763672,0.014167752116918564,26.3620548248291,0.8836382113821138,0.0,0.0,0.0,8.360576923076923,0.8931689779147406,2745.94091796875,-6967505408.0,208.0,0.0,0.0,0.0,1.0,1.0
13832305.0,0.02129077911376953,4.630363941192627,0.0,12.130000114440918,0.013293351046741009,16.81952667236328,0.8833418237391747,0.0,0.0,0.0,7.954128440366972,0.8883196721311475,2103.902099609375,-6269389056.0,218.0,0.0,0.0,0.0,1.0,1.0
21422310.0,0.021014118567109108,4.664484024047852,0.0,14.390000343322754,0.010578013956546783,21.01427459716797,0.8473630831643002,0.0,0.0,0.0,5.7620689655172415,0.8521162672106068,2270.142822265625,-10530530304.0,290.0,0.0,0.0,0.0,1.0,1.0
23337620.0,0.020859641954302788,4.653871059417725,0.0,12.1899995803833,0.014083819463849068,22.163944244384766,0.8886629384850026,0.0,0.0,0.0,8.74,0.8973305954825462,2047.058837890625,-7952701440.0,200.0,0.0,0.0,0.0,1.0,1.0
17354154.0,0.021446967497467995,4.691066741943359,0.0,12.930000305175781,0.012768040411174297,28.14569664001465,0.8835443037974684,0.0,0.0,0.0,7.7555555555555555,0.8857868020304569,2124.171875,-7654576640.0,225.0,0.0,0.0,0.0,1.0,1.0
17728978.0,0.021033622324466705,4.609601974487305,0.0,13.479999542236328,0.011967077851295471,17.169118881225586,0.8575050709939148,0.0,0.0,0.0,6.286245353159852,0.8627551020408163,1917.7138671875,-8256475136.0,269.0,0.0,0.0,0.0,1.0,1.0
14243936.0,0.021176697686314583,4.4546966552734375,0.0,11.760000228881836,0.011115016415715218,17.82834243774414,0.8784951703101169,0.0,0.0,0.0,7.51304347826087,0.8825331971399387,2200.015625,-6313353216.0,230.0,0.0,0.0,0.0,1.0,1.0
19896036.0,0.021003274247050285,4.784379959106445,0.0,13.010000228881836,0.012291882187128067,22.06574058532715,0.8833079654997463,0.0,0.0,0.0,8.060185185185185,0.8896269800715381,2431.49072265625,-7716786688.0,216.0,0.0,0.0,0.0,1.0,1.0
17456926.0,0.02157367207109928,4.519439697265625,0.0,12.300000190734863,0.013934037648141384,20.024885177612305,0.8847715736040609,0.0,0.0,0.0,8.3,0.8924731182795699,2412.522216796875,-8301391360.0,210.0,0.0,0.0,0.0,1.0,1.0
23884190.0,0.02129937894642353,4.440684795379639,0.0,12.539999961853027,0.014350175857543945,23.20573616027832,0.8675869120654397,0.0,0.0,0.0,6.842741935483871,0.8724935732647815,2151.753173828125,-9179884288.0,248.0,0.0,0.0,0.0,1.0,1.0
20011538.0,0.0207810215651989,4.3997483253479,0.0,13.59000015258789,0.015572499483823776,21.97178077697754,0.8843813387423936,0.0,0.0,0.0,7.963470319634703,0.8884360672440142,2163.803466796875,-11810976512.0,219.0,0.0,0.0,0.0,1.0,1.0
18960606.0,0.021000852808356285,4.760761737823486,0.0,12.75,0.010766633786261082,22.346940994262695,0.8785569105691057,0.0,0.0,0.0,7.420600858369099,0.8812436289500509,1832.4027099609375,-8920434432.0,233.0,0.0,0.0,0.0,1.0,1.0
18738178.0,0.02048330381512642,4.739274501800537,0.0,13.039999961853027,0.011929955333471298,26.801551818847656,0.8955375253549696,0.0,0.0,0.0,9.443850267379679,0.9042498719918075,2264.630615234375,-7308887040.0,187.0,0.0,0.0,0.0,1.0,1.0
20153740.0,0.02113102190196514,4.986123561859131,0.0,13.920000076293945,0.01211842056363821,26.74201774597168,0.8747464503042597,0.0,0.0,0.0,7.77027027027027,0.8859784283513097,2826.249267578125,-8707293696.0,222.0,0.0,0.0,0.0,1.0,1.0
24605256.0,0.020740553736686707,4.7938232421875,0.0,15.899999618530273,0.012750505469739437,14.718734741210938,0.851063829787234,0.0,0.0,0.0,5.853658536585366,0.8540925266903915,2353.26611328125,-9502218240.0,287.0,0.0,0.0,0.0,1.0,1.0
24625298.0,0.021083414554595947,4.700697422027588,0.0,13.960000038146973,0.012548810802400112,23.0229549407959,0.8543589743589743,0.0,0.0,0.0,5.9928057553956835,0.8569958847736625,2299.23291015625,-9842132992.0,278.0,0.0,0.0,0.0,1.0,1.0
15066235.0,0.02127103880047798,4.3135762214660645,0.0,11.869999885559082,0.012947054579854012,25.84713363647461,0.8931104356636271,0.0,0.0,0.0,8.949238578680204,0.8994897959183673,2320.927490234375,-7349350144.0,197.0,0.0,0.0,0.0,1.0,1.0
15572326.0,0.02090362086892128,4.6388773918151855,0.0,11.149999618530273,0.012216841802001,24.24805450439453,0.8806731259561448,0.0,0.0,0.0,7.6755555555555555,0.8847336065573771,2453.3564453125,-10618713088.0,225.0,0.0,0.0,0.0,1.0,1.0
13108598.0,0.02131000906229019,4.759228706359863,0.0,11.680000305175781,0.010893899016082287,19.806642532348633,0.8843606724401426,0.0,0.0,0.0,8.11214953271028,0.8902564102564102,2723.874755859375,-6611619840.0,214.0,0.0,0.0,0.0,1.0,1.0
19597774.0,0.02113206870853901,4.598064422607422,0.0,12.170000076293945,0.010871034115552902,15.283026695251465,0.8744897959183674,0.0,0.0,0.0,7.517543859649122,0.88259526261586,2273.91943359375,-8136698624.0,228.0,0.0,0.0,0.0,1.0,1.0
20891768.0,0.02115868590772152,4.504673004150391,0.0,11.039999961853027,0.012470860965549946,22.73740005493164,0.8911495422177009,0.0,0.0,0.0,8.804020100502512,0.8980010251153254,2062.309814453125,-8125917696.0,199.0,0.0,0.0,0.0,1.0,1.0
18854866.0,0.02119213156402111,4.562148571014404,0.0,13.640000343322754,0.01167844608426094,27.55210304260254,0.87201625190452,0.0,0.0,0.0,7.184100418410042,0.8778118609406953,2125.498779296875,-7826442240.0,239.0,0.0,0.0,0.0,1.0,1.0
37255032.0,0.02141483873128891,4.539370536804199,0.0,14.449999809265137,0.013144967146217823,16.31317710876465,0.8606060606060606,0.0,0.0,0.0,6.5038167938931295,0.866734486266531,2150.25927734375,-12323742208.0,262.0,0.0,0.0,0.0,1.0,1.0
20872856.0,0.0207112655043602,4.474283218383789,0.0,14.029999732971191,0.01524155680090189,21.576309204101562,0.8599595551061678,0.0,0.0,0.0,6.75,0.8709677419354839,2241.089111328125,-9207325696.0,252.0,0.0,0.0,0.0,1.0,1.0
18199614.0,0.020891666412353516,4.795090198516846,0.0,11.329999923706055,0.011722282506525517,28.968461990356445,0.8833418237391747,0.0,0.0,0.0,8.140845070422536,0.8906009244992296,2317.4404296875,-9522169344.0,213.0,0.0,0.0,0.0,1.0,1.0
17348554.0,0.021230828016996384,4.456573486328125,0.0,12.449999809265137,0.012672428973019123,36.803958892822266,0.857069933639612,0.0,0.0,0.0,6.127737226277373,0.8597030209933436,2263.189453125,-8603976448.0,274.0,0.0,0.0,0.0,1.0,1.0
18187814.0,0.021029211580753326,4.62756872177124,0.0,13.9399995803833,0.012646378949284554,18.540401458740234,0.8573619631901841,0.0,0.0,0.0,6.280898876404494,0.8626543209876543,2484.021240234375,-10978961920.0,267.0,0.0,0.0,0.0,1.0,1.0
18972244.0,0.020987961441278458,4.568110466003418,0.0,11.619999885559082,0.00913575105369091,16.77012825012207,0.8858447488584474,0.0,0.0,0.0,8.517073170731708,0.8949256791389031,2199.809326171875,-9801005312.0,205.0,0.0,0.0,0.0,1.0,1.0
21015906.0,0.020430712029337883,4.454387664794922,0.0,15.130000114440918,0.012461074627935886,39.431968688964844,0.8791708796764408,0.0,0.0,0.0,7.798206278026906,0.8863404689092762,2240.98193359375,-7400532480.0,223.0,0.0,0.0,0.0,1.0,1.0
23176798.0,0.02059212140738964,4.49199104309082,0.0,12.460000038146973,0.013413437642157078,24.39674949645996,0.8781855249745159,0.0,0.0,0.0,7.458874458874459,0.8817809621289662,2272.2392578125,-10023838464.0,231.0,0.0,0.0,0.0,1.0,1.0
18969328.0,0.02139475755393505,4.500658988952637,0.0,11.5,0.011996939778327942,21.121204376220703,0.8958862366683595,0.0,0.0,0.0,9.0,0.9,2657.74755859375,-7669809152.0,196.0,0.0,0.0,0.0,1.0,1.0
21059312.0,0.02115980163216591,4.466646194458008,0.0,13.5600004196167,0.01224538218230009,23.5001163482666,0.8794506612410987,0.0,0.0,0.0,7.894977168949771,0.8875770020533881,2285.00732421875,-9023135744.0,219.0,0.0,0.0,0.0,1.0,1.0
19189084.0,0.020580438897013664,4.442413806915283,0.0,12.829999923706055,0.015443767420947552,18.87811851501465,0.8951367781155015,0.0,0.0,0.0,9.01530612244898,0.9001528273051452,2258.699462890625,-8323345408.0,196.0,0.0,0.0,0.0,1.0,1.0
25412316.0,0.02185925282537937,4.678390979766846,0.0,12.869999885559082,0.01129104197025299,17.3314266204834,0.8589678078691876,0.0,0.0,0.0,6.319548872180451,0.8633795582948125,2297.9296875,-9679787008.0,266.0,0.0,0.0,0.0,1.0,1.0
24493058.0,0.021020984277129173,4.706735134124756,0.0,13.59000015258789,0.012391205877065659,15.81695556640625,0.8608430675469781,0.0,0.0,0.0,6.62109375,0.8687852383393132,2499.726806640625,-10022592256.0,256.0,0.0,0.0,0.0,1.0,1.0
21588900.0,0.021435940638184547,4.498868942260742,0.0,12.90999984741211,0.011213213205337524,24.83075523376465,0.8707692307692307,0.0,0.0,0.0,7.045643153526971,0.8757091284167097,2113.11279296875,-8916122880.0,241.0,0.0,0.0,0.0,1.0,1.0
19782226.0,0.02107788808643818,4.5300703048706055,0.0,11.579999923706055,0.011232190765440464,21.235715866088867,0.8962887646161668,0.0,0.0,0.0,9.087628865979381,0.9008686765457332,2406.528076171875,-9910842880.0,194.0,0.0,0.0,0.0,1.0,1.0
18453822.0,0.021009929478168488,4.609984874725342,0.0,11.0600004196167,0.011511338874697685,21.505441665649414,0.8795303726391016,0.0,0.0,0.0,7.867579908675799,0.8872296601441813,2118.54638671875,-7745561600.0,219.0,0.0,0.0,0.0,1.0,1.0
18498950.0,0.021225640550255775,4.402890682220459,0.0,12.460000038146973,0.013125177472829819,21.668922424316406,0.8656106285130302,0.0,0.0,0.0,6.776,0.8713991769547325,2369.53125,-8190088704.0,250.0,0.0,0.0,0.0,1.0,1.0
18519074.0,0.02090955525636673,4.689348220825195,0.0,12.75,0.01099130418151617,27.850269317626953,0.8823229750382068,0.0,0.0,0.0,7.908675799086758,0.8877498718605843,2043.4871826171875,-7417459712.0,219.0,0.0,0.0,0.0,1.0,1.0
16187986.0,0.02127879671752453,4.55830192565918,0.0,12.8100004196167,0.012404645793139935,19.10593032836914,0.8614365766683647,0.0,0.0,0.0,6.554263565891473,0.8676244227809133,2456.775634765625,-7950745600.0,258.0,0.0,0.0,0.0,1.0,1.0
19358364.0,0.02080797404050827,4.575763702392578,0.0,14.890000343322754,0.012676089070737362,21.216243743896484,0.880988401412002,0.0,0.0,0.0,7.834080717488789,0.8868020304568528,2217.29931640625,-7940377600.0,223.0,0.0,0.0,0.0,1.0,1.0
23515172.0,0.02131040021777153,4.5737199783325195,0.0,13.6899995803833,0.013570268638432026,19.009119033813477,0.8729674796747967,0.0,0.0,0.0,7.248945147679325,0.878772378516624,2351.4091796875,-10254969600.0,237.0,0.0,0.0,0.0,1.0,1.0
22145250.0,0.02109513245522976,4.519140720367432,0.0,12.899999618530273,0.012291278690099716,18.748043060302734,0.8788187372708758,0.0,0.0,0.0,7.739910313901345,0.8855823499230374,2367.32861328125,-9071675136.0,223.0,0.0,0.0,0.0,1.0,1.0
22681950.0,0.021077249199151993,4.597038269042969,0.0,13.479999542236328,0.011785956099629402,18.509265899658203,0.8658227848101265,0.0,0.0,0.0,6.785714285714286,0.8715596330275229,2198.5771484375,-8515538944.0,252.0,0.0,0.0,0.0,1.0,1.0
21080798.0,0.021360568702220917,4.4815473556518555,0.0,13.359999656677246,0.012735658325254917,24.3852481842041,0.8774783934926284,0.0,0.0,0.0,7.537117903930131,0.8828644501278773,2475.2314453125,-8463929344.0,229.0,0.0,0.0,0.0,1.0,1.0
17091308.0,0.02081465721130371,4.72125244140625,0.0,13.369999885559082,0.011000627651810646,23.428266525268555,0.8848884381338742,0.0,0.0,0.0,8.192488262910798,0.8912155260469867,2438.173828125,-7556126720.0,213.0,0.0,0.0,0.0,1.0,1.0
25656392.0,0.020778780803084373,4.5940961837768555,0.0,13.430000305175781,0.011897600255906582,28.00292205810547,0.8871457489878543,0.0,0.0,0.0,8.268867924528301,0.8921119592875318,2475.984619140625,-9583990784.0,212.0,0.0,0.0,0.0,1.0,1.0
23122270.0,0.02111891284584999,4.389280796051025,0.0,13.350000381469727,0.011173768900334835,19.963632583618164,0.8512269938650306,0.0,0.0,0.0,5.88339222614841,0.8547227926078029,2265.355712890625,-10091735808.0,283.0,0.0,0.0,0.0,1.0,1.0
14977311.0,0.021150266751646996,4.551019668579102,0.0,13.029999732971191,0.010642778128385544,16.728771209716797,0.8639836984207845,0.0,0.0,0.0,6.894308943089431,0.8733264675592173,2279.40087890625,-8753429248.0,246.0,0.0,0.0,0.0,1.0,1.0
19401274.0,0.02135995402932167,4.416520595550537,0.0,13.949999809265137,0.011456749401986599,24.17970848083496,0.8787266296109146,0.0,0.0,0.0,7.763392857142857,0.8858889454915945,1873.6204833984375,-7605225472.0,224.0,0.0,0.0,0.0,1.0,1.0
20056774.0,0.020702240988612175,4.4992756843566895,0.0,13.84000015258789,0.013106266967952251,24.37767219543457,0.8691019786910198,0.0,0.0,0.0,6.824701195219124,0.8721995926680245,2145.31201171875,-8651188736.0,251.0,0.0,0.0,0.0,1.0,1.0
22585472.0,0.02042492665350437,4.411848068237305,0.0,12.960000038146973,0.013109450228512287,19.796499252319336,0.8577981651376146,0.0,0.0,0.0,6.423664122137405,0.8652956298200514,2204.451171875,-9024291584.0,262.0,0.0,0.0,0.0,1.0,1.0
19597468.0,0.020807981491088867,4.420609951019287,0.0,14.109999656677246,0.015584228560328484,23.68801498413086,0.8794326241134752,0.0,0.0,0.0,8.037037037037036,0.889344262295082,2239.072509765625,-7769872896.0,216.0,0.0,0.0,0.0,1.0,1.0
17297356.0,0.02123749814927578,4.525203704833984,0.0,11.829999923706055,0.011677124537527561,20.45448112487793,0.8982188295165394,0.0,0.0,0.0,9.388297872340425,0.9037378392217101,2114.7255859375,-7315124736.0,188.0,0.0,0.0,0.0,1.0,1.0
15415917.0,0.020999889820814133,4.517525672912598,0.0,12.9399995803833,0.015033473260700703,29.893497467041016,0.8760162601626016,0.0,0.0,0.0,7.463203463203463,0.881841432225064,2143.72119140625,-9125294080.0,231.0,0.0,0.0,0.0,1.0,1.0
20975860.0,0.020785117521882057,4.683920383453369,0.0,13.59000015258789,0.012981194071471691,16.718679428100586,0.873598369011213,0.0,0.0,0.0,7.4847161572052405,0.8821410190427175,2387.35595703125,-7652655104.0,229.0,0.0,0.0,0.0,1.0,1.0
17616776.0,0.020802393555641174,4.617962837219238,0.0,13.539999961853027,0.013720895163714886,37.698036193847656,0.8676171079429735,0.0,0.0,0.0,7.282051282051282,0.8792569659442725,2390.78759765625,-10116699648.0,234.0,0.0,0.0,0.0,1.0,1.0
15849992.0,0.02139802649617195,4.777128219604492,0.0,11.5600004196167,0.011302335187792778,14.048290252685547,0.8741044012282497,0.0,0.0,0.0,7.268085106382979,0.8790530108080288,2612.36962890625,-7784172032.0,235.0,0.0,0.0,0.0,1.0,1.0
18947446.0,0.02153531089425087,4.485103130340576,0.0,13.579999923706055,0.013569670729339123,16.644529342651367,0.8656488549618321,0.0,0.0,0.0,6.831325301204819,0.8723076923076923,2144.6904296875,-8660589056.0,249.0,0.0,0.0,0.0,1.0,1.0
26429726.0,0.020987164229154587,4.57845401763916,0.0,13.34000015258789,0.014141702093183994,16.352441787719727,0.8618756371049949,0.0,0.0,0.0,6.60546875,0.8685156651258347,2349.8203125,-9595465984.0,256.0,0.0,0.0,0.0,1.0,1.0
16968608.0,0.020809192210435867,4.599636077880859,0.0,11.170000076293945,0.013147334568202496,22.668872833251953,0.9004044489383215,0.0,0.0,0.0,9.785714285714286,0.9072847682119205,2132.02587890625,-6420067072.0,182.0,0.0,0.0,0.0,1.0,1.0
22905016.0,0.02163977362215519,4.613684177398682,0.0,11.859999656677246,0.011795616708695889,19.564674377441406,0.8675191815856778,0.0,0.0,0.0,6.979423868312757,0.8746776689014956,2352.617431640625,-11362162176.0,243.0,0.0,0.0,0.0,1.0,1.0
16907136.0,0.0219851303845644,4.664806365966797,0.0,12.869999885559082,0.010772252455353737,26.83232879638672,0.8581669226830517,0.0,0.0,0.0,6.277153558052435,0.8625836335563561,2578.14697265625,-7637358336.0,267.0,0.0,0.0,0.0,1.0,1.0
15129752.0,0.02094375342130661,4.581719398498535,0.0,10.890000343322754,0.012934956699609756,11.726338386535645,0.9036999493157628,0.0,0.0,0.0,9.905555555555555,0.9083036169128884,2015.743408203125,-6004227328.0,180.0,0.0,0.0,0.0,1.0,1.0
20545400.0,0.020962968468666077,4.748774528503418,0.0,12.380000114440918,0.011869729496538639,18.53492546081543,0.878061224489796,0.0,0.0,0.0,7.548245614035087,0.8830169317598768,2285.464111328125,-12115196160.0,228.0,0.0,0.0,0.0,1.0,1.0
16274100.0,0.02149340882897377,4.453798294067383,0.0,13.350000381469727,0.01270352117717266,27.760440826416016,0.8556806550665302,0.0,0.0,0.0,6.455598455598456,0.865872604867944,2150.299072265625,-6847826688.0,259.0,0.0,0.0,0.0,1.0,1.0
15698592.0,0.021156609058380127,4.7220048904418945,0.0,12.050000190734863,0.010663045570254326,12.13929271697998,0.8900763358778626,0.0,0.0,0.0,8.408653846153847,0.8937148696985181,2421.693115234375,-7641493504.0,208.0,0.0,0.0,0.0,1.0,1.0
14584823.0,0.02083364687860012,4.647894382476807,0.0,11.619999885559082,0.015566123649477959,38.4340934753418,0.8953252032520326,0.0,0.0,0.0,8.766169154228855,0.8976057055527255,2290.63427734375,-7320707072.0,201.0,0.0,0.0,0.0,1.0,1.0
16451905.0,0.020879583433270454,4.2880859375,0.0,11.920000076293945,0.011953284963965416,20.492877960205078,0.8778004073319755,0.0,0.0,0.0,7.528384279475983,0.8827444956477215,2855.520263671875,-9900851200.0,229.0,0.0,0.0,0.0,1.0,1.0
24560558.0,0.021210843697190285,4.551425933837891,0.0,14.15999984741211,0.01383225992321968,22.807086944580078,0.8712314767501278,0.0,0.0,0.0,7.25531914893617,0.8788659793814433,2001.2774658203125,-7752283136.0,235.0,0.0,0.0,0.0,1.0,1.0
20846828.0,0.020900078117847443,4.4517598152160645,0.0,12.789999961853027,0.015327783301472664,18.049348831176758,0.8853955375253549,0.0,0.0,0.0,8.235849056603774,0.891726251276813,2254.405517578125,-7785725184.0,212.0,0.0,0.0,0.0,1.0,1.0
22735864.0,0.021015720441937447,4.477946758270264,0.0,13.319999694824219,0.014533238485455513,19.18577766418457,0.869077941925624,0.0,0.0,0.0,7.138075313807532,0.877120822622108,2234.44091796875,-8309298944.0,239.0,0.0,0.0,0.0,1.0,1.0
19254706.0,0.021000029519200325,4.656121730804443,0.0,11.569999694824219,0.01576591469347477,18.163105010986328,0.8798982188295166,0.0,0.0,0.0,7.583333333333333,0.883495145631068,2078.991943359375,-8257661440.0,228.0,0.0,0.0,0.0,1.0,1.0
20672542.0,0.020660845562815666,4.70571756362915,0.0,14.460000038146973,0.011995945125818253,17.096149444580078,0.8838512480896586,0.0,0.0,0.0,8.381642512077295,0.8934088568486097,2319.64453125,-8190254592.0,207.0,0.0,0.0,0.0,1.0,1.0
16277484.0,0.021113483235239983,4.41421365737915,0.0,12.779999732971191,0.013068386353552341,19.864667892456055,0.8768523249872253,0.0,0.0,0.0,7.428571428571429,0.8813559322033898,2208.31884765625,-6262758912.0,231.0,0.0,0.0,0.0,1.0,1.0
19717558.0,0.020554600283503532,4.648832321166992,0.0,12.850000381469727,0.013819225132465363,27.78563690185547,0.8680981595092024,0.0,0.0,0.0,6.930612244897959,0.8739063304168811,2038.4580078125,-7998498816.0,245.0,0.0,0.0,0.0,1.0,1.0
18223262.0,0.02147754468023777,4.684031963348389,0.0,12.899999618530273,0.01347337570041418,23.310218811035156,0.8666666666666667,0.0,0.0,0.0,6.954732510288066,0.8742886704604242,2222.41162109375,-7130868736.0,243.0,0.0,0.0,0.0,1.0,1.0
18630420.0,0.021051285788416862,4.361047267913818,0.0,12.430000305175781,0.013145487755537033,18.040367126464844,0.8903553299492386,0.0,0.0,0.0,8.514563106796116,0.8948979591836734,2230.800537109375,-8373835776.0,206.0,0.0,0.0,0.0,1.0,1.0
15557238.0,0.02158808708190918,4.6290764808654785,0.0,12.789999961853027,0.012808292172849178,31.65915870666504,0.8678955453149002,0.0,0.0,0.0,6.673228346456693,0.8696767573114418,2388.292724609375,-8804205056.0,254.0,0.0,0.0,0.0,1.0,1.0
18385588.0,0.021268736571073532,4.501158237457275,0.0,12.0600004196167,0.013364394195377827,16.217329025268555,0.8748083801737353,0.0,0.0,0.0,7.163179916317992,0.8774987186058432,2389.05029296875,-10549066752.0,239.0,0.0,0.0,0.0,1.0,1.0
21344380.0,0.02146027237176895,4.495644569396973,0.0,14.3100004196167,0.01389832142740488,35.895992279052734,0.8426680244399185,0.0,0.0,0.0,5.687285223367698,0.8504624871531347,2289.63525390625,-9169416960.0,291.0,0.0,0.0,0.0,1.0,1.0
16017725.0,0.02140253782272339,4.625613212585449,0.0,11.359999656677246,0.013020221143960953,19.08927345275879,0.8820538891713269,0.0,0.0,0.0,7.886363636363637,0.887468030690537,2284.242431640625,-8937098752.0,220.0,0.0,0.0,0.0,1.0,1.0
20910250.0,0.02118782326579094,4.7009406089782715,0.0,12.850000381469727,0.011591385118663311,27.91938591003418,0.8885511651469098,0.0,0.0,0.0,8.392344497607656,0.8935303107488538,2520.29541015625,-7759933184.0,209.0,0.0,0.0,0.0,1.0,1.0
20780152.0,0.021435165777802467,4.719292640686035,0.0,13.479999542236328,0.011348742060363293,17.545530319213867,0.8674513817809621,0.0,0.0,0.0,6.94672131147541,0.8741619391438886,2307.5,-7847280384.0,244.0,0.0,0.0,0.0,1.0,1.0
26416458.0,0.02104412578046322,4.6817626953125,0.0,15.220000267028809,0.010978315025568008,19.846878051757812,0.8512898330804249,0.0,0.0,0.0,6.210332103321033,0.861310133060389,2241.892333984375,-9753436160.0,271.0,0.0,0.0,0.0,1.0,1.0
16237809.0,0.02064872346818447,4.481551647186279,0.0,13.319999694824219,0.012885157018899918,15.217771530151367,0.8833922261484098,0.0,0.0,0.0,8.215962441314554,0.891492613346918,2089.33251953125,-7062135808.0,213.0,0.0,0.0,0.0,1.0,1.0
18903130.0,0.021534914150834084,4.623501300811768,0.0,13.180000305175781,0.012849230319261551,21.690391540527344,0.8760162601626016,0.0,0.0,0.0,7.495652173913044,0.8822927328556807,2708.870361328125,-8987465216.0,230.0,0.0,0.0,0.0,1.0,1.0
22836848.0,0.02153487130999565,4.721619129180908,0.0,11.880000114440918,0.01343404222279787,17.707561492919922,0.8622816032887975,0.0,0.0,0.0,6.738955823293173,0.8707836014530358,2779.84375,-11814241280.0,249.0,0.0,0.0,0.0,1.0,1.0
26453476.0,0.021209191530942917,4.477005481719971,0.0,14.6899995803833,0.014301353134214878,20.383995056152344,0.8560567663456665,0.0,0.0,0.0,6.097472924187725,0.8591047812817905,2347.94482421875,-9940125184.0,277.0,0.0,0.0,0.0,1.0,1.0
22200738.0,0.021505774930119514,4.637101650238037,0.0,14.680000305175781,0.014352258294820786,22.935270309448242,0.8440832910106653,0.0,0.0,0.0,5.8936170212765955,0.8549382716049383,2381.51025390625,-10847945728.0,282.0,0.0,0.0,0.0,1.0,1.0
19276670.0,0.02166595682501793,4.397439479827881,0.0,12.430000305175781,0.013242792338132858,19.94137191772461,0.8869077941925624,0.0,0.0,0.0,8.330143540669857,0.8928205128205128,2246.810546875,-8294742016.0,209.0,0.0,0.0,0.0,1.0,1.0
20022392.0,0.021444369107484818,4.607449054718018,0.0,13.630000114440918,0.014397919178009033,21.01232147216797,0.8703140830800405,0.0,0.0,0.0,6.899598393574297,0.8734112862226742,2121.045166015625,-9190128896.0,249.0,0.0,0.0,0.0,1.0,1.0
18599930.0,0.02171339839696884,4.431311130523682,0.0,13.300000190734863,0.014193017035722733,25.669748306274414,0.8618052014278429,0.0,0.0,0.0,6.401515151515151,0.8648925281473899,2081.34716796875,-7802471424.0,264.0,0.0,0.0,0.0,1.0,1.0
19567560.0,0.021661333739757538,4.543054103851318,0.0,14.0600004196167,0.01259983517229557,24.61286735534668,0.8728470111448835,0.0,0.0,0.0,7.270042194092827,0.8790816326530613,2216.9658203125,-6900099584.0,237.0,0.0,0.0,0.0,1.0,1.0
16102600.0,0.021242666989564896,4.8572001457214355,0.0,13.100000381469727,0.010730410926043987,22.43484115600586,0.8395503321410321,0.0,0.0,0.0,5.5134228187919465,0.8464708912931479,2163.73193359375,-7297142784.0,298.0,0.0,0.0,0.0,1.0,1.0
19331764.0,0.021106906235218048,4.573840141296387,0.0,11.600000381469727,0.01009860448539257,21.283843994140625,0.8819938962360122,0.0,0.0,0.0,7.990783410138249,0.8887749871860584,2275.666015625,-9442572800.0,217.0,0.0,0.0,0.0,1.0,1.0
21761902.0,0.021471502259373665,4.563223361968994,0.0,13.739999771118164,0.011941714212298393,24.23089599609375,0.856272219400711,0.0,0.0,0.0,6.560311284046692,0.8677303139475039,2462.26611328125,-10547753472.0,257.0,0.0,0.0,0.0,1.0,1.0
21452592.0,0.02103305049240589,4.428755283355713,0.0,15.300000190734863,0.014272342436015606,19.475814819335938,0.8504815002534212,0.0,0.0,0.0,6.079710144927536,0.8587512794268168,2369.453369140625,-10613405440.0,276.0,0.0,0.0,0.0,1.0,1.0
19152188.0,0.020949536934494972,4.795642852783203,0.0,13.079999923706055,0.011335969902575016,27.374385833740234,0.8924082453494219,0.0,0.0,0.0,9.01015228426396,0.9001014198782962,2335.5205078125,-15811852800.0,197.0,0.0,0.0,0.0,1.0,1.0
19178672.0,0.021289033815264702,4.377530097961426,0.0,12.800000190734863,0.01443988736718893,18.989131927490234,0.8588894549159449,0.0,0.0,0.0,6.338345864661654,0.8637295081967213,2274.81982421875,-7308339712.0,266.0,0.0,0.0,0.0,1.0,1.0
21102576.0,0.02129531465470791,4.811038017272949,0.0,12.59000015258789,0.011618086136877537,21.914697647094727,0.8630769230769231,0.0,0.0,0.0,6.54863813229572,0.8675257731958763,2203.05615234375,-10013923584.0,257.0,0.0,0.0,0.0,1.0,1.0
15844040.0,0.021268216893076897,4.566625595092773,0.0,13.270000457763672,0.015248579904437065,23.44982147216797,0.8422131147540983,0.0,0.0,0.0,5.768421052631579,0.8522550544323484,2600.9296875,-7877514496.0,285.0,0.0,0.0,0.0,1.0,1.0
20329120.0,0.02152620255947113,4.469522476196289,0.0,12.199999809265137,0.012880148366093636,24.647769927978516,0.8613251155624037,0.0,0.0,0.0,7.01673640167364,0.8752609603340292,2240.8115234375,-7842876928.0,239.0,0.0,0.0,0.0,1.0,1.0
15673308.0,0.020881829783320427,4.4605278968811035,0.0,13.970000267028809,0.012622819282114506,18.997663497924805,0.8840506329113924,0.0,0.0,0.0,7.972602739726027,0.8885496183206106,2018.508056640625,-8438030848.0,219.0,0.0,0.0,0.0,1.0,1.0
21923208.0,0.020900633186101913,4.663514614105225,0.0,13.710000038146973,0.011470354162156582,19.759965896606445,0.8778625954198473,0.0,0.0,0.0,7.435344827586207,0.8814512008175779,2419.1474609375,-9257718272.0,232.0,0.0,0.0,0.0,1.0,1.0
24185928.0,0.020990049466490746,4.4260945320129395,0.0,12.270000457763672,0.012245908379554749,28.006141662597656,0.8791264601320468,0.0,0.0,0.0,7.727678571428571,0.8854219948849105,2147.626708984375,-12285454336.0,224.0,0.0,0.0,0.0,1.0,1.0
22196964.0,0.02124219387769699,4.487940788269043,0.0,12.510000228881836,0.012862269766628742,20.983320236206055,0.8721461187214612,0.0,0.0,0.0,7.074074074074074,0.8761467889908257,2381.421630859375,-9572360192.0,243.0,0.0,0.0,0.0,1.0,1.0
10805573.0,0.02073872834444046,4.386065483093262,0.0,11.329999923706055,0.0121283158659935,31.49391746520996,0.8891726251276814,0.0,0.0,0.0,9.067708333333334,0.900672529746508,2492.1494140625,-7104500736.0,192.0,0.0,0.0,0.0,1.0,1.0
16125147.0,0.021476542577147484,4.647645473480225,0.0,12.770000457763672,0.013325978070497513,22.225685119628906,0.8903553299492386,0.0,0.0,0.0,8.683168316831683,0.8967280163599182,2245.4384765625,-6363743744.0,202.0,0.0,0.0,0.0,1.0,1.0
17641250.0,0.021381700411438942,4.62489128112793,0.0,13.600000381469727,0.01260041818022728,18.467662811279297,0.8891139240506329,0.0,0.0,0.0,8.7363184079602,0.8972917731221257,2347.608154296875,-8611347968.0,201.0,0.0,0.0,0.0,1.0,1.0
16445386.0,0.020941896364092827,4.549227237701416,0.0,12.569999694824219,0.012179017066955566,14.830249786376953,0.8755736868944416,0.0,0.0,0.0,7.400862068965517,0.8809645972293484,2279.38134765625,-9069885952.0,232.0,0.0,0.0,0.0,1.0,1.0
15056484.0,0.021435746923089027,4.402385711669922,0.0,13.710000038146973,0.013349796645343304,25.287353515625,0.8606307222787386,0.0,0.0,0.0,6.558139534883721,0.8676923076923077,2297.479248046875,-10815061248.0,258.0,0.0,0.0,0.0,1.0,1.0
27708830.0,0.021289899945259094,4.654285430908203,0.0,14.4399995803833,0.012291710823774338,21.853145599365234,0.8546099290780141,0.0,0.0,0.0,6.046594982078853,0.858087487283825,1786.8740234375,-10521272320.0,279.0,0.0,0.0,0.0,1.0,1.0
22235884.0,0.020884890109300613,4.6776275634765625,0.0,15.130000114440918,0.013964603655040264,20.873241424560547,0.8685540950455005,0.0,0.0,0.0,7.099173553719008,0.8765306122448979,2230.730712890625,-10022420480.0,242.0,0.0,0.0,0.0,1.0,1.0
23730192.0,0.02133355289697647,4.535642623901367,0.0,13.630000114440918,0.01315140537917614,20.69971466064453,0.8718466195761857,0.0,0.0,0.0,7.053061224489796,0.8758236188545362,2127.203857421875,-9167788800.0,245.0,0.0,0.0,0.0,1.0,1.0
17735156.0,0.021556712687015533,4.5239033699035645,0.0,13.600000381469727,0.014243136160075665,23.72162628173828,0.8560490045941807,0.0,0.0,0.0,6.280898876404494,0.8626543209876543,2159.561279296875,-9224723968.0,267.0,0.0,0.0,0.0,1.0,1.0
16927660.0,0.02108299732208252,4.547362327575684,0.0,11.920000076293945,0.014873587526381016,23.215839385986328,0.8935091277890467,0.0,0.0,0.0,8.989795918367347,0.8998978549540347,2468.933837890625,-6571757824.0,196.0,0.0,0.0,0.0,1.0,1.0
15605208.0,0.02123088389635086,4.401104927062988,0.0,11.300000190734863,0.01200098916888237,15.752103805541992,0.900759493670886,0.0,0.0,0.0,9.564516129032258,0.9053435114503817,2165.97412109375,-7439786752.0,186.0,0.0,0.0,0.0,1.0,1.0
18076478.0,0.02174663543701172,4.783890724182129,0.0,11.850000381469727,0.013162730261683464,21.80188751220703,0.9027989821882951,0.0,0.0,0.0,10.022598870056497,0.9092772936955408,2479.056396484375,-7574947072.0,177.0,0.0,0.0,0.0,1.0,1.0
23425546.0,0.021129179745912552,4.649871349334717,0.0,11.489999771118164,0.014715168625116348,21.88204002380371,0.8814249363867684,0.0,0.0,0.0,7.801801801801802,0.8863868986693961,1841.6785888671875,-10724519680.0,222.0,0.0,0.0,0.0,1.0,1.0
19129092.0,0.020660199224948883,4.701631546020508,0.0,11.920000076293945,0.014131518080830574,20.65631866455078,0.8809283551967709,0.0,0.0,0.0,8.19718309859155,0.891271056661562,2418.150146484375,-7783482368.0,213.0,0.0,0.0,0.0,1.0,1.0
20020352.0,0.020635195076465607,4.337985992431641,0.0,12.84000015258789,0.014062532223761082,18.140085220336914,0.8842264914054601,0.0,0.0,0.0,8.172897196261681,0.890983188996434,2129.121337890625,-8784058880.0,214.0,0.0,0.0,0.0,1.0,1.0
20538632.0,0.02118571288883686,4.346954822540283,0.0,13.949999809265137,0.010503501631319523,17.874774932861328,0.8450920245398773,0.0,0.0,0.0,5.840989399293286,0.8538223140495868,2454.942626953125,-10142985216.0,283.0,0.0,0.0,0.0,1.0,1.0
20538158.0,0.02089696191251278,4.440890312194824,0.0,13.649999618530273,0.016017401590943336,19.05011749267578,0.8311359026369168,0.0,0.0,0.0,5.170347003154574,0.8379345603271984,2113.216796875,-8989047552.0,317.0,0.0,0.0,0.0,1.0,1.0
19634476.0,0.02147497422993183,4.676137924194336,0.0,12.699999809265137,0.015269160270690918,24.169841766357422,0.8841836734693878,0.0,0.0,0.0,8.371980676328503,0.893298969072165,2168.982177734375,-7807859968.0,207.0,0.0,0.0,0.0,1.0,1.0
24741010.0,0.02089489996433258,4.593716144561768,0.0,12.979999542236328,0.013306624256074429,20.189607620239258,0.8956433637284701,0.0,0.0,0.0,9.305263157894737,0.9029622063329928,2330.52001953125,-8475457024.0,190.0,0.0,0.0,0.0,1.0,1.0
23060442.0,0.021132726222276688,4.384035110473633,0.0,14.829999923706055,0.012357443571090698,25.303569793701172,0.8543689320388349,0.0,0.0,0.0,6.147058823529412,0.8600823045267489,2235.484619140625,-8948551168.0,272.0,0.0,0.0,0.0,1.0,1.0
16346555.0,0.021222036331892014,4.514699935913086,0.0,14.260000228881836,0.011702020652592182,21.013591766357422,0.8893939393939394,0.0,0.0,0.0,8.590243902439024,0.8957273652085452,2371.37353515625,-6608041984.0,205.0,0.0,0.0,0.0,1.0,1.0
19598770.0,0.021175632253289223,4.5225138664245605,0.0,12.079999923706055,0.014178693294525146,28.61591339111328,0.8668380462724936,0.0,0.0,0.0,6.909836065573771,0.8735751295336788,2296.0498046875,-8414780928.0,244.0,0.0,0.0,0.0,1.0,1.0
20949376.0,0.02049901708960533,4.479952335357666,0.0,13.649999618530273,0.013475163839757442,24.00275993347168,0.8782213239009601,0.0,0.0,0.0,7.5895196506550215,0.8835790543975597,2004.1396484375,-9747843072.0,229.0,0.0,0.0,0.0,1.0,1.0
19378196.0,0.020835576578974724,4.5557332038879395,0.0,14.84000015258789,0.014658759348094463,23.16463851928711,0.8524173027989822,0.0,0.0,0.0,6.34469696969697,0.8638473439917483,2413.212158203125,-7563830272.0,264.0,0.0,0.0,0.0,1.0,1.0
16202298.0,0.020931607112288475,4.65361213684082,0.0,12.390000343322754,0.014023776166141033,18.774030685424805,0.8718734047983665,0.0,0.0,0.0,7.02880658436214,0.8754484879548949,2300.059326171875,-7901623552.0,243.0,0.0,0.0,0.0,1.0,1.0
20403280.0,0.021152589470148087,4.526930809020996,0.0,12.550000190734863,0.013588865287601948,24.052711486816406,0.8934881373043917,0.0,0.0,0.0,8.762376237623762,0.8975659229208925,2762.3427734375,-9642058240.0,202.0,0.0,0.0,0.0,1.0,1.0
20798670.0,0.021171918138861656,4.498083591461182,0.0,13.550000190734863,0.013430316001176834,20.2615909576416,0.8756397134083931,0.0,0.0,0.0,7.375,0.8805970149253731,2526.08056640625,-7680915712.0,232.0,0.0,0.0,0.0,1.0,1.0
19394604.0,0.021300360560417175,4.815215587615967,0.0,14.210000038146973,0.012822682969272137,22.388647079467773,0.8580152671755725,0.0,0.0,0.0,6.291044776119403,0.8628454452405322,2458.37451171875,-9071547392.0,268.0,0.0,0.0,0.0,1.0,1.0
21547170.0,0.021854382008314133,4.776852130889893,0.0,14.649999618530273,0.01632845401763916,28.049819946289062,0.8685138539042822,0.0,0.0,0.0,6.923694779116466,0.8737962493664471,2532.194580078125,-8532953600.0,249.0,0.0,0.0,0.0,1.0,1.0
19947722.0,0.021597184240818024,4.588151454925537,0.0,14.75,0.012947744689881802,20.56321144104004,0.8537206931702345,0.0,0.0,0.0,6.090909090909091,0.8589743589743589,2115.051025390625,-7570550272.0,275.0,0.0,0.0,0.0,1.0,1.0
19327756.0,0.021530909463763237,4.424721717834473,0.0,12.979999542236328,0.012777190655469894,27.68949317932129,0.849616368286445,0.0,0.0,0.0,5.932142857142857,0.8557444616177228,2555.75,-10174388736.0,280.0,0.0,0.0,0.0,1.0,1.0
20241912.0,0.02145925536751747,4.543012619018555,0.0,14.680000305175781,0.013122480362653732,24.784271240234375,0.8443877551020408,0.0,0.0,0.0,5.889679715302491,0.8548553719008265,2383.9443359375,-8949754368.0,281.0,0.0,0.0,0.0,1.0,1.0
19021268.0,0.02113788202404976,4.420453071594238,0.0,14.149999618530273,0.010322250425815582,19.852813720703125,0.803186022610483,0.0,0.0,0.0,4.247282608695652,0.8094251683065768,2496.83203125,-8345127168.0,368.0,0.0,0.0,0.0,1.0,1.0
23146296.0,0.021511612460017204,4.362453937530518,0.0,11.75,0.013246058486402035,20.786739349365234,0.8530318602261048,0.0,0.0,0.0,6.0583941605839415,0.8583247156153051,1837.090087890625,-9346765568.0,274.0,0.0,0.0,0.0,1.0,1.0
19880842.0,0.02104129083454609,4.620543003082275,0.0,12.350000381469727,0.010642404668033123,20.196395874023438,0.8551617873651772,0.0,0.0,0.0,6.235955056179775,0.8618012422360248,2253.94921875,-10046876928.0,267.0,0.0,0.0,0.0,1.0,1.0
20533544.0,0.021293336525559425,4.362200736999512,0.0,13.369999885559082,0.014237402006983757,32.33633041381836,0.8616094310609944,0.0,0.0,0.0,6.416030534351145,0.86515697375193,2305.727783203125,-7994228224.0,262.0,0.0,0.0,0.0,1.0,1.0
17901248.0,0.020855486392974854,4.357257843017578,0.0,13.140000343322754,0.012772513553500175,17.82925796508789,0.8787417554540842,0.0,0.0,0.0,7.801801801801802,0.8863868986693961,2690.3515625,-6369956096.0,222.0,0.0,0.0,0.0,1.0,1.0
25923112.0,0.021211879327893257,4.2685370445251465,0.0,13.510000228881836,0.01283450610935688,20.38083267211914,0.8645357686453576,0.0,0.0,0.0,7.012345679012346,0.8751926040061633,2573.173095703125,-9305120256.0,243.0,0.0,0.0,0.0,1.0,1.0
18253886.0,0.020876100286841393,4.6228508949279785,0.0,12.960000038146973,0.01225169375538826,27.273347854614258,0.8607270865335381,0.0,0.0,0.0,6.440613026819923,0.8656024716786818,2089.99609375,-7614313216.0,261.0,0.0,0.0,0.0,1.0,1.0
28904358.0,0.02135593816637993,4.720763683319092,0.0,14.420000076293945,0.01513152290135622,23.582298278808594,0.8312150482968989,0.0,0.0,0.0,5.223642172523961,0.8393223819301848,1958.2369384765625,-10488448768.0,313.0,0.0,0.0,0.0,1.0,1.0
28242412.0,0.021145302802324295,4.247853755950928,0.0,12.989999771118164,0.012726998887956142,18.715557098388672,0.8852209243270696,0.0,0.0,0.0,8.221698113207546,0.8915601023017903,2352.4052734375,-10119746048.0,212.0,0.0,0.0,0.0,1.0,1.0
25000852.0,0.021316586062312126,4.640877723693848,0.0,14.319999694824219,0.01416593138128519,20.781103134155273,0.8583800305654611,0.0,0.0,0.0,6.287313432835821,0.8627752176139273,2396.28515625,-9490801920.0,268.0,0.0,0.0,0.0,1.0,1.0
21286292.0,0.021572785452008247,4.69478702545166,0.0,12.819999694824219,0.01247979886829853,21.21076011657715,0.8604060913705583,0.0,0.0,0.0,6.444866920152092,0.865679264555669,2499.887939453125,-8958857216.0,263.0,0.0,0.0,0.0,1.0,1.0
22641938.0,0.020882736891508102,4.518588542938232,0.0,12.470000267028809,0.012224888429045677,19.95347785949707,0.8744257274119449,0.0,0.0,0.0,7.197478991596639,0.8780112762685802,2252.95263671875,-8891636992.0,238.0,0.0,0.0,0.0,1.0,1.0
25291120.0,0.021429555490612984,4.519313812255859,0.0,13.6899995803833,0.014756341464817524,21.768444061279297,0.8619460010188487,0.0,0.0,0.0,6.609375,0.8685831622176592,2378.332275390625,-9499040768.0,256.0,0.0,0.0,0.0,1.0,1.0
16169164.0,0.021168464794754982,4.581415176391602,0.0,14.569999694824219,0.01322883740067482,15.431370735168457,0.8731608320649417,0.0,0.0,0.0,7.418103448275862,0.8812083973374296,2215.940673828125,-6491269888.0,232.0,0.0,0.0,0.0,1.0,1.0
19371028.0,0.021629078313708305,4.458929538726807,0.0,12.789999961853027,0.013948099687695503,22.79285430908203,0.8802242609582059,0.0,0.0,0.0,7.6755555555555555,0.8847336065573771,2070.476806640625,-9117784576.0,225.0,0.0,0.0,0.0,1.0,1.0
26574622.0,0.02126791700720787,4.610882759094238,0.0,15.170000076293945,0.010644633322954178,19.331308364868164,0.8618255168935955,0.0,0.0,0.0,6.67578125,0.8697201017811704,2202.9619140625,-10367539712.0,256.0,0.0,0.0,0.0,1.0,1.0
23954196.0,0.02064887434244156,4.650264263153076,0.0,12.890000343322754,0.012291338294744492,26.835472106933594,0.8997455470737914,0.0,0.0,0.0,9.714285714285714,0.9066666666666666,2480.5751953125,-8833104384.0,182.0,0.0,0.0,0.0,1.0,1.0
20882996.0,0.020708251744508743,4.6651411056518555,0.0,14.5,0.01084813755005598,32.100555419921875,0.8478931140801644,0.0,0.0,0.0,6.0,0.8571428571428571,2028.931396484375,-10444607744.0,275.0,0.0,0.0,0.0,1.0,1.0
18748634.0,0.021398399025201797,4.53073263168335,0.0,12.770000457763672,0.013468199409544468,20.194332122802734,0.8914256722475901,0.0,0.0,0.0,8.612745098039216,0.8959714431412544,2300.19384765625,-7497009664.0,204.0,0.0,0.0,0.0,1.0,1.0
20875910.0,0.021800357848405838,4.589611530303955,0.0,15.329999923706055,0.014738612808287144,22.907758712768555,0.8575757575757575,0.0,0.0,0.0,6.480916030534351,0.8663265306122448,2334.115966796875,-8128748544.0,262.0,0.0,0.0,0.0,1.0,1.0
20802708.0,0.021337591111660004,4.36409854888916,0.0,11.449999809265137,0.010861147195100784,19.86513328552246,0.8872524123920772,0.0,0.0,0.0,8.563725490196079,0.8954382368016401,2104.945068359375,-9524487936.0,204.0,0.0,0.0,0.0,1.0,1.0
23083788.0,0.021018700674176216,4.851029872894287,0.0,13.8100004196167,0.0160521250218153,23.498085021972656,0.8407806882383153,0.0,0.0,0.0,5.493288590604027,0.8459948320413436,2581.42236328125,-11134514688.0,298.0,0.0,0.0,0.0,1.0,1.0
17636016.0,0.021045967936515808,4.578548431396484,0.0,11.15999984741211,0.013741889037191868,16.591312408447266,0.8916030534351145,0.0,0.0,0.0,8.673267326732674,0.8966223132036848,2268.72314453125,-7234719232.0,202.0,0.0,0.0,0.0,1.0,1.0
16367205.0,0.021243616938591003,4.684045791625977,0.0,12.539999961853027,0.0107816057279706,17.49407958984375,0.8926038500506586,0.0,0.0,0.0,8.85427135678392,0.898521162672106,2123.588134765625,-8269368320.0,199.0,0.0,0.0,0.0,1.0,1.0
22746472.0,0.02141464687883854,4.79854679107666,0.0,14.100000381469727,0.013244885951280594,18.475238800048828,0.878159757330637,0.0,0.0,0.0,7.651982378854625,0.8844195519348269,2263.623779296875,-8574716672.0,227.0,0.0,0.0,0.0,1.0,1.0
19678424.0,0.021480508148670197,4.578702449798584,0.0,11.430000305175781,0.012141110375523567,19.145341873168945,0.8665308201732043,0.0,0.0,0.0,6.886639676113361,0.8732032854209446,2012.8521728515625,-10536094976.0,247.0,0.0,0.0,0.0,1.0,1.0
15904183.0,0.02120360918343067,4.558094024658203,0.0,10.760000228881836,0.012392052449285984,20.253868103027344,0.8841996911991765,0.0,0.0,0.0,7.9906976744186045,0.8887739265390585,2339.533447265625,-9114080000.0,215.0,0.0,0.0,0.0,1.0,1.0
23348316.0,0.021318521350622177,4.318791389465332,0.0,14.270000457763672,0.01442122831940651,23.749923706054688,0.8592479674796748,0.0,0.0,0.0,6.503846153846154,0.866735007688365,2137.22802734375,-10117156096.0,260.0,0.0,0.0,0.0,1.0,1.0
22694510.0,0.02149653248488903,4.5986456871032715,0.0,14.050000190734863,0.012706059962511063,14.391942024230957,0.8515864892528148,0.0,0.0,0.0,5.942857142857143,0.8559670781893004,2187.8095703125,-8656603648.0,280.0,0.0,0.0,0.0,1.0,1.0
20583922.0,0.02162107639014721,4.525524139404297,0.0,14.90999984741211,0.013123537413775921,24.539165496826172,0.8789873417721519,0.0,0.0,0.0,7.890909090909091,0.8875255623721882,2223.4892578125,-7152827136.0,220.0,0.0,0.0,0.0,1.0,1.0
17514196.0,0.02119462750852108,4.897597789764404,0.0,11.130000114440918,0.013988971710205078,25.229543685913086,0.8787878787878788,0.0,0.0,0.0,7.471615720524017,0.8819587628865979,2606.15576171875,-7115047936.0,229.0,0.0,0.0,0.0,1.0,1.0
23258882.0,0.02114739827811718,4.639812469482422,0.0,13.09000015258789,0.012197853066027164,29.93436050415039,0.8456821665815023,0.0,0.0,0.0,5.953237410071942,0.8561821003621314,2216.8779296875,-13030003200.0,278.0,0.0,0.0,0.0,1.0,1.0
30155334.0,0.02136579528450966,4.539953708648682,0.0,13.180000305175781,0.01137278787791729,20.98084259033203,0.8737913486005089,0.0,0.0,0.0,7.337606837606837,0.8800615069195284,1959.46142578125,-13522276352.0,234.0,0.0,0.0,0.0,1.0,1.0
15947677.0,0.021529648452997208,4.6685686111450195,0.0,10.210000038146973,0.014126647263765335,19.0668888092041,0.8943089430894309,0.0,0.0,0.0,8.88888888888889,0.898876404494382,2638.556640625,-7479625984.0,198.0,0.0,0.0,0.0,1.0,1.0
23095422.0,0.021349294111132622,4.244880676269531,0.0,14.720000267028809,0.013305852189660072,23.365489959716797,0.8697650663942799,0.0,0.0,0.0,6.979508196721311,0.8746789933230611,2062.41650390625,-9335075072.0,244.0,0.0,0.0,0.0,1.0,1.0
15802461.0,0.021459193900227547,4.730816841125488,0.0,12.229999542236328,0.011318442411720753,19.462966918945312,0.8853795211411105,0.0,0.0,0.0,8.236966824644549,0.8917393535146229,2482.5634765625,-7381388032.0,211.0,0.0,0.0,0.0,1.0,1.0
22717634.0,0.021889815106987953,4.443884372711182,0.0,13.670000076293945,0.013049663044512272,10.116832733154297,0.8693441789527199,0.0,0.0,0.0,7.125,0.8769230769230769,2355.141357421875,-10423295488.0,240.0,0.0,0.0,0.0,1.0,1.0
13613277.0,0.02068052440881729,4.3979387283325195,0.0,10.489999771118164,0.012284287251532078,15.716471672058105,0.8906408952187183,0.0,0.0,0.0,8.625615763546797,0.8961105424769703,2155.7275390625,-8482195968.0,203.0,0.0,0.0,0.0,1.0,1.0
18012352.0,0.021371982991695404,4.711413860321045,0.0,11.039999961853027,0.011568233370780945,17.51068878173828,0.8826219512195121,0.0,0.0,0.0,8.004608294930875,0.8889457523029682,2289.477783203125,-10524951040.0,217.0,0.0,0.0,0.0,1.0,1.0
19193098.0,0.020721828565001488,4.4336090087890625,0.0,11.279999732971191,0.012388288974761963,23.97902488708496,0.9101463907117617,0.0,0.0,0.0,10.796407185628743,0.915228426395939,1939.724609375,-6910056448.0,167.0,0.0,0.0,0.0,1.0,1.0
21601170.0,0.021199984475970268,4.486950874328613,0.0,13.039999961853027,0.01737065054476261,18.958677291870117,0.8717424629535002,0.0,0.0,0.0,6.963265306122449,0.8744233726294208,2149.847900390625,-10303141888.0,245.0,0.0,0.0,0.0,1.0,1.0
20265412.0,0.021511709317564964,4.459139823913574,0.0,14.289999961853027,0.011702300980687141,21.891653060913086,0.8839918946301925,0.0,0.0,0.0,7.7555555555555555,0.8857868020304569,1946.9449462890625,-10509299200.0,225.0,0.0,0.0,0.0,1.0,1.0
27086970.0,0.02139902673661709,4.6905717849731445,0.0,14.260000228881836,0.013723669573664665,27.700767517089844,0.8729028978139298,0.0,0.0,0.0,7.244725738396625,0.8787103377686797,2274.8359375,-8746950656.0,237.0,0.0,0.0,0.0,1.0,1.0
19243494.0,0.02148277498781681,4.478466510772705,0.0,15.25,0.01204790361225605,31.17727279663086,0.8113787801127627,0.0,0.0,0.0,4.7253731343283585,0.8253388946819604,2355.95166015625,-9374133504.0,335.0,0.0,0.0,0.0,1.0,1.0
29104038.0,0.02164340764284134,4.309632778167725,0.0,12.960000038146973,0.012258821167051792,22.661415100097656,0.8687690742624619,0.0,0.0,0.0,6.9714285714285715,0.8745519713261649,2543.2626953125,-10995363072.0,245.0,0.0,0.0,0.0,1.0,1.0
21837992.0,0.02124495431780815,4.689231872558594,0.0,13.640000343322754,0.009237006306648254,21.129348754882812,0.8739837398373984,0.0,0.0,0.0,7.413793103448276,0.8811475409836066,1972.522705078125,-8566294528.0,232.0,0.0,0.0,0.0,1.0,1.0
23882114.0,0.02126864716410637,4.633866786956787,0.0,14.670000076293945,0.013282538391649723,16.435810089111328,0.8723945094051856,0.0,0.0,0.0,7.2100840336134455,0.8781985670419652,2169.7333984375,-8706798592.0,238.0,0.0,0.0,0.0,1.0,1.0
22305804.0,0.021309630945324898,4.738620758056641,0.0,14.170000076293945,0.012068990617990494,22.55287742614746,0.8377686796315251,0.0,0.0,0.0,5.438538205980066,0.8446852425180599,2255.305419921875,-8733820416.0,301.0,0.0,0.0,0.0,1.0,1.0
22448162.0,0.021531732752919197,4.477609634399414,0.0,12.949999809265137,0.01175668090581894,21.038915634155273,0.849820604818042,0.0,0.0,0.0,6.007246376811594,0.8572905894519132,2375.903564453125,-9734921728.0,276.0,0.0,0.0,0.0,1.0,1.0
24016588.0,0.021110009402036667,4.673951625823975,0.0,13.399999618530273,0.013887569308280945,18.28119468688965,0.8684611477907568,0.0,0.0,0.0,6.812749003984064,0.8720040795512494,2489.7236328125,-9641069568.0,251.0,0.0,0.0,0.0,1.0,1.0
18205448.0,0.021543806418776512,4.218976974487305,0.0,14.350000381469727,0.012227240018546581,21.022260665893555,0.8572879634332148,0.0,0.0,0.0,6.228782287822878,0.8616641143440531,2342.7626953125,-7886959616.0,271.0,0.0,0.0,0.0,1.0,1.0
14021100.0,0.02116180956363678,4.517408847808838,0.0,11.699999809265137,0.0130924666300416,32.317569732666016,0.889511201629328,0.0,0.0,0.0,8.27962085308057,0.8922369765066395,2585.693603515625,-6839729920.0,211.0,0.0,0.0,0.0,1.0,1.0
17453432.0,0.020520813763141632,4.342091083526611,0.0,12.079999923706055,0.013618141412734985,16.873836517333984,0.8908075165058406,0.0,0.0,0.0,8.598039215686274,0.8958120531154239,2251.32275390625,-7338538496.0,204.0,0.0,0.0,0.0,1.0,1.0
17208728.0,0.021298212930560112,4.534893989562988,0.0,11.25,0.014259099960327148,13.636045455932617,0.8721344880285278,0.0,0.0,0.0,6.959349593495935,0.874361593462717,2473.82275390625,-8557094656.0,246.0,0.0,0.0,0.0,1.0,1.0
19604616.0,0.02092577889561653,4.476067066192627,0.0,13.670000076293945,0.012751683592796326,31.82542610168457,0.8959070237493684,0.0,0.0,0.0,9.380952380952381,0.9036697247706422,2130.86962890625,-7159485440.0,189.0,0.0,0.0,0.0,1.0,1.0
18977082.0,0.021542444825172424,4.620627403259277,0.0,12.75,0.013545859605073929,15.209735870361328,0.8792048929663608,0.0,0.0,0.0,7.8054298642533935,0.8864337101747174,2293.1181640625,-9124619264.0,221.0,0.0,0.0,0.0,1.0,1.0
25999372.0,0.02133825048804283,4.386979579925537,0.0,14.779999732971191,0.012580256909132004,17.442092895507812,0.8456852791878172,0.0,0.0,0.0,5.95,0.8561151079136691,2296.193359375,-9199746048.0,280.0,0.0,0.0,0.0,1.0,1.0
18644620.0,0.021781062707304955,4.478146553039551,0.0,13.819999694824219,0.011445404961705208,27.16854476928711,0.8474489795918367,0.0,0.0,0.0,5.953405017921147,0.8561855670103092,2345.107421875,-8791077376.0,279.0,0.0,0.0,0.0,1.0,1.0
21448026.0,0.021358998492360115,4.562305450439453,0.0,12.539999961853027,0.01648407243192196,23.388402938842773,0.8873668188736682,0.0,0.0,0.0,8.25,0.8918918918918919,2107.885986328125,-10319457280.0,212.0,0.0,0.0,0.0,1.0,1.0
17051116.0,0.02100963331758976,4.659256458282471,0.0,11.829999923706055,0.011569011956453323,22.157703399658203,0.86152273888605,0.0,0.0,0.0,6.717131474103586,0.8704181724315952,2207.38916015625,-9290621184.0,251.0,0.0,0.0,0.0,1.0,1.0
21594892.0,0.021285168826580048,4.57997989654541,0.0,15.229999542236328,0.013534221798181534,16.54468536376953,0.8491139240506329,0.0,0.0,0.0,5.946808510638298,0.8560490045941807,2102.732177734375,-8127508736.0,282.0,0.0,0.0,0.0,1.0,1.0
17054082.0,0.021213196218013763,4.315608024597168,0.0,10.949999809265137,0.014461502432823181,26.58380889892578,0.9035043169121382,0.0,0.0,0.0,9.774725274725276,0.9071902090770015,2565.43359375,-6890698240.0,182.0,0.0,0.0,0.0,1.0,1.0
29137006.0,0.02139914035797119,4.758852005004883,0.0,13.630000114440918,0.012879636138677597,21.53093719482422,0.8478038815117467,0.0,0.0,0.0,6.036363636363636,0.8578811369509044,2520.28857421875,-10879118336.0,275.0,0.0,0.0,0.0,1.0,1.0
16425004.0,0.021433694288134575,4.435178279876709,0.0,12.579999923706055,0.01364826038479805,17.21111297607422,0.9001512859304085,0.0,0.0,0.0,9.807692307692308,0.9074733096085409,2238.63427734375,-6759275264.0,182.0,0.0,0.0,0.0,1.0,1.0
13536398.0,0.021330885589122772,4.408874988555908,0.0,11.170000076293945,0.010738645680248737,20.8807373046875,0.9028831562974203,0.0,0.0,0.0,9.754098360655737,0.9070121951219512,2506.8427734375,-6329462272.0,183.0,0.0,0.0,0.0,1.0,1.0
20106110.0,0.020956723019480705,4.356661319732666,0.0,14.630000114440918,0.011556938290596008,17.312162399291992,0.859846547314578,0.0,0.0,0.0,6.391634980988593,0.8647119341563786,2115.078369140625,-9181893376.0,263.0,0.0,0.0,0.0,1.0,1.0
17763842.0,0.02099383808672428,4.6680803298950195,0.0,13.899999618530273,0.011754338629543781,20.447120666503906,0.8741116751269036,0.0,0.0,0.0,7.390557939914163,0.8808184143222506,2502.09423828125,-7306989568.0,233.0,0.0,0.0,0.0,1.0,1.0
21275552.0,0.020829346030950546,4.491020679473877,0.0,15.84000015258789,0.012792072258889675,20.778079986572266,0.8646730866700456,0.0,0.0,0.0,6.76984126984127,0.8712972420837589,2029.693359375,-8366586368.0,252.0,0.0,0.0,0.0,1.0,1.0
20901370.0,0.02201061323285103,4.333352565765381,0.0,13.25,0.01350032165646553,19.89088249206543,0.8742393509127789,0.0,0.0,0.0,7.367521367521367,0.8804902962206334,2200.720703125,-9231189504.0,234.0,0.0,0.0,0.0,1.0,1.0
19697976.0,0.0212625190615654,4.273616790771484,0.0,12.270000457763672,0.014404740184545517,21.401920318603516,0.8756397134083931,0.0,0.0,0.0,7.343347639484978,0.8801440329218106,2729.30126953125,-8710339584.0,233.0,0.0,0.0,0.0,1.0,1.0
21298706.0,0.021103303879499435,4.537815093994141,0.0,14.140000343322754,0.013260568492114544,23.868846893310547,0.863659401926001,0.0,0.0,0.0,6.983606557377049,0.8747433264887063,2559.391357421875,-8754722816.0,244.0,0.0,0.0,0.0,1.0,1.0
19744422.0,0.021408233791589737,4.569443225860596,0.0,15.539999961853027,0.013535993173718452,17.41547966003418,0.8526582278481013,0.0,0.0,0.0,6.014285714285714,0.8574338085539714,2398.248046875,-7923638784.0,280.0,0.0,0.0,0.0,1.0,1.0
17291052.0,0.021049000322818756,4.574756622314453,0.0,12.229999542236328,0.012139495462179184,29.23537826538086,0.8704742478327384,0.0,0.0,0.0,7.294871794871795,0.8794435857805255,2127.70654296875,-7779836928.0,234.0,0.0,0.0,0.0,1.0,1.0
20247120.0,0.020891929045319557,4.53060245513916,0.0,13.630000114440918,0.01228255219757557,18.164213180541992,0.8684344722080571,0.0,0.0,0.0,6.951020408163266,0.8742299794661191,2548.677734375,-9743386624.0,245.0,0.0,0.0,0.0,1.0,1.0
18386860.0,0.02148468978703022,4.454314708709717,0.0,12.779999732971191,0.009842338040471077,19.310413360595703,0.8801631820499745,0.0,0.0,0.0,7.705357142857143,0.8851282051282051,2023.649169921875,-7892594944.0,224.0,0.0,0.0,0.0,1.0,1.0
23709030.0,0.0215624887496233,4.492059707641602,0.0,13.569999694824219,0.013590431772172451,15.709651947021484,0.8662224500256279,0.0,0.0,0.0,6.733067729083666,0.8706852138073158,2131.591796875,-9510839040.0,251.0,0.0,0.0,0.0,1.0,1.0
17376974.0,0.021752405911684036,4.498542308807373,0.0,14.380000114440918,0.012912001460790634,27.45346450805664,0.8697863682604272,0.0,0.0,0.0,7.095435684647303,0.876473603280369,2321.08642578125,-8217881856.0,241.0,0.0,0.0,0.0,1.0,1.0
20625402.0,0.020616471767425537,4.383951187133789,0.0,13.84000015258789,0.011220302432775497,16.159751892089844,0.8628048780487805,0.0,0.0,0.0,6.792,0.8716632443531828,2232.32470703125,-8118869760.0,250.0,0.0,0.0,0.0,1.0,1.0
20721662.0,0.021066339686512947,4.446388244628906,0.0,13.619999885559082,0.011342308484017849,22.933006286621094,0.8811330298431967,0.0,0.0,0.0,7.776785714285714,0.8860630722278738,1907.31201171875,-7028290048.0,224.0,0.0,0.0,0.0,1.0,1.0
15074079.0,0.02103562280535698,4.459939956665039,0.0,11.210000038146973,0.010046068578958511,14.29355239868164,0.8654042988741044,0.0,0.0,0.0,6.7103174603174605,0.8703036541430778,2464.242431640625,-8444177408.0,252.0,0.0,0.0,0.0,1.0,1.0
23991290.0,0.021319592371582985,4.453249931335449,0.0,15.960000038146973,0.013801012188196182,16.37500762939453,0.829873417721519,0.0,0.0,0.0,5.137931034482759,0.8370786516853933,2447.466796875,-9719718144.0,319.0,0.0,0.0,0.0,1.0,1.0
25422418.0,0.02111171744763851,4.567554950714111,0.0,15.430000305175781,0.013803956098854542,20.5286922454834,0.8711470439615968,0.0,0.0,0.0,7.399141630901288,0.8809402146142055,2056.39794921875,-9441769984.0,233.0,0.0,0.0,0.0,1.0,1.0
22413940.0,0.021117225289344788,4.59733772277832,0.0,12.640000343322754,0.01130763441324234,22.005094528198242,0.8758236188545362,0.0,0.0,0.0,7.545851528384279,0.8829841594276955,2207.85888671875,-7933170176.0,229.0,0.0,0.0,0.0,1.0,1.0
21769908.0,0.021387381479144096,4.571115493774414,0.0,13.079999923706055,0.014798055402934551,21.801109313964844,0.8668367346938776,0.0,0.0,0.0,6.715415019762846,0.8703893442622951,2134.51171875,-10481931776.0,253.0,0.0,0.0,0.0,1.0,1.0
23215960.0,0.02128087729215622,4.442959785461426,0.0,13.65999984741211,0.012190621346235275,11.036170959472656,0.8660531697341514,0.0,0.0,0.0,6.803212851405623,0.871847658260422,2444.366943359375,-8812033024.0,249.0,0.0,0.0,0.0,1.0,1.0
21170960.0,0.0215508621186018,4.486129283905029,0.0,13.079999923706055,0.013755152933299541,13.048904418945312,0.8834262544348708,0.0,0.0,0.0,8.221698113207546,0.8915601023017903,2225.158447265625,-7912486144.0,212.0,0.0,0.0,0.0,1.0,1.0
15862789.0,0.020906096324324608,4.519026756286621,0.0,13.520000457763672,0.014812007546424866,22.091344833374023,0.8865717192268565,0.0,0.0,0.0,8.260663507109005,0.8920163766632548,2745.8681640625,-6727814400.0,211.0,0.0,0.0,0.0,1.0,1.0
24940870.0,0.02150585688650608,4.6271209716796875,0.0,12.420000076293945,0.01428699679672718,21.026813507080078,0.8932186234817814,0.0,0.0,0.0,8.737623762376238,0.8973055414336553,2338.2919921875,-9449787904.0,202.0,0.0,0.0,0.0,1.0,1.0
24445404.0,0.02149544283747673,4.809426307678223,0.0,14.699999809265137,0.013228289783000946,18.940462112426758,0.8613509395632301,0.0,0.0,0.0,6.498084291187739,0.8666326009197751,2330.284912109375,-9995697152.0,261.0,0.0,0.0,0.0,1.0,1.0
19072030.0,0.021459467709064484,4.493036270141602,0.0,14.010000228881836,0.011156640015542507,23.472333908081055,0.87029501525941,0.0,0.0,0.0,7.0995850622406635,0.8765368852459017,2288.09326171875,-9194350336.0,241.0,0.0,0.0,0.0,1.0,1.0
20204920.0,0.021666279062628746,4.4423136711120605,0.0,14.15999984741211,0.013442259281873703,18.77206802368164,0.8677811550151976,0.0,0.0,0.0,7.197478991596639,0.8780112762685802,2208.36572265625,-7149513984.0,238.0,0.0,0.0,0.0,1.0,1.0
24363546.0,0.020760323852300644,4.487127304077148,0.0,14.960000038146973,0.012424590066075325,21.09562873840332,0.8685138539042822,0.0,0.0,0.0,7.008130081300813,0.8751269035532995,2122.69384765625,-8170498816.0,246.0,0.0,0.0,0.0,1.0,1.0
19001272.0,0.021966196596622467,4.731608867645264,0.0,13.880000114440918,0.014640334993600845,20.717552185058594,0.8948170731707317,0.0,0.0,0.0,9.124352331606218,0.9012282497441146,2059.7783203125,-8189938944.0,193.0,0.0,0.0,0.0,1.0,1.0
20913744.0,0.021362166851758957,4.630431652069092,0.0,13.710000038146973,0.01459258608520031,32.67070007324219,0.8665987780040734,0.0,0.0,0.0,7.004115226337449,0.8750642673521851,2268.178955078125,-9694124544.0,243.0,0.0,0.0,0.0,1.0,1.0
24514188.0,0.021857183426618576,4.59492826461792,0.0,15.600000381469727,0.013896821066737175,19.427804946899414,0.8724050632911392,0.0,0.0,0.0,7.061475409836065,0.8759532282663955,2166.259033203125,-9611604224.0,244.0,0.0,0.0,0.0,1.0,1.0
25670246.0,0.02121114730834961,4.486457347869873,0.0,14.4399995803833,0.01439697202295065,13.548005104064941,0.8493360572012257,0.0,0.0,0.0,5.982014388489208,0.8567748583204534,2491.771728515625,-11356439552.0,278.0,0.0,0.0,0.0,1.0,1.0
23169316.0,0.021479308605194092,4.578979015350342,0.0,12.949999809265137,0.01382782869040966,24.634674072265625,0.8633130081300813,0.0,0.0,0.0,6.63671875,0.8690537084398977,2185.962890625,-10761857536.0,256.0,0.0,0.0,0.0,1.0,1.0
29021000.0,0.021564878523349762,4.5900797843933105,0.0,15.399999618530273,0.010145934298634529,18.176347732543945,0.84779299847793,0.0,0.0,0.0,6.0324909747292415,0.8578028747433265,2079.87939453125,-10775990272.0,277.0,0.0,0.0,0.0,1.0,1.0
18350484.0,0.021730709820985794,4.558043003082275,0.0,13.130000114440918,0.010128583759069443,15.855131149291992,0.8528665651953323,0.0,0.0,0.0,5.898245614035088,0.8550356052899288,2223.015380859375,-8636672000.0,285.0,0.0,0.0,0.0,1.0,1.0
19239398.0,0.021901065483689308,4.628878593444824,0.0,14.25,0.012346555478870869,15.090648651123047,0.8744303797468355,0.0,0.0,0.0,7.607929515418502,0.8838280450358239,2119.37744140625,-9248816128.0,227.0,0.0,0.0,0.0,1.0,1.0
18201312.0,0.021375475451350212,4.314671516418457,0.0,13.8100004196167,0.013436698354780674,36.0784797668457,0.8619289340101522,0.0,0.0,0.0,6.6328125,0.8689866939611054,2284.807373046875,-8324262400.0,256.0,0.0,0.0,0.0,1.0,1.0
16076026.0,0.021329276263713837,4.723869800567627,0.0,11.59000015258789,0.01203221920877695,23.5643367767334,0.909598781107161,0.0,0.0,0.0,10.597633136094675,0.9137755102040817,2142.664306640625,-6759042560.0,169.0,0.0,0.0,0.0,1.0,1.0
23664930.0,0.021562088280916214,4.588502883911133,0.0,14.4399995803833,0.016849691048264503,15.678104400634766,0.8333333333333334,0.0,0.0,0.0,5.257234726688103,0.8401849948612539,2258.64306640625,-12401564160.0,311.0,0.0,0.0,0.0,1.0,1.0
17899102.0,0.021025368943810463,4.584906101226807,0.0,13.850000381469727,0.010592506267130375,17.556705474853516,0.8746192893401015,0.0,0.0,0.0,7.726457399103139,0.8854059609455293,2153.047119140625,-8425451008.0,223.0,0.0,0.0,0.0,1.0,1.0
24747638.0,0.021369753405451775,4.647463798522949,0.0,13.899999618530273,0.010558303445577621,21.916879653930664,0.868727825646224,0.0,0.0,0.0,6.856,0.8727087576374746,2631.60546875,-10641538816.0,250.0,0.0,0.0,0.0,1.0,1.0
16874668.0,0.021287431940436363,4.4787068367004395,0.0,13.75,0.013810333795845509,30.141319274902344,0.8777381558838513,0.0,0.0,0.0,7.831818181818182,0.8867730313947504,2650.81494140625,-7736131584.0,220.0,0.0,0.0,0.0,1.0,1.0
32046966.0,0.02136482298374176,4.525334358215332,0.0,15.640000343322754,0.012911844998598099,21.31224822998047,0.8366211431461811,0.0,0.0,0.0,5.37012987012987,0.8430173292558614,2106.259765625,-11157311232.0,308.0,0.0,0.0,0.0,1.0,1.0
20593004.0,0.02167389541864395,4.697717666625977,0.0,15.329999923706055,0.015405337326228619,21.4078369140625,0.8568517575140092,0.0,0.0,0.0,6.206642066420664,0.8612391193036354,1811.83984375,-9652420608.0,271.0,0.0,0.0,0.0,1.0,1.0
24357900.0,0.02174009382724762,4.591702938079834,0.0,12.199999809265137,0.012209922075271606,13.36233139038086,0.84346035015448,0.0,0.0,0.0,5.628865979381444,0.8491446345256609,2143.37548828125,-10502782976.0,291.0,0.0,0.0,0.0,1.0,1.0
21286050.0,0.0210085678845644,4.456076145172119,0.0,13.779999732971191,0.015675663948059082,12.792155265808105,0.8736097067745198,0.0,0.0,0.0,7.322033898305085,0.879837067209776,2384.900634765625,-8884391936.0,236.0,0.0,0.0,0.0,1.0,1.0
15409059.0,0.021866226568818092,4.570503234863281,0.0,14.329999923706055,0.013159740716218948,20.15963363647461,0.8744280630401627,0.0,0.0,0.0,7.478260869565218,0.882051282051282,2361.98095703125,-7945012992.0,230.0,0.0,0.0,0.0,1.0,1.0
24389714.0,0.020992344245314598,4.496682643890381,0.0,12.789999961853027,0.00976420659571886,17.25127601623535,0.8884928716904277,0.0,0.0,0.0,8.349282296650717,0.8930399181166837,2116.08837890625,-9514403840.0,209.0,0.0,0.0,0.0,1.0,1.0
20958946.0,0.021735159680247307,4.7724928855896,0.0,13.15999984741211,0.012871365062892437,26.68429183959961,0.8618756371049949,0.0,0.0,0.0,6.429657794676806,0.8654042988741044,2241.20556640625,-8631253760.0,263.0,0.0,0.0,0.0,1.0,1.0
20391378.0,0.020998528227210045,4.658383369445801,0.0,14.819999694824219,0.010994895361363888,18.144775390625,0.8632218844984803,0.0,0.0,0.0,6.682352941176471,0.8698315467075038,2334.3955078125,-6939172864.0,255.0,0.0,0.0,0.0,1.0,1.0
24896870.0,0.020701460540294647,4.4208807945251465,0.0,11.649999618530273,0.01443574856966734,29.25746726989746,0.8721881390593047,0.0,0.0,0.0,7.138075313807532,0.877120822622108,2034.4248046875,-9884668928.0,239.0,0.0,0.0,0.0,1.0,1.0
18252532.0,0.02107994817197323,4.566344738006592,0.0,13.359999656677246,0.012614072300493717,19.939647674560547,0.8856423173803526,0.0,0.0,0.0,8.17674418604651,0.8910288900152052,2033.0528564453125,-6211808256.0,215.0,0.0,0.0,0.0,1.0,1.0
17539656.0,0.021244296804070473,4.481595039367676,0.0,12.5600004196167,0.011697422713041306,21.544031143188477,0.8609271523178808,0.0,0.0,0.0,6.550387596899225,0.8675564681724846,2603.2421875,-7400492800.0,258.0,0.0,0.0,0.0,1.0,1.0
26551408.0,0.02199375070631504,4.642756462097168,0.0,16.229999542236328,0.013022471219301224,18.852886199951172,0.8252279635258358,0.0,0.0,0.0,5.043343653250774,0.8345286885245902,2268.2724609375,-10617134848.0,323.0,0.0,0.0,0.0,1.0,1.0
15167474.0,0.021134067326784134,4.454342842102051,0.0,11.5600004196167,0.014174697920680046,14.632335662841797,0.8992878942014242,0.0,0.0,0.0,9.822222222222223,0.9075975359342916,2226.49169921875,-6455171072.0,180.0,0.0,0.0,0.0,1.0,1.0
20702404.0,0.021149566397070885,4.506035327911377,0.0,12.899999618530273,0.013148846104741096,26.09459686279297,0.8725241239207719,0.0,0.0,0.0,7.405172413793103,0.8810256410256411,2092.370361328125,-7848731136.0,232.0,0.0,0.0,0.0,1.0,1.0
24060406.0,0.021543772891163826,4.591328144073486,0.0,13.670000076293945,0.011148924939334393,26.708148956298828,0.8727825646224024,0.0,0.0,0.0,7.115702479338843,0.8767820773930753,2363.517578125,-9606403072.0,242.0,0.0,0.0,0.0,1.0,1.0
21405518.0,0.02128419652581215,4.522096633911133,0.0,14.770000457763672,0.012375373393297195,28.18694305419922,0.871587462082912,0.0,0.0,0.0,7.399141630901288,0.8809402146142055,2322.2333984375,-7556815616.0,233.0,0.0,0.0,0.0,1.0,1.0
26405214.0,0.021527903154492378,4.504203796386719,0.0,14.390000343322754,0.010960225015878677,19.25223159790039,0.8762729124236253,0.0,0.0,0.0,7.5152838427947595,0.8825641025641026,2294.5947265625,-9107127808.0,229.0,0.0,0.0,0.0,1.0,1.0
24907916.0,0.02121359296143055,4.420909881591797,0.0,14.6899995803833,0.012138929218053818,19.069787979125977,0.8933265925176946,0.0,0.0,0.0,9.155440414507773,0.9015306122448979,2171.903076171875,-8750925312.0,193.0,0.0,0.0,0.0,1.0,1.0
21090562.0,0.021199148148298264,4.471834659576416,0.0,11.539999961853027,0.01341766957193613,21.401016235351562,0.8988366211431462,0.0,0.0,0.0,9.352631578947369,0.9034062023385867,2242.455078125,-7964105728.0,190.0,0.0,0.0,0.0,1.0,1.0
23856212.0,0.02085527963936329,4.527790546417236,0.0,13.329999923706055,0.012088791467249393,21.912437438964844,0.8568507157464212,0.0,0.0,0.0,6.348484848484849,0.8639175257731959,2329.12841796875,-9359968512.0,264.0,0.0,0.0,0.0,1.0,1.0
16660625.0,0.02068268693983555,4.492002964019775,0.0,12.579999923706055,0.011897493153810501,12.996222496032715,0.900709219858156,0.0,0.0,0.0,9.823204419889503,0.9076059213884635,2023.78662109375,-6195457024.0,181.0,0.0,0.0,0.0,1.0,1.0
14410222.0,0.02138969674706459,4.264330863952637,0.0,11.420000076293945,0.011298514902591705,24.58203887939453,0.8801020408163265,0.0,0.0,0.0,8.214285714285714,0.8914728682170543,2602.342529296875,-6841718016.0,210.0,0.0,0.0,0.0,1.0,1.0
17986616.0,0.02078131213784218,4.440130233764648,0.0,12.369999885559082,0.011911368928849697,27.25652313232422,0.8646730866700456,0.0,0.0,0.0,6.796812749003984,0.8717424629535002,2484.0908203125,-7612686848.0,251.0,0.0,0.0,0.0,1.0,1.0
19591764.0,0.021296635270118713,4.542234897613525,0.0,12.800000190734863,0.012783458456397057,19.185089111328125,0.8803245436105477,0.0,0.0,0.0,7.81981981981982,0.8866189989785496,2687.593505859375,-7735646464.0,222.0,0.0,0.0,0.0,1.0,1.0
20784808.0,0.021378761157393456,4.5222487449646,0.0,12.529999732971191,0.013156646862626076,15.988823890686035,0.8796954314720812,0.0,0.0,0.0,8.06046511627907,0.8896303901437371,2145.3408203125,-9468438016.0,215.0,0.0,0.0,0.0,1.0,1.0
21042648.0,0.022269170731306076,4.2496232986450195,0.0,14.579999923706055,0.01405075192451477,17.30939483642578,0.8415439309294058,0.0,0.0,0.0,5.579124579124579,0.8480040941658137,2470.612060546875,-9573532416.0,297.0,0.0,0.0,0.0,1.0,1.0
21359222.0,0.021706273779273033,4.661303520202637,0.0,14.229999542236328,0.013877185061573982,26.577852249145508,0.8415189873417721,0.0,0.0,0.0,5.5215946843853825,0.8466632705043301,2292.37109375,-7746288640.0,301.0,0.0,0.0,0.0,1.0,1.0
23505280.0,0.021206291392445564,4.520937919616699,0.0,14.859999656677246,0.014037122018635273,17.270675659179688,0.8646464646464647,0.0,0.0,0.0,6.931174089068826,0.8739152628892292,2264.62255859375,-8256843264.0,247.0,0.0,0.0,0.0,1.0,1.0
16565492.0,0.02068110555410385,4.393001079559326,0.0,12.829999923706055,0.012450571171939373,26.971744537353516,0.8848884381338742,0.0,0.0,0.0,8.078703703703704,0.8898521162672106,2140.467529296875,-7147909632.0,216.0,0.0,0.0,0.0,1.0,1.0
20162240.0,0.021021058782935143,4.550515174865723,0.0,11.680000305175781,0.01457308605313301,16.958906173706055,0.8679918450560652,0.0,0.0,0.0,6.979508196721311,0.8746789933230611,2478.969482421875,-8780671488.0,244.0,0.0,0.0,0.0,1.0,1.0
23943222.0,0.02158312499523163,4.544373512268066,0.0,11.380000114440918,0.012033410370349884,19.15447235107422,0.8830706659888155,0.0,0.0,0.0,8.193396226415095,0.8912262698819907,2693.792236328125,-9727377920.0,212.0,0.0,0.0,0.0,1.0,1.0
25030348.0,0.021351024508476257,4.980215549468994,0.0,13.15999984741211,0.013160143047571182,14.98646354675293,0.8591836734693877,0.0,0.0,0.0,6.501930501930502,0.8667009778692744,2278.736083984375,-10499183104.0,259.0,0.0,0.0,0.0,1.0,1.0
21762168.0,0.021366551518440247,4.60195255279541,0.0,12.800000190734863,0.011924181133508682,17.42235565185547,0.8748083801737353,0.0,0.0,0.0,7.781818181818182,0.8861283643892339,2342.297119140625,-8628160512.0,220.0,0.0,0.0,0.0,1.0,1.0
16455338.0,0.021511178463697433,4.402769565582275,0.0,11.710000038146973,0.01363710593432188,19.446989059448242,0.8621041879468846,0.0,0.0,0.0,6.698412698412699,0.8701030927835052,2442.1669921875,-6803588864.0,252.0,0.0,0.0,0.0,1.0,1.0
19267610.0,0.02133002132177353,4.4631028175354,0.0,12.859999656677246,0.01405442412942648,11.593514442443848,0.8742331288343558,0.0,0.0,0.0,7.434782608695652,0.8814432989690721,2316.2236328125,-8544936704.0,230.0,0.0,0.0,0.0,1.0,1.0
18236262.0,0.02176036313176155,4.64415168762207,0.0,12.550000190734863,0.01391443982720375,16.67308807373047,0.8717688798783578,0.0,0.0,0.0,7.166666666666667,0.8775510204081632,2115.0556640625,-6765405952.0,240.0,0.0,0.0,0.0,1.0,1.0
17173420.0,0.02093370445072651,4.689945697784424,0.0,12.470000267028809,0.01457760576158762,16.468650817871094,0.8718605843157355,0.0,0.0,0.0,7.0875,0.8763523956723338,2286.230712890625,-7424869120.0,240.0,0.0,0.0,0.0,1.0,1.0
19710904.0,0.02154371701180935,4.306282043457031,0.0,13.210000038146973,0.01509679015725851,19.29155731201172,0.8834853090172239,0.0,0.0,0.0,8.149532710280374,0.8907048008171604,1974.322998046875,-7856081664.0,214.0,0.0,0.0,0.0,1.0,1.0
16511000.0,0.021620597690343857,4.721299648284912,0.0,11.3100004196167,0.010744260624051094,16.78215217590332,0.8974619289340101,0.0,0.0,0.0,9.404255319148936,0.9038854805725971,2222.527587890625,-6574390016.0,188.0,0.0,0.0,0.0,1.0,1.0
19389640.0,0.021498212590813637,4.420018672943115,0.0,13.970000267028809,0.013388875871896744,16.186723709106445,0.8622603430877901,0.0,0.0,0.0,6.598455598455598,0.8683943089430894,1875.1121826171875,-8153852672.0,259.0,0.0,0.0,0.0,1.0,1.0
20235096.0,0.021361730992794037,4.334501266479492,0.0,11.739999771118164,0.01397705078125,19.296491622924805,0.8575063613231552,0.0,0.0,0.0,6.480769230769231,0.8663239074550129,2159.179443359375,-12212921856.0,260.0,0.0,0.0,0.0,1.0,1.0
24930906.0,0.021262921392917633,4.5589599609375,0.0,16.139999389648438,0.01338549517095089,22.482906341552734,0.853522554485555,0.0,0.0,0.0,6.101449275362318,0.8591836734693877,2481.791748046875,-9618993408.0,276.0,0.0,0.0,0.0,1.0,1.0
15673053.0,0.02079232782125473,4.722944259643555,0.0,13.34000015258789,0.012388721108436584,26.558130264282227,0.870737913486005,0.0,0.0,0.0,7.070247933884297,0.8760880696364567,2237.462158203125,-7973492224.0,242.0,0.0,0.0,0.0,1.0,1.0
15040269.0,0.020883923396468163,4.573426723480225,0.0,12.710000038146973,0.00944434478878975,18.2191219329834,0.8704081632653061,0.0,0.0,0.0,6.934959349593496,0.8739754098360656,2537.01611328125,-7874501888.0,246.0,0.0,0.0,0.0,1.0,1.0
16491936.0,0.021167907863855362,4.667967319488525,0.0,13.430000305175781,0.013451311737298965,22.86895179748535,0.8631955079122001,0.0,0.0,0.0,6.57976653696498,0.8680698151950719,2485.6787109375,-9532950272.0,257.0,0.0,0.0,0.0,1.0,1.0
18452658.0,0.021104291081428528,4.474764823913574,0.0,13.220000267028809,0.011213796213269234,22.2550048828125,0.8928390045708482,0.0,0.0,0.0,9.10880829015544,0.9010763710917479,2083.740966796875,-7717099520.0,193.0,0.0,0.0,0.0,1.0,1.0
18634704.0,0.0210774764418602,4.624532699584961,0.0,12.729999542236328,0.014961604960262775,13.659942626953125,0.8830379746835443,0.0,0.0,0.0,7.820627802690583,0.8866293848500254,2295.185546875,-7611627520.0,223.0,0.0,0.0,0.0,1.0,1.0
18757644.0,0.02152726612985134,4.608951568603516,0.0,13.170000076293945,0.013800878077745438,21.13499641418457,0.8655119714722364,0.0,0.0,0.0,6.688976377952756,0.8699436763952892,2576.553955078125,-8800912896.0,254.0,0.0,0.0,0.0,1.0,1.0
17191930.0,0.02125615067780018,4.508251667022705,0.0,12.109999656677246,0.012564089149236679,16.51087760925293,0.8922064777327935,0.0,0.0,0.0,8.68472906403941,0.8967446592065107,2213.992919921875,-8527354112.0,203.0,0.0,0.0,0.0,1.0,1.0
14084088.0,0.021286794915795326,4.667464256286621,0.0,12.279999732971191,0.012966427952051163,20.584131240844727,0.8683401639344263,0.0,0.0,0.0,6.862348178137652,0.872811534500515,2675.669677734375,-7196802816.0,247.0,0.0,0.0,0.0,1.0,1.0
17549144.0,0.02072012983262539,4.523497581481934,0.0,12.899999618530273,0.01431246567517519,20.17992401123047,0.8619460010188487,0.0,0.0,0.0,6.558139534883721,0.8676923076923077,2208.1640625,-6881010176.0,258.0,0.0,0.0,0.0,1.0,1.0
19089666.0,0.02134915441274643,4.6689043045043945,0.0,13.710000038146973,0.01271907053887844,17.291542053222656,0.8683673469387755,0.0,0.0,0.0,7.091666666666667,0.8764160659114315,2207.513671875,-7567487744.0,240.0,0.0,0.0,0.0,1.0,1.0
20218362.0,0.02112174592912197,4.609701156616211,0.0,13.670000076293945,0.016232706606388092,23.616674423217773,0.8823826350328117,0.0,0.0,0.0,8.206572769953052,0.8913819479857216,1976.1197509765625,-7080990976.0,213.0,0.0,0.0,0.0,1.0,1.0
26540340.0,0.021763155236840248,4.392582416534424,0.0,15.039999961853027,0.01265258714556694,29.37809181213379,0.8675496688741722,0.0,0.0,0.0,7.095833333333333,0.876479670612455,2030.19580078125,-8733307392.0,240.0,0.0,0.0,0.0,1.0,1.0
23998730.0,0.020902330055832863,4.489885330200195,0.0,13.989999771118164,0.010023756884038448,21.696849822998047,0.8641912512716174,0.0,0.0,0.0,6.688976377952756,0.8699436763952892,2323.10693359375,-8115560192.0,254.0,0.0,0.0,0.0,1.0,1.0
20473602.0,0.02126152813434601,4.4084954261779785,0.0,14.279999732971191,0.010436244308948517,16.82648277282715,0.8799392097264438,0.0,0.0,0.0,7.85972850678733,0.8871297242083759,2263.493896484375,-7719104256.0,221.0,0.0,0.0,0.0,1.0,1.0
16346574.0,0.02152012288570404,4.495774745941162,0.0,13.460000038146973,0.012407384812831879,12.823282241821289,0.8657171922685656,0.0,0.0,0.0,6.753968253968254,0.8710337768679631,2289.844482421875,-8439356416.0,252.0,0.0,0.0,0.0,1.0,1.0
20203770.0,0.020710039883852005,4.6266045570373535,0.0,13.800000190734863,0.012380396015942097,25.2724609375,0.8697415103902686,0.0,0.0,0.0,7.004081632653061,0.8750637429882713,2154.478271484375,-9352308224.0,245.0,0.0,0.0,0.0,1.0,1.0
14607428.0,0.021443838253617287,4.581435680389404,0.0,12.930000305175781,0.010615517385303974,16.187240600585938,0.8794326241134752,0.0,0.0,0.0,7.81981981981982,0.8866189989785496,2742.588134765625,-6891587328.0,222.0,0.0,0.0,0.0,1.0,1.0
18807272.0,0.02114829234778881,4.410303115844727,0.0,13.239999771118164,0.011239149607717991,20.240161895751953,0.8707865168539326,0.0,0.0,0.0,7.163865546218488,0.8775090066906845,2355.32373046875,-7868964352.0,238.0,0.0,0.0,0.0,1.0,1.0
19227310.0,0.021427186205983162,4.512538909912109,0.0,12.9399995803833,0.01451768446713686,22.067703247070312,0.8599083036169128,0.0,0.0,0.0,6.725099601593626,0.8705518308406395,2441.45556640625,-9668148736.0,251.0,0.0,0.0,0.0,1.0,1.0
23579628.0,0.021073292940855026,4.540872097015381,0.0,14.9399995803833,0.012576321139931679,16.37018585205078,0.863773965691221,0.0,0.0,0.0,6.713725490196079,0.8703609557702084,2148.051025390625,-10013080576.0,255.0,0.0,0.0,0.0,1.0,1.0
18809728.0,0.021426565945148468,4.479979991912842,0.0,12.699999809265137,0.012086363509297371,30.64765739440918,0.8867445403758253,0.0,0.0,0.0,8.475728155339805,0.8944672131147541,2191.371826171875,-8207218176.0,206.0,0.0,0.0,0.0,1.0,1.0
17681560.0,0.020995022729039192,4.322445869445801,0.0,11.880000114440918,0.01077213417738676,20.327512741088867,0.8979695431472081,0.0,0.0,0.0,9.213541666666666,0.9020907700152984,2439.346435546875,-7241740544.0,192.0,0.0,0.0,0.0,1.0,1.0
24939660.0,0.020817212760448456,4.6816630363464355,0.0,13.510000228881836,0.013165813870728016,15.106231689453125,0.8785569105691057,0.0,0.0,0.0,7.684444444444445,0.8848515864892528,2035.32666015625,-9237537024.0,225.0,0.0,0.0,0.0,1.0,1.0
28226288.0,0.02101786434650421,4.612880706787109,0.0,16.209999084472656,0.013984867371618748,28.063114166259766,0.8499242041435068,0.0,0.0,0.0,6.0503597122302155,0.8581632653061224,2579.936279296875,-11289733120.0,278.0,0.0,0.0,0.0,1.0,1.0
18148090.0,0.021580681204795837,4.712356090545654,0.0,12.970000267028809,0.013517659157514572,17.949363708496094,0.8903553299492386,0.0,0.0,0.0,8.473429951690822,0.8944416114227435,2356.869140625,-8117575168.0,207.0,0.0,0.0,0.0,1.0,1.0
16030999.0,0.021389402449131012,4.3122782707214355,0.0,11.699999809265137,0.011131089180707932,16.846942901611328,0.8860050890585242,0.0,0.0,0.0,8.13551401869159,0.8905370843989769,2332.243408203125,-6776244224.0,214.0,0.0,0.0,0.0,1.0,1.0
15386045.0,0.020829739049077034,4.627254486083984,0.0,12.109999656677246,0.011215770617127419,24.458410263061523,0.8716632443531828,0.0,0.0,0.0,7.1645569620253164,0.8775193798449612,2501.68408203125,-7167430656.0,237.0,0.0,0.0,0.0,1.0,1.0
18880372.0,0.021622810512781143,4.441772937774658,0.0,14.949999809265137,0.012671278789639473,14.408848762512207,0.8524340770791075,0.0,0.0,0.0,5.960992907801418,0.8563423331635253,2646.150390625,-9340737280.0,282.0,0.0,0.0,0.0,1.0,1.0
16024744.0,0.021699506789445877,4.695591926574707,0.0,15.220000267028809,0.016073135659098625,15.334370613098145,0.8390568939005638,0.0,0.0,0.0,5.297734627831715,0.8412127440904419,2023.358642578125,-6605966848.0,309.0,0.0,0.0,0.0,1.0,1.0
18612048.0,0.02153799496591091,4.592278957366943,0.0,13.640000343322754,0.011300180107355118,24.45433807373047,0.8681933842239186,0.0,0.0,0.0,6.906882591093117,0.8735279057859703,2308.100830078125,-6905864448.0,247.0,0.0,0.0,0.0,1.0,1.0
15948541.0,0.021343348547816277,4.431158065795898,0.0,13.680000305175781,0.013017203658819199,14.49453067779541,0.8497198166072338,0.0,0.0,0.0,5.873239436619718,0.8545081967213115,2344.18994140625,-7006935040.0,284.0,0.0,0.0,0.0,1.0,1.0
22124428.0,0.021525507792830467,4.657258987426758,0.0,13.739999771118164,0.013196069747209549,21.88123321533203,0.8604294478527608,0.0,0.0,0.0,6.6521739130434785,0.8693181818181818,2492.29345703125,-10938056448.0,253.0,0.0,0.0,0.0,1.0,1.0
20873154.0,0.021119656041264534,4.6503777503967285,0.0,14.210000038146973,0.011191116645932198,30.27840805053711,0.8820564516129032,0.0,0.0,0.0,7.608695652173913,0.8838383838383839,2294.4814453125,-8029089280.0,230.0,0.0,0.0,0.0,1.0,1.0
18763640.0,0.02126152068376541,4.71085262298584,0.0,13.149999618530273,0.009331168606877327,25.394275665283203,0.8685279187817259,0.0,0.0,0.0,7.012295081967213,0.8751918158567775,2107.709228515625,-8505994752.0,244.0,0.0,0.0,0.0,1.0,1.0
25816504.0,0.021259889006614685,4.471518039703369,0.0,13.890000343322754,0.011686475947499275,21.090744018554688,0.858087487283825,0.0,0.0,0.0,6.271375464684015,0.8624744376278118,2378.70556640625,-10699858944.0,269.0,0.0,0.0,0.0,1.0,1.0
16519021.0,0.021422771736979485,4.735813140869141,0.0,13.649999618530273,0.011016751639544964,13.042288780212402,0.8810010214504597,0.0,0.0,0.0,7.700892857142857,0.8850692662904054,2037.0677490234375,-6528549888.0,224.0,0.0,0.0,0.0,1.0,1.0
28723088.0,0.02131333202123642,4.526607036590576,0.0,13.670000076293945,0.00934923067688942,39.41422653198242,0.868727825646224,0.0,0.0,0.0,7.201680672268908,0.8780737704918032,2001.5029296875,-9358112256.0,238.0,0.0,0.0,0.0,1.0,1.0
20322798.0,0.02079249918460846,4.510534286499023,0.0,14.770000457763672,0.014714587479829788,22.271556854248047,0.8743059061080263,0.0,0.0,0.0,7.4978354978354975,0.8823229750382068,2073.490234375,-7541509632.0,231.0,0.0,0.0,0.0,1.0,1.0
21303414.0,0.021287094801664352,4.6372389793396,0.0,13.1899995803833,0.011607257649302483,14.157902717590332,0.8480040941658137,0.0,0.0,0.0,6.047445255474453,0.8581046090108752,2570.84619140625,-8553187072.0,274.0,0.0,0.0,0.0,1.0,1.0
16675672.0,0.02135840617120266,4.585070610046387,0.0,12.4399995803833,0.011932268738746643,17.296646118164062,0.8844783715012723,0.0,0.0,0.0,8.396135265700483,0.893573264781491,1856.2088623046875,-7039343360.0,207.0,0.0,0.0,0.0,1.0,1.0
20045766.0,0.021721921861171722,4.501713752746582,0.0,12.050000190734863,0.012713434174656868,19.923702239990234,0.8660531697341514,0.0,0.0,0.0,7.029045643153527,0.875452196382429,2253.64404296875,-9324053248.0,241.0,0.0,0.0,0.0,1.0,1.0
22390986.0,0.020931221544742584,4.400213718414307,0.0,15.970000267028809,0.014061661437153816,33.522953033447266,0.8770780856423174,0.0,0.0,0.0,7.772321428571429,0.8860050890585242,2618.892822265625,-8486554368.0,224.0,0.0,0.0,0.0,1.0,1.0
24633426.0,0.021269727498292923,4.638138294219971,0.0,15.8100004196167,0.012169159017503262,12.290145874023438,0.8624365482233503,0.0,0.0,0.0,6.610894941634241,0.8686094069529653,2439.42626953125,-11157222656.0,257.0,0.0,0.0,0.0,1.0,1.0
27160018.0,0.020784437656402588,4.596658229827881,0.0,14.739999771118164,0.01265646331012249,12.83894157409668,0.8701166920345003,0.0,0.0,0.0,6.94331983805668,0.8741080530071356,2329.45068359375,-11291456512.0,247.0,0.0,0.0,0.0,1.0,1.0
31051374.0,0.021844113245606422,4.542026042938232,0.0,14.029999732971191,0.015212631784379482,21.58635711669922,0.8720283257460799,0.0,0.0,0.0,7.008130081300813,0.8751269035532995,2271.656982421875,-11549012992.0,246.0,0.0,0.0,0.0,1.0,1.0
25273192.0,0.02129295840859413,4.516782283782959,0.0,15.279999732971191,0.013647455722093582,22.806201934814453,0.8395124428643982,0.0,0.0,0.0,5.719723183391004,0.8511843460350155,2172.699951171875,-8140218624.0,289.0,0.0,0.0,0.0,1.0,1.0
20472782.0,0.02114381641149521,4.549705505371094,0.0,14.829999923706055,0.012677384540438652,14.860475540161133,0.8447395301327886,0.0,0.0,0.0,5.7630662020905925,0.8521380731581659,2363.9326171875,-9620542720.0,287.0,0.0,0.0,0.0,1.0,1.0
21288914.0,0.02062266319990158,4.47532844543457,0.0,12.600000381469727,0.010829431936144829,13.759647369384766,0.8830971659919028,0.0,0.0,0.0,8.078703703703704,0.8898521162672106,2280.262939453125,-7742107648.0,216.0,0.0,0.0,0.0,1.0,1.0
27506590.0,0.021105214953422546,4.507209300994873,0.0,15.039999961853027,0.012664134614169598,17.141265869140625,0.8240409207161126,0.0,0.0,0.0,4.911585365853658,0.8308406395048994,2207.986083984375,-11073669632.0,328.0,0.0,0.0,0.0,1.0,1.0
13531717.0,0.021189570426940918,4.713265895843506,0.0,13.25,0.012200365774333477,29.198699951171875,0.8583037074657186,0.0,0.0,0.0,6.401515151515151,0.8648925281473899,2264.633056640625,-6856224512.0,264.0,0.0,0.0,0.0,1.0,1.0
17819236.0,0.021208038553595543,4.355167865753174,0.0,13.350000381469727,0.010337808169424534,20.407957077026367,0.8575076608784474,0.0,0.0,0.0,6.359848484848484,0.8641276376737005,2693.359375,-7855336448.0,264.0,0.0,0.0,0.0,1.0,1.0
24266344.0,0.02141634002327919,4.544005870819092,0.0,14.119999885559082,0.011917351745069027,23.573524475097656,0.8672072985301571,0.0,0.0,0.0,7.012295081967213,0.8751918158567775,2507.251953125,-7949254144.0,244.0,0.0,0.0,0.0,1.0,1.0
17605170.0,0.021012354642152786,4.363839149475098,0.0,12.619999885559082,0.011346396990120411,28.925628662109375,0.8991935483870968,0.0,0.0,0.0,9.856353591160222,0.9078880407124682,2186.5439453125,-6198657536.0,181.0,0.0,0.0,0.0,1.0,1.0
21376302.0,0.021239060908555984,4.461523532867432,0.0,13.5,0.013813719153404236,27.167865753173828,0.8501777552056882,0.0,0.0,0.0,5.9361702127659575,0.8558282208588958,2132.4130859375,-8385318400.0,282.0,0.0,0.0,0.0,1.0,1.0
21819804.0,0.02114369161427021,4.60664176940918,0.0,13.270000457763672,0.010767620988190174,13.525247573852539,0.8689690198070086,0.0,0.0,0.0,6.899193548387097,0.8734047983665135,2209.23583984375,-8551110144.0,248.0,0.0,0.0,0.0,1.0,1.0
24356252.0,0.02162558026611805,4.550696849822998,0.0,14.90999984741211,0.011553820222616196,23.94556427001953,0.8391857506361323,0.0,0.0,0.0,5.570945945945946,0.847814910025707,2067.889892578125,-8533264640.0,296.0,0.0,0.0,0.0,1.0,1.0
23156262.0,0.02083028294146061,4.635497570037842,0.0,14.819999694824219,0.01194157637655735,24.713382720947266,0.8700050581689428,0.0,0.0,0.0,7.35042735042735,0.8802456499488229,2193.977294921875,-7507108352.0,234.0,0.0,0.0,0.0,1.0,1.0
18731894.0,0.021101951599121094,4.679530143737793,0.0,11.729999542236328,0.011564454063773155,25.64673614501953,0.8987341772151899,0.0,0.0,0.0,9.39153439153439,0.9037678207739308,2486.677978515625,-7009526784.0,189.0,0.0,0.0,0.0,1.0,1.0
20618252.0,0.02092924155294895,4.623983860015869,0.0,12.739999771118164,0.010076809674501419,18.57282066345215,0.8836621143146182,0.0,0.0,0.0,8.050691244239632,0.889511201629328,2526.831298828125,-8267122688.0,217.0,0.0,0.0,0.0,1.0,1.0
17556696.0,0.02139604277908802,4.536774158477783,0.0,13.0,0.013061187230050564,15.897175788879395,0.8964992389649924,0.0,0.0,0.0,8.879396984924623,0.8987792472024415,2497.447021484375,-7602214912.0,199.0,0.0,0.0,0.0,1.0,1.0
16917736.0,0.021512191742658615,4.624852180480957,0.0,13.09000015258789,0.010974209755659103,19.739837646484375,0.8593908629441624,0.0,0.0,0.0,6.5115384615384615,0.8668714797747056,2382.258544921875,-7428001024.0,260.0,0.0,0.0,0.0,1.0,1.0
20450138.0,0.021312996745109558,4.613666534423828,0.0,14.5600004196167,0.010375763289630413,19.434839248657227,0.878344270570419,0.0,0.0,0.0,7.5,0.8823529411764706,1964.54736328125,-9191766016.0,232.0,0.0,0.0,0.0,1.0,1.0
31529608.0,0.02091779001057148,4.606809616088867,0.0,16.709999084472656,0.013495631515979767,13.14074420928955,0.818413021363174,0.0,0.0,0.0,4.760355029585799,0.8263995891114535,2421.800537109375,-10781937664.0,338.0,0.0,0.0,0.0,1.0,1.0
15117503.0,0.02140742354094982,4.228943347930908,0.0,12.65999984741211,0.01228110771626234,19.375282287597656,0.8782608695652174,0.0,0.0,0.0,7.497816593886463,0.8823227132579651,2182.89453125,-6853121024.0,229.0,0.0,0.0,0.0,1.0,1.0
19670180.0,0.021064525470137596,4.620677947998047,0.0,14.270000457763672,0.0100397365167737,17.1695613861084,0.8489318413021363,0.0,0.0,0.0,6.003597122302159,0.8572162300975861,2321.37744140625,-8447810304.0,278.0,0.0,0.0,0.0,1.0,1.0
18612582.0,0.021282130852341652,4.4896697998046875,0.0,15.289999961853027,0.013347210362553596,16.732282638549805,0.8446700507614213,0.0,0.0,0.0,5.718213058419244,0.851150895140665,2447.743408203125,-7870959872.0,291.0,0.0,0.0,0.0,1.0,1.0
21668766.0,0.0214124396443367,4.431197166442871,0.0,11.819999694824219,0.011015194468200207,22.13523292541504,0.8897357723577236,0.0,0.0,0.0,8.583333333333334,0.8956521739130435,2007.8018798828125,-8997112320.0,204.0,0.0,0.0,0.0,1.0,1.0
24672856.0,0.021019604057073593,4.4593825340271,0.0,14.520000457763672,0.010609079152345657,17.67867660522461,0.8875379939209727,0.0,0.0,0.0,8.382775119617225,0.8934217236104028,2361.5693359375,-8697789952.0,209.0,0.0,0.0,0.0,1.0,1.0
18522310.0,0.02173583023250103,4.545526027679443,0.0,11.380000114440918,0.014812085777521133,14.300650596618652,0.8703703703703703,0.0,0.0,0.0,6.850202429149798,0.8726147498710676,2118.215576171875,-8665639424.0,247.0,0.0,0.0,0.0,1.0,1.0
18304324.0,0.021273240447044373,4.43977165222168,0.0,13.640000343322754,0.013259165920317173,24.94740867614746,0.8866970156803238,0.0,0.0,0.0,8.268867924528301,0.8921119592875318,2177.62548828125,-6717690368.0,212.0,0.0,0.0,0.0,1.0,1.0
26091944.0,0.022089514881372452,4.471891403198242,0.0,14.619999885559082,0.012394378893077374,22.69519805908203,0.8450990350431691,0.0,0.0,0.0,5.879858657243816,0.8546481766820749,2333.140869140625,-11898686976.0,283.0,0.0,0.0,0.0,1.0,1.0
22670604.0,0.021030040457844734,4.559735298156738,0.0,15.09000015258789,0.013186022639274597,12.301591873168945,0.8626760563380281,0.0,0.0,0.0,6.915322580645161,0.8736627610799796,2194.814697265625,-7563220480.0,248.0,0.0,0.0,0.0,1.0,1.0
31968116.0,0.021913431584835052,4.502066612243652,0.0,15.460000038146973,0.014063066802918911,25.894357681274414,0.8185998978027593,0.0,0.0,0.0,4.83987915407855,0.8287635799275738,2252.3564453125,-11927740928.0,331.0,0.0,0.0,0.0,1.0,1.0
23780852.0,0.021763620898127556,4.397530555725098,0.0,13.680000305175781,0.01192897092550993,18.359771728515625,0.8538189175518462,0.0,0.0,0.0,6.275092936802974,0.8625447112927951,2167.66357421875,-9713484544.0,269.0,0.0,0.0,0.0,1.0,1.0
18258400.0,0.021575236693024635,4.488916397094727,0.0,11.949999809265137,0.010993613861501217,17.19373893737793,0.8838512480896586,0.0,0.0,0.0,7.958715596330276,0.8883768561187916,2574.3291015625,-9368062464.0,218.0,0.0,0.0,0.0,1.0,1.0
38333784.0,0.02186366356909275,4.604366779327393,0.0,13.279999732971191,0.01033062394708395,19.6422176361084,0.8723296032553408,0.0,0.0,0.0,7.297872340425532,0.8794871794871795,2577.4091796875,-12503779328.0,235.0,0.0,0.0,0.0,1.0,1.0
18105842.0,0.021925633773207664,4.551467418670654,0.0,12.420000076293945,0.013379537500441074,25.226032257080078,0.857727737973388,0.0,0.0,0.0,6.3007518796992485,0.86302780638517,2023.989990234375,-8077202432.0,266.0,0.0,0.0,0.0,1.0,1.0
16938702.0,0.021467575803399086,4.532770156860352,0.0,11.699999809265137,0.011688770726323128,19.218229293823242,0.8925114620478859,0.0,0.0,0.0,8.938775510204081,0.8993839835728953,2387.3466796875,-8255867648.0,196.0,0.0,0.0,0.0,1.0,1.0
19240866.0,0.02199416793882847,4.530135631561279,0.0,15.569999694824219,0.012722249142825603,17.699195861816406,0.8379345603271984,0.0,0.0,0.0,5.445182724252492,0.8448453608247423,2265.8603515625,-7914597120.0,301.0,0.0,0.0,0.0,1.0,1.0
20971084.0,0.021795665845274925,4.55322265625,0.0,13.529999732971191,0.01367383822798729,13.407360076904297,0.8718861209964412,0.0,0.0,0.0,7.266949152542373,0.8790363915940543,2401.31640625,-7730472448.0,236.0,0.0,0.0,0.0,1.0,1.0
26323328.0,0.021185442805290222,4.527185916900635,0.0,13.65999984741211,0.014938841573894024,14.648685455322266,0.8639352554375316,0.0,0.0,0.0,6.64591439688716,0.8692111959287532,2286.908203125,-9872754432.0,257.0,0.0,0.0,0.0,1.0,1.0
23922782.0,0.021419644355773926,4.411246299743652,0.0,14.5,0.01229126751422882,25.617313385009766,0.8565636087176888,0.0,0.0,0.0,6.282527881040892,0.8626850433894845,2210.53076171875,-11641828864.0,269.0,0.0,0.0,0.0,1.0,1.0
13164038.0,0.021110907196998596,4.836356163024902,0.0,11.649999618530273,0.013017255812883377,24.946077346801758,0.8854378818737271,0.0,0.0,0.0,8.280952380952382,0.892252437147255,2405.1923828125,-6406142976.0,210.0,0.0,0.0,0.0,1.0,1.0
15391290.0,0.020983321592211723,4.5461201667785645,0.0,12.9399995803833,0.013528632931411266,25.935636520385742,0.8653455284552846,0.0,0.0,0.0,6.894736842105263,0.8733333333333333,2629.177734375,-7318156544.0,247.0,0.0,0.0,0.0,1.0,1.0
15167949.0,0.022032547742128372,4.618748664855957,0.0,13.640000343322754,0.011263604275882244,18.46369171142578,0.870162932790224,0.0,0.0,0.0,7.120833333333334,0.8768599281682914,1987.314453125,-6456443648.0,240.0,0.0,0.0,0.0,1.0,1.0
22898586.0,0.021704185754060745,4.4986796379089355,0.0,12.489999771118164,0.010331560857594013,18.039533615112305,0.8844783715012723,0.0,0.0,0.0,8.046296296296296,0.8894575230296827,2332.3642578125,-7871437568.0,216.0,0.0,0.0,0.0,1.0,1.0
16985130.0,0.021416043862700462,4.69389533996582,0.0,11.199999809265137,0.010959001258015633,30.930477142333984,0.8670431211498973,0.0,0.0,0.0,7.1265822784810124,0.8769470404984424,2160.10595703125,-9157075200.0,237.0,0.0,0.0,0.0,1.0,1.0
16932536.0,0.021204818040132523,4.630595684051514,0.0,13.199999809265137,0.011686943471431732,21.605806350708008,0.8524004085801838,0.0,0.0,0.0,6.069090909090909,0.8585390946502057,2448.4501953125,-11191397888.0,275.0,0.0,0.0,0.0,1.0,1.0
18645262.0,0.02129310928285122,4.713018417358398,0.0,13.079999923706055,0.009908772073686123,12.353560447692871,0.8393039918116684,0.0,0.0,0.0,5.430463576158941,0.8444902162718847,2336.0595703125,-8679170048.0,302.0,0.0,0.0,0.0,1.0,1.0
18003568.0,0.021043725311756134,4.423672676086426,0.0,12.34000015258789,0.011226367205381393,21.981359481811523,0.8744897959183674,0.0,0.0,0.0,7.387931034482759,0.880781089414183,2170.2177734375,-8407032064.0,232.0,0.0,0.0,0.0,1.0,1.0
16223809.0,0.021219152957201004,4.383510112762451,0.0,13.40999984741211,0.01303273718804121,21.696855545043945,0.8518708354689902,0.0,0.0,0.0,5.852112676056338,0.8540596094552929,2104.22998046875,-7394014976.0,284.0,0.0,0.0,0.0,1.0,1.0
17117762.0,0.021371355280280113,4.611227512359619,0.0,12.069999694824219,0.010877307504415512,25.311769485473633,0.8709016393442623,0.0,0.0,0.0,6.882591093117409,0.8731381612737545,2444.76953125,-10214243072.0,247.0,0.0,0.0,0.0,1.0,1.0
21377902.0,0.02131415531039238,4.3140997886657715,0.0,14.199999809265137,0.011952158994972706,17.88435173034668,0.8792491121258245,0.0,0.0,0.0,8.023148148148149,0.8891739353514623,2099.831787109375,-8320920832.0,216.0,0.0,0.0,0.0,1.0,1.0
18004036.0,0.02232457883656025,4.39044189453125,0.0,12.960000038146973,0.012333418242633343,18.889612197875977,0.8955375253549696,0.0,0.0,0.0,9.056410256410256,0.9005609382967874,2295.6796875,-7130896896.0,195.0,0.0,0.0,0.0,1.0,1.0
23889492.0,0.021058542653918266,4.519349575042725,0.0,14.260000228881836,0.011863281019032001,20.986026763916016,0.867274569402229,0.0,0.0,0.0,7.074380165289257,0.8761514841351075,2228.119873046875,-9071123456.0,242.0,0.0,0.0,0.0,1.0,1.0
19332860.0,0.021733170375227928,4.761186122894287,0.0,15.039999961853027,0.015877434983849525,28.44921112060547,0.8273565573770492,0.0,0.0,0.0,5.015527950310559,0.8337635518843572,2222.19287109375,-7213542912.0,322.0,0.0,0.0,0.0,1.0,1.0
27594978.0,0.02095966786146164,4.618734836578369,0.0,12.369999885559082,0.013316714204847813,19.46406364440918,0.8850632911392405,0.0,0.0,0.0,8.092592592592593,0.890020366598778,2344.337646484375,-10257310464.0,216.0,0.0,0.0,0.0,1.0,1.0
22954962.0,0.021321497857570648,4.318392276763916,0.0,13.760000228881836,0.012445051223039627,16.42041778564453,0.8640284119736175,0.0,0.0,0.0,6.55,0.8675496688741722,2170.641357421875,-9010731008.0,260.0,0.0,0.0,0.0,1.0,1.0
25880238.0,0.020717311650514603,4.60676383972168,0.0,14.420000076293945,0.012874369509518147,14.370166778564453,0.8591047812817905,0.0,0.0,0.0,6.2555555555555555,0.8621745788667687,2008.8873291015625,-9218220032.0,270.0,0.0,0.0,0.0,1.0,1.0
18726344.0,0.022157352417707443,4.50662088394165,0.0,12.710000038146973,0.012683609500527382,15.914637565612793,0.883130081300813,0.0,0.0,0.0,7.864253393665158,0.8871873404798366,2173.2958984375,-6999300096.0,221.0,0.0,0.0,0.0,1.0,1.0
20724286.0,0.021153368055820465,4.374180793762207,0.0,15.119999885559082,0.011611864902079105,17.82496452331543,0.8350357507660878,0.0,0.0,0.0,5.223642172523961,0.8393223819301848,1896.6312255859375,-8546932224.0,313.0,0.0,0.0,0.0,1.0,1.0
27171048.0,0.021398847922682762,4.6077046394348145,0.0,12.84000015258789,0.01190204918384552,15.02826976776123,0.8645886561062851,0.0,0.0,0.0,6.687747035573122,0.8699228791773779,2093.86328125,-10799127808.0,253.0,0.0,0.0,0.0,1.0,1.0
17428486.0,0.02151724137365818,4.499967098236084,0.0,14.220000267028809,0.012935778126120567,16.822181701660156,0.8488549618320611,0.0,0.0,0.0,5.731958762886598,0.8514548238897397,2302.537841796875,-7497170688.0,291.0,0.0,0.0,0.0,1.0,1.0
23477900.0,0.02148238942027092,4.446399688720703,0.0,15.199999809265137,0.012789085507392883,14.25093936920166,0.8448711470439616,0.0,0.0,0.0,5.7854671280276815,0.8526262111167772,2190.25830078125,-9632843520.0,289.0,0.0,0.0,0.0,1.0,1.0
15003671.0,0.021259190514683723,4.729050159454346,0.0,13.130000114440918,0.011383205652236938,21.29665184020996,0.8741721854304636,0.0,0.0,0.0,7.179916317991632,0.8777493606138107,2218.672607421875,-8241640960.0,239.0,0.0,0.0,0.0,1.0,1.0
16828804.0,0.02159593068063259,4.636075496673584,0.0,12.779999732971191,0.011338327080011368,16.36812973022461,0.883897021706209,0.0,0.0,0.0,7.995433789954338,0.8888324873096447,2125.90087890625,-6764573440.0,219.0,0.0,0.0,0.0,1.0,1.0
18767430.0,0.021106986328959465,4.463552951812744,0.0,12.800000190734863,0.013331553898751736,22.6326847076416,0.8342710997442455,0.0,0.0,0.0,5.312703583061889,0.8415892672858617,2527.9365234375,-11816046080.0,307.0,0.0,0.0,0.0,1.0,1.0
15521222.0,0.021281806752085686,4.2549543380737305,0.0,10.989999771118164,0.011380652897059917,19.85967254638672,0.8781234064252932,0.0,0.0,0.0,7.935483870967742,0.8880866425992779,2493.26416015625,-6142841088.0,217.0,0.0,0.0,0.0,1.0,1.0
17740868.0,0.021320722997188568,4.438480377197266,0.0,12.140000343322754,0.010773596353828907,17.771343231201172,0.8729028978139298,0.0,0.0,0.0,7.400862068965517,0.8809645972293484,2167.34228515625,-7042511360.0,232.0,0.0,0.0,0.0,1.0,1.0
27092258.0,0.02188112773001194,4.76492166519165,0.0,13.390000343322754,0.012680355459451675,23.386220932006836,0.8758236188545362,0.0,0.0,0.0,7.51304347826087,0.8825331971399387,2342.383056640625,-9010056448.0,230.0,0.0,0.0,0.0,1.0,1.0
21869306.0,0.02158411033451557,4.572193145751953,0.0,14.649999618530273,0.01082690991461277,20.510934829711914,0.8786039453717754,0.0,0.0,0.0,8.154929577464788,0.8907692307692308,2202.79833984375,-9036664320.0,213.0,0.0,0.0,0.0,1.0,1.0
21789364.0,0.021071001887321472,4.595855712890625,0.0,13.770000457763672,0.011288166046142578,25.69428825378418,0.8656488549618321,0.0,0.0,0.0,6.886639676113361,0.8732032854209446,2588.682861328125,-8632140288.0,247.0,0.0,0.0,0.0,1.0,1.0
18852940.0,0.021737508475780487,4.715092658996582,0.0,13.359999656677246,0.014250063337385654,20.06666374206543,0.8755713560182834,0.0,0.0,0.0,7.662222222222222,0.8845561826577732,2118.3701171875,-7849609472.0,225.0,0.0,0.0,0.0,1.0,1.0
28329784.0,0.02144559845328331,4.506444931030273,0.0,17.260000228881836,0.012873836793005466,18.25583267211914,0.8372915613946438,0.0,0.0,0.0,5.4506578947368425,0.8449770525242223,2226.958984375,-11365978624.0,304.0,0.0,0.0,0.0,1.0,1.0
20986252.0,0.021693138405680656,4.614755153656006,0.0,14.399999618530273,0.012389750219881535,16.74506187438965,0.8485002541942044,0.0,0.0,0.0,5.897526501766785,0.8550204918032787,2146.17919921875,-7719899904.0,283.0,0.0,0.0,0.0,1.0,1.0
24377954.0,0.021126698702573776,4.297584056854248,0.0,13.029999732971191,0.014130244962871075,16.25763702392578,0.8535841382816471,0.0,0.0,0.0,5.97508896797153,0.8566326530612245,2151.32861328125,-9053171456.0,281.0,0.0,0.0,0.0,1.0,1.0
19529268.0,0.021337781101465225,4.700742244720459,0.0,15.199999809265137,0.012068399228155613,12.554031372070312,0.8548223350253807,0.0,0.0,0.0,6.101449275362318,0.8591836734693877,2082.177734375,-8102715648.0,276.0,0.0,0.0,0.0,1.0,1.0
18556222.0,0.021528014913201332,4.6617112159729,0.0,11.510000228881836,0.013010766357183456,21.286481857299805,0.8769700050838841,0.0,0.0,0.0,7.371794871794871,0.8805513016845329,2511.81689453125,-8137578240.0,234.0,0.0,0.0,0.0,1.0,1.0
22944998.0,0.02145761251449585,4.556616306304932,0.0,14.800000190734863,0.012765376828610897,19.12718963623047,0.8451776649746193,0.0,0.0,0.0,5.7612456747404845,0.8520982599795291,2076.0205078125,-9709439232.0,289.0,0.0,0.0,0.0,1.0,1.0
21320200.0,0.02135307341814041,4.613618850708008,0.0,13.890000343322754,0.010505709797143936,20.978897094726562,0.8662613981762918,0.0,0.0,0.0,6.923076923076923,0.8737864077669902,2801.121826171875,-9329061888.0,247.0,0.0,0.0,0.0,1.0,1.0
29539834.0,0.021369652822613716,4.709530830383301,0.0,15.130000114440918,0.013663958758115768,23.078216552734375,0.8279352226720648,0.0,0.0,0.0,5.193650793650794,0.8385443362378268,2434.185546875,-11608491264.0,315.0,0.0,0.0,0.0,1.0,1.0
19780774.0,0.02140997163951397,4.534596920013428,0.0,13.34000015258789,0.010640555061399937,17.098342895507812,0.8672431332655137,0.0,0.0,0.0,7.016460905349795,0.8752566735112937,2312.62158203125,-7004170752.0,243.0,0.0,0.0,0.0,1.0,1.0
21608460.0,0.020975913852453232,4.584361553192139,0.0,12.960000038146973,0.014486332423985004,21.45793342590332,0.8820253164556962,0.0,0.0,0.0,7.776785714285714,0.8860630722278738,2156.716064453125,-9832957952.0,224.0,0.0,0.0,0.0,1.0,1.0
20890530.0,0.021713657304644585,4.509047985076904,0.0,13.430000305175781,0.013054590672254562,16.961524963378906,0.8356374807987711,0.0,0.0,0.0,5.350819672131148,0.8425400103252452,2199.8291015625,-9033971968.0,305.0,0.0,0.0,0.0,1.0,1.0
30899804.0,0.021631479263305664,4.738712787628174,0.0,14.199999809265137,0.011753815226256847,16.739408493041992,0.865071283095723,0.0,0.0,0.0,7.138655462184874,0.8771295818275684,2370.21533203125,-14151323136.0,238.0,0.0,0.0,0.0,1.0,1.0
22884286.0,0.021563416346907616,4.626051425933838,0.0,14.149999618530273,0.013601227663457394,15.30672836303711,0.8775923115832068,0.0,0.0,0.0,7.711111111111111,0.8852040816326531,2146.906494140625,-8544102656.0,225.0,0.0,0.0,0.0,1.0,1.0
27638750.0,0.02188267931342125,4.718194007873535,0.0,12.670000076293945,0.014763702638447285,17.780628204345703,0.8583844580777096,0.0,0.0,0.0,6.359848484848484,0.8641276376737005,1975.9796142578125,-10406375424.0,264.0,0.0,0.0,0.0,1.0,1.0
19545090.0,0.0212396327406168,4.455410957336426,0.0,13.229999542236328,0.01455351710319519,14.069023132324219,0.8850632911392405,0.0,0.0,0.0,8.16822429906542,0.890927624872579,2193.56396484375,-7693263104.0,214.0,0.0,0.0,0.0,1.0,1.0
21036766.0,0.02109755016863346,4.817289352416992,0.0,13.8100004196167,0.01409212127327919,26.163131713867188,0.858678955453149,0.0,0.0,0.0,6.45,0.8657718120805369,1903.249267578125,-8379168000.0,260.0,0.0,0.0,0.0,1.0,1.0
21539176.0,0.02098476141691208,4.6965179443359375,0.0,12.649999618530273,0.011514735408127308,21.199031829833984,0.8804457953394124,0.0,0.0,0.0,7.828828828828829,0.886734693877551,2109.131591796875,-9150683136.0,222.0,0.0,0.0,0.0,1.0,1.0
21987820.0,0.021323496475815773,4.546708583831787,0.0,13.640000343322754,0.014911781996488571,25.034780502319336,0.8676844783715013,0.0,0.0,0.0,6.930894308943089,0.8739108149666838,2266.22900390625,-8734902272.0,246.0,0.0,0.0,0.0,1.0,1.0
18894864.0,0.021446295082569122,4.607423305511475,0.0,13.460000038146973,0.010814301669597626,25.19142723083496,0.8763358778625954,0.0,0.0,0.0,7.756756756756757,0.8858024691358025,2435.209716796875,-7537342464.0,222.0,0.0,0.0,0.0,1.0,1.0
18632944.0,0.021386470645666122,4.307858467102051,0.0,13.100000381469727,0.010730666108429432,19.49871253967285,0.8801020408163265,0.0,0.0,0.0,7.8054298642533935,0.8864337101747174,2259.4140625,-7749546752.0,221.0,0.0,0.0,0.0,1.0,1.0
19312252.0,0.02136576920747757,4.569401741027832,0.0,12.390000343322754,0.01338153425604105,15.349141120910645,0.8936170212765957,0.0,0.0,0.0,8.909090909090908,0.8990825688073395,2552.51123046875,-9819248128.0,198.0,0.0,0.0,0.0,1.0,1.0
28381848.0,0.02124815434217453,4.623962879180908,0.0,14.710000038146973,0.013758763670921326,14.568220138549805,0.8336745138178097,0.0,0.0,0.0,5.187898089171974,0.8383942357179619,1992.109375,-11646164992.0,314.0,0.0,0.0,0.0,1.0,1.0
14201805.0,0.021458901464939117,4.522564888000488,0.0,12.229999542236328,0.013730238191783428,18.823163986206055,0.8833671399594321,0.0,0.0,0.0,8.064814814814815,0.8896833503575077,2122.4326171875,-7099552000.0,216.0,0.0,0.0,0.0,1.0,1.0
19931652.0,0.02158151939511299,4.573427200317383,0.0,14.479999542236328,0.012041784822940826,11.387446403503418,0.8465447154471545,0.0,0.0,0.0,5.866197183098592,0.8543589743589743,2091.995361328125,-8246300160.0,284.0,0.0,0.0,0.0,1.0,1.0
23076816.0,0.021707456558942795,4.25291633605957,0.0,13.510000228881836,0.012958664447069168,13.94290542602539,0.8593988792664289,0.0,0.0,0.0,6.46360153256705,0.8660164271047228,2358.66552734375,-12296931584.0,261.0,0.0,0.0,0.0,1.0,1.0
21404924.0,0.021248264238238335,4.7122111320495605,0.0,13.010000228881836,0.011999518610537052,21.60761833190918,0.8346980552712385,0.0,0.0,0.0,5.295454545454546,0.8411552346570397,2015.6160888671875,-11618054144.0,308.0,0.0,0.0,0.0,1.0,1.0
14852650.0,0.021111754700541496,4.652569770812988,0.0,11.039999961853027,0.010326732881367207,21.32036590576172,0.8810617662072486,0.0,0.0,0.0,7.8812785388127855,0.8874035989717224,2444.93359375,-8872790784.0,219.0,0.0,0.0,0.0,1.0,1.0
18988828.0,0.02217824198305607,4.6562089920043945,0.0,14.140000343322754,0.01176327932626009,15.036653518676758,0.8566326530612245,0.0,0.0,0.0,6.288389513108614,0.8627954779033916,2413.080322265625,-7590599424.0,267.0,0.0,0.0,0.0,1.0,1.0
18330456.0,0.0216370802372694,4.5041823387146,0.0,11.920000076293945,0.01274782046675682,15.562761306762695,0.8657786885245902,0.0,0.0,0.0,6.7063492063492065,0.870236869207003,1825.843017578125,-12000473088.0,252.0,0.0,0.0,0.0,1.0,1.0
25615110.0,0.02158474363386631,4.599633693695068,0.0,14.279999732971191,0.011247066780924797,24.10085105895996,0.8637284701114488,0.0,0.0,0.0,6.634241245136187,0.8690112130479103,2349.230712890625,-9585417728.0,257.0,0.0,0.0,0.0,1.0,1.0
17667752.0,0.021500933915376663,4.536624908447266,0.0,12.289999961853027,0.013449471443891525,18.576196670532227,0.8425641025641025,0.0,0.0,0.0,5.58843537414966,0.8482188951987609,2389.4072265625,-7623965184.0,294.0,0.0,0.0,0.0,1.0,1.0
18286732.0,0.021358922123908997,4.677085876464844,0.0,13.3100004196167,0.012789069674909115,14.311798095703125,0.88,0.0,0.0,0.0,7.62280701754386,0.884028484231943,2317.936767578125,-8838989312.0,228.0,0.0,0.0,0.0,1.0,1.0
12768549.0,0.021090654656291008,4.718093395233154,0.0,11.079999923706055,0.013072884641587734,28.567338943481445,0.901322482197355,0.0,0.0,0.0,9.578378378378378,0.9054675523760859,2163.524169921875,-5979894528.0,185.0,0.0,0.0,0.0,1.0,1.0
22321286.0,0.02181084081530571,4.649472713470459,0.0,12.270000457763672,0.0156317800283432,14.59434700012207,0.8974619289340101,0.0,0.0,0.0,9.020408163265307,0.90020366598778,2435.14599609375,-8068354048.0,196.0,0.0,0.0,0.0,1.0,1.0
15280041.0,0.021253256127238274,4.790497779846191,0.0,10.75,0.01227649673819542,16.784286499023438,0.8475012879958784,0.0,0.0,0.0,5.792253521126761,0.8527734577501296,2479.7314453125,-8510731008.0,284.0,0.0,0.0,0.0,1.0,1.0
20917068.0,0.021292276680469513,4.660628318786621,0.0,14.010000228881836,0.012911636382341385,26.115764617919922,0.8643037974683544,0.0,0.0,0.0,6.939024390243903,0.8740399385560675,2208.138916015625,-8728130560.0,246.0,0.0,0.0,0.0,1.0,1.0
17909678.0,0.020879164338111877,4.41397762298584,0.0,13.829999923706055,0.012728007510304451,22.609230041503906,0.8772196854388635,0.0,0.0,0.0,7.388888888888889,0.8807947019867549,2344.200927734375,-6510692096.0,234.0,0.0,0.0,0.0,1.0,1.0
20027688.0,0.02168644219636917,4.810161113739014,0.0,11.4399995803833,0.014619501307606697,14.658977508544922,0.858745537990821,0.0,0.0,0.0,6.378787878787879,0.864476386036961,2206.379638671875,-8237357312.0,264.0,0.0,0.0,0.0,1.0,1.0
18492308.0,0.021418102085590363,4.585721969604492,0.0,15.40999984741211,0.011648816987872124,24.21901512145996,0.8727825646224024,0.0,0.0,0.0,7.08641975308642,0.8763358778625954,2201.080810546875,-7978010112.0,243.0,0.0,0.0,0.0,1.0,1.0
16927040.0,0.02149682119488716,4.530050277709961,0.0,12.010000228881836,0.013114525005221367,16.446760177612305,0.8692777212614445,0.0,0.0,0.0,6.919028340080971,0.873721881390593,2482.458740234375,-8347861248.0,247.0,0.0,0.0,0.0,1.0,1.0
23552968.0,0.020975962281227112,4.570224761962891,0.0,12.649999618530273,0.014451952651143074,22.64177703857422,0.8739240506329113,0.0,0.0,0.0,7.671111111111111,0.884674525884162,2310.182861328125,-9708203776.0,225.0,0.0,0.0,0.0,1.0,1.0
20409418.0,0.021315351128578186,4.559159278869629,0.0,12.680000305175781,0.013913040049374104,22.676673889160156,0.8635897435897436,0.0,0.0,0.0,6.6299212598425195,0.868937048503612,2221.104736328125,-7694581760.0,254.0,0.0,0.0,0.0,1.0,1.0
29392090.0,0.02133910357952118,4.643303394317627,0.0,15.390000343322754,0.011371633969247341,18.994707107543945,0.8416496945010183,0.0,0.0,0.0,5.565656565656566,0.8476923076923077,2136.883544921875,-10990428672.0,297.0,0.0,0.0,0.0,1.0,1.0
27462088.0,0.021813837811350822,4.594944000244141,0.0,15.84000015258789,0.012683287262916565,16.42487335205078,0.8499491353001017,0.0,0.0,0.0,6.211895910780669,0.8613402061855671,2286.31396484375,-9759108096.0,269.0,0.0,0.0,0.0,1.0,1.0
21409144.0,0.021296262741088867,4.4933013916015625,0.0,12.890000343322754,0.012920315377414227,19.750709533691406,0.854230377166157,0.0,0.0,0.0,6.348484848484849,0.8639175257731959,2099.671142578125,-8071078400.0,264.0,0.0,0.0,0.0,1.0,1.0
13511544.0,0.02079782448709011,4.629720211029053,0.0,11.630000114440918,0.012265931814908981,20.143041610717773,0.8830706659888155,0.0,0.0,0.0,7.85972850678733,0.8871297242083759,2173.777099609375,-7343699712.0,221.0,0.0,0.0,0.0,1.0,1.0
19208276.0,0.02178793027997017,4.737566947937012,0.0,13.6899995803833,0.013724020682275295,20.434003829956055,0.8456410256410256,0.0,0.0,0.0,5.705882352941177,0.8508771929824561,2080.528076171875,-10231450112.0,289.0,0.0,0.0,0.0,1.0,1.0
24334838.0,0.021466758102178574,4.334405422210693,0.0,15.050000190734863,0.011149206198751926,25.0317325592041,0.8425596749619096,0.0,0.0,0.0,5.681506849315069,0.8503331624807791,2035.333740234375,-8660149760.0,292.0,0.0,0.0,0.0,1.0,1.0
16610757.0,0.021328357979655266,4.74177360534668,0.0,11.760000228881836,0.011203909292817116,21.445919036865234,0.8864562118126272,0.0,0.0,0.0,8.097674418604651,0.8900817995910021,2410.16552734375,-7354219776.0,215.0,0.0,0.0,0.0,1.0,1.0
17669574.0,0.021249203011393547,4.669741153717041,0.0,13.350000381469727,0.012012830935418606,19.063865661621094,0.8687690742624619,0.0,0.0,0.0,7.0578512396694215,0.8758974358974358,2075.1962890625,-7099243776.0,242.0,0.0,0.0,0.0,1.0,1.0
17992502.0,0.021153541281819344,4.659504413604736,0.0,11.779999732971191,0.012116159312427044,24.082128524780273,0.8804071246819338,0.0,0.0,0.0,7.792792792792793,0.8862704918032787,2297.357177734375,-7105327616.0,222.0,0.0,0.0,0.0,1.0,1.0
30992732.0,0.020848238840699196,4.624393463134766,0.0,12.630000114440918,0.010392779484391212,26.38898277282715,0.8802425467407782,0.0,0.0,0.0,8.064814814814815,0.8896833503575077,2290.10498046875,-8653549568.0,216.0,0.0,0.0,0.0,1.0,1.0
21916184.0,0.021432170644402504,4.406887054443359,0.0,12.479999542236328,0.012385068461298943,16.732948303222656,0.8484069886947585,0.0,0.0,0.0,5.792982456140351,0.8527892561983471,2523.119140625,-9433565696.0,285.0,0.0,0.0,0.0,1.0,1.0
18280498.0,0.021304838359355927,4.7956953048706055,0.0,14.34000015258789,0.01142184715718031,18.00640106201172,0.8476482617586912,0.0,0.0,0.0,5.985559566787003,0.8568475452196382,2441.6689453125,-6843531008.0,277.0,0.0,0.0,0.0,1.0,1.0
15373364.0,0.02159254625439644,4.476186752319336,0.0,11.279999732971191,0.015247572213411331,20.063087463378906,0.8863404689092762,0.0,0.0,0.0,8.482926829268292,0.8945473251028807,2333.931640625,-7394012160.0,205.0,0.0,0.0,0.0,1.0,1.0
20120330.0,0.02098168432712555,4.428246974945068,0.0,15.329999923706055,0.010851540602743626,17.897050857543945,0.8467824310520939,0.0,0.0,0.0,5.7972027972027975,0.852880658436214,2157.933837890625,-9452542464.0,286.0,0.0,0.0,0.0,1.0,1.0
14789322.0,0.021082842722535133,4.280698776245117,0.0,12.479999542236328,0.011648244224488735,19.889989852905273,0.8775303643724697,0.0,0.0,0.0,7.8108108108108105,0.8865030674846626,2621.19091796875,-6339610624.0,222.0,0.0,0.0,0.0,1.0,1.0
14619066.0,0.020957110449671745,4.508989334106445,0.0,11.520000457763672,0.014985392801463604,13.001022338867188,0.8843017329255861,0.0,0.0,0.0,8.032407407407407,0.8892875448487955,2644.237060546875,-6863160320.0,216.0,0.0,0.0,0.0,1.0,1.0
17014994.0,0.021489217877388,4.644563674926758,0.0,12.59000015258789,0.014567562378942966,15.896048545837402,0.8632435180477885,0.0,0.0,0.0,6.607003891050583,0.8685421994884911,2383.286865234375,-7065591808.0,257.0,0.0,0.0,0.0,1.0,1.0
18820046.0,0.02150105871260166,4.540115833282471,0.0,13.729999542236328,0.012094019912183285,18.47441864013672,0.8688607594936709,0.0,0.0,0.0,7.090909090909091,0.8764044943820225,2257.34912109375,-6676937216.0,242.0,0.0,0.0,0.0,1.0,1.0
12697524.0,0.02128477580845356,4.442464351654053,0.0,10.630000114440918,0.013910042122006416,10.076872825622559,0.8778625954198473,0.0,0.0,0.0,7.467532467532467,0.8819018404907976,2252.779052734375,-6659532032.0,231.0,0.0,0.0,0.0,1.0,1.0
18199912.0,0.021210839971899986,4.670168876647949,0.0,14.270000457763672,0.011989966034889221,11.801390647888184,0.8500254194204372,0.0,0.0,0.0,6.102189781021898,0.8591983556012333,2577.3134765625,-12066886144.0,274.0,0.0,0.0,0.0,1.0,1.0
25225746.0,0.021693436428904533,4.671063423156738,0.0,12.609999656677246,0.010848211124539375,20.03404998779297,0.8898989898989899,0.0,0.0,0.0,8.430622009569378,0.8939624556062912,2321.818359375,-9052644352.0,209.0,0.0,0.0,0.0,1.0,1.0
19836122.0,0.020990848541259766,4.474495887756348,0.0,13.90999984741211,0.01234924141317606,24.229877471923828,0.8775923115832068,0.0,0.0,0.0,7.850678733031674,0.8870143149284253,2564.013671875,-7229407744.0,221.0,0.0,0.0,0.0,1.0,1.0
18776410.0,0.02092161402106285,4.549739360809326,0.0,13.300000190734863,0.012684936635196209,17.472431182861328,0.8768447837150127,0.0,0.0,0.0,7.426724137931035,0.8813299232736573,2258.8193359375,-7862511616.0,232.0,0.0,0.0,0.0,1.0,1.0
32391242.0,0.0219024196267128,4.653203964233398,0.0,17.59000015258789,0.014588613063097,26.270336151123047,0.8149466192170819,0.0,0.0,0.0,4.5539772727272725,0.8199488491048593,2078.58642578125,-13095745536.0,352.0,0.0,0.0,0.0,1.0,1.0
18546152.0,0.021788304671645164,4.586557388305664,0.0,13.65999984741211,0.012112416326999664,21.29080581665039,0.8534966819806024,0.0,0.0,0.0,6.08,0.8587570621468926,2027.4508056640625,-7970075648.0,275.0,0.0,0.0,0.0,1.0,1.0
23009628.0,0.02136053331196308,4.66530704498291,0.0,13.420000076293945,0.011566841043531895,20.31957244873047,0.8450920245398773,0.0,0.0,0.0,5.882562277580071,0.8547052740434333,2236.877197265625,-9878513408.0,281.0,0.0,0.0,0.0,1.0,1.0
18037618.0,0.021315066143870354,4.641560077667236,0.0,13.850000381469727,0.011971245519816875,26.347097396850586,0.8695208970438328,0.0,0.0,0.0,6.934959349593496,0.8739754098360656,2595.957275390625,-7088556800.0,246.0,0.0,0.0,0.0,1.0,1.0
20789836.0,0.02148907445371151,4.619999408721924,0.0,12.40999984741211,0.011073210276663303,17.59630584716797,0.8540816326530613,0.0,0.0,0.0,6.293233082706767,0.8628865979381444,2195.1884765625,-8158604800.0,266.0,0.0,0.0,0.0,1.0,1.0
13837005.0,0.021511152386665344,4.593194007873535,0.0,10.739999771118164,0.012593284249305725,22.903841018676758,0.8595592004100461,0.0,0.0,0.0,6.425287356321839,0.8653250773993808,2194.6904296875,-9363433728.0,261.0,0.0,0.0,0.0,1.0,1.0
17697486.0,0.021216709166765213,4.709947109222412,0.0,13.119999885559082,0.010486413724720478,16.272111892700195,0.8831894362620619,0.0,0.0,0.0,7.977064220183486,0.888605007664793,2135.154052734375,-6617756672.0,218.0,0.0,0.0,0.0,1.0,1.0
25343572.0,0.02168567106127739,4.706219673156738,0.0,13.579999923706055,0.014751600101590157,16.376949310302734,0.8654434250764526,0.0,0.0,0.0,6.846774193548387,0.8725590955806783,1927.33837890625,-11750418688.0,248.0,0.0,0.0,0.0,1.0,1.0
17192958.0,0.021193308755755424,4.373538970947266,0.0,12.40999984741211,0.011539820581674576,19.58182144165039,0.8697650663942799,0.0,0.0,0.0,7.008230452674897,0.8751284686536485,2401.84375,-6536645888.0,243.0,0.0,0.0,0.0,1.0,1.0
21400684.0,0.02139228582382202,4.694671154022217,0.0,12.890000343322754,0.012442292645573616,20.195280075073242,0.855538540071465,0.0,0.0,0.0,6.253731343283582,0.8621399176954733,2302.514404296875,-7466568192.0,268.0,0.0,0.0,0.0,1.0,1.0
17497234.0,0.021135974675416946,4.435354709625244,0.0,12.569999694824219,0.01195522490888834,17.353313446044922,0.8795119471276055,0.0,0.0,0.0,7.456896551724138,0.8817533129459735,2771.54052734375,-9216277760.0,232.0,0.0,0.0,0.0,1.0,1.0
17545274.0,0.021345190703868866,4.873466968536377,0.0,13.0,0.012706641107797623,13.582294464111328,0.8797758532857871,0.0,0.0,0.0,8.032558139534883,0.8892893923789907,2464.562255859375,-7316035584.0,215.0,0.0,0.0,0.0,1.0,1.0
20636530.0,0.021141914650797844,4.780102252960205,0.0,14.149999618530273,0.014691137708723545,14.601298332214355,0.8500254194204372,0.0,0.0,0.0,5.929078014184397,0.8556806550665302,1921.190185546875,-7297141760.0,282.0,0.0,0.0,0.0,1.0,1.0
20461864.0,0.021829059347510338,4.644110679626465,0.0,13.75,0.010756723582744598,25.333614349365234,0.8752535496957403,0.0,0.0,0.0,7.504347826086956,0.8824130879345603,2348.913330078125,-8016256512.0,230.0,0.0,0.0,0.0,1.0,1.0
19510676.0,0.021450255066156387,4.955310821533203,0.0,12.350000381469727,0.013113517314195633,22.757741928100586,0.8774062816616008,0.0,0.0,0.0,7.83710407239819,0.8868407578084997,2238.40625,-8053285376.0,221.0,0.0,0.0,0.0,1.0,1.0
19939026.0,0.02188335731625557,4.482607364654541,0.0,12.449999809265137,0.013400377705693245,22.688232421875,0.8708693441789527,0.0,0.0,0.0,7.1078838174273855,0.876663254861822,2437.536376953125,-8169587968.0,241.0,0.0,0.0,0.0,1.0,1.0
29594140.0,0.021575892344117165,4.660412311553955,0.0,14.010000228881836,0.016431011259555817,18.34973907470703,0.8546571136131014,0.0,0.0,0.0,6.254681647940075,0.862157976251936,2366.970947265625,-10965582848.0,267.0,0.0,0.0,0.0,1.0,1.0
18951132.0,0.021284930408000946,4.632776260375977,0.0,11.75,0.016271468251943588,18.014501571655273,0.8658163265306122,0.0,0.0,0.0,6.842741935483871,0.8724935732647815,2118.370361328125,-8394991360.0,248.0,0.0,0.0,0.0,1.0,1.0
21264840.0,0.02147417515516281,4.805741786956787,0.0,13.020000457763672,0.011631843633949757,21.834083557128906,0.8534218590398366,0.0,0.0,0.0,6.188888888888889,0.8608964451313755,2379.679443359375,-7801310720.0,270.0,0.0,0.0,0.0,1.0,1.0
23818540.0,0.02129756286740303,4.77060079574585,0.0,13.079999923706055,0.011151972226798534,13.786705017089844,0.8815455007625826,0.0,0.0,0.0,7.954128440366972,0.8883196721311475,2432.35009765625,-8346253056.0,218.0,0.0,0.0,0.0,1.0,1.0
13604529.0,0.02116781286895275,4.5688796043396,0.0,12.460000038146973,0.011304710060358047,17.610578536987305,0.8906408952187183,0.0,0.0,0.0,8.5,0.8947368421052632,2399.571044921875,-6621402624.0,206.0,0.0,0.0,0.0,1.0,1.0
16965566.0,0.02160993590950966,4.626713275909424,0.0,14.25,0.011015713214874268,25.440019607543945,0.8727644353602453,0.0,0.0,0.0,7.426086956521739,0.8813209494324046,2382.94970703125,-7560773376.0,230.0,0.0,0.0,0.0,1.0,1.0
26960412.0,0.020778922364115715,4.701626777648926,0.0,13.430000305175781,0.014357117936015129,12.156350135803223,0.8823229750382068,0.0,0.0,0.0,8.247619047619047,0.8918640576725025,2030.086669921875,-9151350016.0,210.0,0.0,0.0,0.0,1.0,1.0
14764817.0,0.02095971256494522,4.414448261260986,0.0,12.149999618530273,0.011301681399345398,23.45900535583496,0.8689866939611054,0.0,0.0,0.0,7.075,0.8761609907120743,2770.9794921875,-8382766336.0,240.0,0.0,0.0,0.0,1.0,1.0
19915452.0,0.02144310623407364,4.392602920532227,0.0,13.600000381469727,0.011819453909993172,16.947532653808594,0.8583800305654611,0.0,0.0,0.0,6.287313432835821,0.8627752176139273,2115.43798828125,-9626781440.0,268.0,0.0,0.0,0.0,1.0,1.0
21335208.0,0.02131977304816246,4.508476734161377,0.0,14.020000457763672,0.012054969556629658,14.68071174621582,0.8290422245108136,0.0,0.0,0.0,4.984520123839009,0.8329022245214692,2646.64501953125,-8675378944.0,323.0,0.0,0.0,0.0,1.0,1.0
21678360.0,0.021056028082966805,4.617816925048828,0.0,12.15999984741211,0.011979405768215656,19.239837646484375,0.8776134625191229,0.0,0.0,0.0,7.548245614035087,0.8830169317598768,2288.38916015625,-8137575680.0,228.0,0.0,0.0,0.0,1.0,1.0
20366688.0,0.02178972400724888,4.630266189575195,0.0,15.1899995803833,0.014611246064305305,19.688079833984375,0.8526422764227642,0.0,0.0,0.0,6.30827067669173,0.8631687242798354,2167.426025390625,-9137308160.0,266.0,0.0,0.0,0.0,1.0,1.0
15820077.0,0.02124049700796604,4.674167156219482,0.0,12.0,0.011493542231619358,15.084771156311035,0.8624744376278118,0.0,0.0,0.0,6.641732283464567,0.86913961875322,2241.365966796875,-6660134656.0,254.0,0.0,0.0,0.0,1.0,1.0
30776878.0,0.021156633272767067,4.422515392303467,0.0,13.199999809265137,0.014012149535119534,19.61653709411621,0.8762729124236253,0.0,0.0,0.0,7.648888888888889,0.8843782117163412,2343.44091796875,-8693164032.0,225.0,0.0,0.0,0.0,1.0,1.0
24679902.0,0.021117687225341797,4.639334201812744,0.0,14.699999809265137,0.013747419230639935,30.56948471069336,0.8577235772357723,0.0,0.0,0.0,6.467432950191571,0.8660851718830169,2324.66357421875,-9303829760.0,261.0,0.0,0.0,0.0,1.0,1.0
29878074.0,0.02187466435134411,4.389875411987305,0.0,13.90999984741211,0.014165007509291172,21.052915573120117,0.8492590700051099,0.0,0.0,0.0,5.852112676056338,0.8540596094552929,2371.673828125,-11279661568.0,284.0,0.0,0.0,0.0,1.0,1.0
17198758.0,0.021060295403003693,4.538254737854004,0.0,12.699999809265137,0.012003445066511631,24.42746353149414,0.87886467308667,0.0,0.0,0.0,7.572052401746725,0.8833418237391747,2422.28515625,-9474102016.0,229.0,0.0,0.0,0.0,1.0,1.0
21088980.0,0.02129898965358734,4.485781669616699,0.0,12.729999542236328,0.012793517671525478,29.54962158203125,0.8834853090172239,0.0,0.0,0.0,8.226415094339623,0.8916155419222904,2166.47705078125,-10492179968.0,212.0,0.0,0.0,0.0,1.0,1.0
18131714.0,0.020997364073991776,4.620067596435547,0.0,13.430000305175781,0.013532623648643494,29.821136474609375,0.8948432760364005,0.0,0.0,0.0,9.31578947368421,0.9030612244897959,2221.806640625,-6523481600.0,190.0,0.0,0.0,0.0,1.0,1.0
23847234.0,0.02125641331076622,4.537583827972412,0.0,14.0600004196167,0.014202929101884365,17.976478576660156,0.845996940336563,0.0,0.0,0.0,5.701030927835052,0.8507692307692307,2095.56689453125,-10155429376.0,291.0,0.0,0.0,0.0,1.0,1.0
19851436.0,0.021654604002833366,4.528154373168945,0.0,13.420000076293945,0.01383994985371828,23.658809661865234,0.8576530612244898,0.0,0.0,0.0,6.4653846153846155,0.8660484286450283,2538.16650390625,-9470094336.0,260.0,0.0,0.0,0.0,1.0,1.0
19029822.0,0.02148446999490261,4.501078128814697,0.0,12.25,0.011170991696417332,14.28968334197998,0.8880484114977307,0.0,0.0,0.0,8.267605633802816,0.89209726443769,2289.430908203125,-7153965312.0,213.0,0.0,0.0,0.0,1.0,1.0
20957040.0,0.021237898617982864,4.505146026611328,0.0,16.649999618530273,0.011307038366794586,15.04340648651123,0.8579401319127347,0.0,0.0,0.0,6.478927203065134,0.8662909836065574,2193.86328125,-8169416192.0,261.0,0.0,0.0,0.0,1.0,1.0
18906200.0,0.02152976021170616,4.554842948913574,0.0,12.970000267028809,0.013593707233667374,17.19599723815918,0.869410569105691,0.0,0.0,0.0,6.899193548387097,0.8734047983665135,1956.1441650390625,-10558690816.0,248.0,0.0,0.0,0.0,1.0,1.0
16423025.0,0.02175051160156727,4.631152629852295,0.0,12.510000228881836,0.01433764211833477,15.074756622314453,0.8911392405063291,0.0,0.0,0.0,8.712871287128714,0.8970438328236493,2742.259765625,-7058257664.0,202.0,0.0,0.0,0.0,1.0,1.0
18654736.0,0.02134157158434391,4.663626194000244,0.0,12.460000038146973,0.012112803757190704,23.9041690826416,0.8714285714285714,0.0,0.0,0.0,7.0,0.875,2409.934326171875,-9091082752.0,244.0,0.0,0.0,0.0,1.0,1.0
24310956.0,0.021392488852143288,4.718966484069824,0.0,13.989999771118164,0.012775351293385029,10.39742660522461,0.8604177279673968,0.0,0.0,0.0,6.3977272727272725,0.8648233486943164,2223.3603515625,-9777918208.0,264.0,0.0,0.0,0.0,1.0,1.0
16892498.0,0.02143022045493126,4.602861404418945,0.0,14.029999732971191,0.012500300072133541,13.572501182556152,0.8583889173935352,0.0,0.0,0.0,6.219330855018588,0.8614830072090628,2394.5693359375,-7184047360.0,269.0,0.0,0.0,0.0,1.0,1.0
20024784.0,0.02137788012623787,4.576991558074951,0.0,11.869999885559082,0.012315893545746803,10.463066101074219,0.869431643625192,0.0,0.0,0.0,6.987654320987654,0.874806800618238,2511.249267578125,-8198781440.0,243.0,0.0,0.0,0.0,1.0,1.0
25928506.0,0.021583251655101776,4.746029853820801,0.0,14.430000305175781,0.011248821392655373,16.088581085205078,0.8524173027989822,0.0,0.0,0.0,6.113138686131387,0.8594150846587993,2191.3232421875,-9497678592.0,274.0,0.0,0.0,0.0,1.0,1.0
21030122.0,0.021338703110814095,4.894801139831543,0.0,14.930000305175781,0.012213794514536858,17.322893142700195,0.8491620111731844,0.0,0.0,0.0,6.102189781021898,0.8591983556012333,2051.9970703125,-7163853312.0,274.0,0.0,0.0,0.0,1.0,1.0
17832430.0,0.021175481379032135,4.491607189178467,0.0,10.779999732971191,0.01130202878266573,12.658110618591309,0.9091826437941474,0.0,0.0,0.0,10.726190476190476,0.9147208121827411,2365.140625,-7559396352.0,168.0,0.0,0.0,0.0,1.0,1.0
18325730.0,0.021269407123327255,4.62879753112793,0.0,13.229999542236328,0.013756347820162773,15.570090293884277,0.8595505617977528,0.0,0.0,0.0,6.498069498069498,0.8666323377960865,1993.8592529296875,-8056164352.0,259.0,0.0,0.0,0.0,1.0,1.0
15262940.0,0.021218614652752876,4.759832859039307,0.0,11.630000114440918,0.010773200541734695,16.456504821777344,0.8895055499495459,0.0,0.0,0.0,8.435406698564593,0.8940162271805274,2208.4287109375,-7737084928.0,209.0,0.0,0.0,0.0,1.0,1.0
19861782.0,0.02088284306228161,4.5927934646606445,0.0,13.109999656677246,0.0132736936211586,21.61469268798828,0.8518140010219724,0.0,0.0,0.0,6.1512915129151295,0.8601651186790505,2492.154541015625,-7155307264.0,271.0,0.0,0.0,0.0,1.0,1.0
19394146.0,0.021493611857295036,4.577554225921631,0.0,12.130000114440918,0.011954422108829021,12.614082336425781,0.8862244897959184,0.0,0.0,0.0,8.391304347826088,0.8935185185185185,2686.933349609375,-7849254144.0,207.0,0.0,0.0,0.0,1.0,1.0
27405576.0,0.021692248061299324,4.380578994750977,0.0,16.1299991607666,0.011866319924592972,18.749195098876953,0.8300254452926209,0.0,0.0,0.0,5.1613924050632916,0.8376990241397021,2491.275390625,-11890574848.0,316.0,0.0,0.0,0.0,1.0,1.0
24973480.0,0.02143869362771511,4.7013139724731445,0.0,13.930000305175781,0.011798519641160965,17.854894638061523,0.8561991869918699,0.0,0.0,0.0,6.310861423220974,0.8632172131147541,2374.934814453125,-9568484352.0,267.0,0.0,0.0,0.0,1.0,1.0
19988062.0,0.021421222016215324,4.723238945007324,0.0,13.920000076293945,0.012521493248641491,15.044318199157715,0.8344507478081485,0.0,0.0,0.0,5.185897435897436,0.8383419689119171,2261.356201171875,-10450263040.0,312.0,0.0,0.0,0.0,1.0,1.0
21807508.0,0.02128986269235611,4.512365341186523,0.0,13.029999732971191,0.012242946773767471,17.4968204498291,0.8683001531393568,0.0,0.0,0.0,6.971311475409836,0.8745501285347044,2199.6142578125,-8672013824.0,244.0,0.0,0.0,0.0,1.0,1.0
18870278.0,0.021489499136805534,4.567931175231934,0.0,14.359999656677246,0.010435179807245731,15.832329750061035,0.8780981284774911,0.0,0.0,0.0,7.68141592920354,0.8848114169215087,2499.69091796875,-6728067840.0,226.0,0.0,0.0,0.0,1.0,1.0
23552108.0,0.021758845075964928,4.4375200271606445,0.0,14.5,0.009875873103737831,29.190385818481445,0.8507157464212679,0.0,0.0,0.0,6.4,0.8648648648648649,2432.401123046875,-9548968192.0,260.0,0.0,0.0,0.0,1.0,1.0
20923878.0,0.021071244031190872,4.624074935913086,0.0,15.069999694824219,0.013238237239420414,18.29509162902832,0.8403446528129752,0.0,0.0,0.0,5.601351351351352,0.8485158648925282,2348.10986328125,-8043520000.0,296.0,0.0,0.0,0.0,1.0,1.0
17198526.0,0.021054457873106003,4.503830909729004,0.0,10.989999771118164,0.012661077082157135,15.60642147064209,0.8813905930470347,0.0,0.0,0.0,7.908256880733945,0.8877445932028837,2746.615478515625,-8931417600.0,218.0,0.0,0.0,0.0,1.0,1.0
21591226.0,0.021644100546836853,4.471137523651123,0.0,14.180000305175781,0.008853573352098465,23.500083923339844,0.88545362392296,0.0,0.0,0.0,8.050691244239632,0.889511201629328,2403.27392578125,-7976690688.0,217.0,0.0,0.0,0.0,1.0,1.0
15921306.0,0.021388940513134003,4.4534831047058105,0.0,11.550000190734863,0.015118022449314594,18.503803253173828,0.8852209243270696,0.0,0.0,0.0,8.144859813084112,0.8906489524782831,2703.136474609375,-6175357440.0,214.0,0.0,0.0,0.0,1.0,1.0
21774756.0,0.02144693210721016,4.34445858001709,0.0,14.25,0.013727930374443531,23.83983612060547,0.8604177279673968,0.0,0.0,0.0,6.7023809523809526,0.8701700154559505,2398.11865234375,-8384701952.0,252.0,0.0,0.0,0.0,1.0,1.0
19338860.0,0.02087944932281971,4.464921474456787,0.0,13.600000381469727,0.016089575365185738,22.839509963989258,0.851150895140665,0.0,0.0,0.0,6.028985507246377,0.8577319587628865,1895.6787109375,-8798699264.0,276.0,0.0,0.0,0.0,1.0,1.0
21334118.0,0.020944869145751,4.580504894256592,0.0,13.649999618530273,0.011586528271436691,24.192697525024414,0.8854114083796063,0.0,0.0,0.0,8.158139534883722,0.8908075165058406,2156.772216796875,-8341359616.0,215.0,0.0,0.0,0.0,1.0,1.0
24710044.0,0.021432656794786453,4.650777816772461,0.0,13.319999694824219,0.013126679696142673,14.037638664245605,0.8879266428935303,0.0,0.0,0.0,8.628712871287128,0.8961439588688946,2726.08154296875,-7730392832.0,202.0,0.0,0.0,0.0,1.0,1.0
23848066.0,0.020826151594519615,4.518013954162598,0.0,13.880000114440918,0.013987223617732525,19.34764289855957,0.8396946564885496,0.0,0.0,0.0,5.357142857142857,0.8426966292134831,2455.302001953125,-9065490432.0,308.0,0.0,0.0,0.0,1.0,1.0
17980160.0,0.021173138171434402,4.616117477416992,0.0,12.510000228881836,0.011753167025744915,24.028417587280273,0.8942842690945878,0.0,0.0,0.0,9.256544502617801,0.9025012761613068,2077.02392578125,-6274222848.0,191.0,0.0,0.0,0.0,1.0,1.0
29304018.0,0.021734220907092094,4.597238540649414,0.0,16.530000686645508,0.014299816451966763,20.5001163482666,0.8394564670357323,0.0,0.0,0.0,5.450980392156863,0.8449848024316109,2421.7861328125,-9761741312.0,306.0,0.0,0.0,0.0,1.0,1.0
18967588.0,0.021575622260570526,4.682134628295898,0.0,14.619999885559082,0.013795501552522182,13.899755477905273,0.8421859039836568,0.0,0.0,0.0,5.765734265734266,0.8521963824289406,2351.0927734375,-8514859776.0,286.0,0.0,0.0,0.0,1.0,1.0
16804070.0,0.02111504040658474,4.755418300628662,0.0,14.010000228881836,0.011524083092808723,14.59210205078125,0.8597654258031616,0.0,0.0,0.0,6.5096525096525095,0.8668380462724936,2366.74267578125,-7288821248.0,259.0,0.0,0.0,0.0,1.0,1.0
19939456.0,0.02135588973760605,4.608198165893555,0.0,12.720000267028809,0.013854986988008022,20.211885452270508,0.8601651186790505,0.0,0.0,0.0,6.411538461538462,0.8650752464971458,2363.44140625,-7461238016.0,260.0,0.0,0.0,0.0,1.0,1.0
18161772.0,0.020847635343670845,4.841098785400391,0.0,13.479999542236328,0.01255436148494482,25.810993194580078,0.8582355940846507,0.0,0.0,0.0,6.256505576208179,0.8621926229508197,2372.7763671875,-7456260096.0,269.0,0.0,0.0,0.0,1.0,1.0
17415476.0,0.020695054903626442,4.772063255310059,0.0,12.350000381469727,0.01087007112801075,29.149864196777344,0.8627551020408163,0.0,0.0,0.0,6.7103174603174605,0.8703036541430778,2118.32568359375,-6995333120.0,252.0,0.0,0.0,0.0,1.0,1.0
25215686.0,0.020823301747441292,4.641729354858398,0.0,13.930000305175781,0.013499734923243523,15.860851287841797,0.8603945371775418,0.0,0.0,0.0,6.443181818181818,0.8656488549618321,2375.2734375,-9508476672.0,264.0,0.0,0.0,0.0,1.0,1.0
21531288.0,0.021532971411943436,4.580061435699463,0.0,14.369999885559082,0.013481328263878822,18.25768280029297,0.8473711077080143,0.0,0.0,0.0,5.627118644067797,0.8491048593350383,2356.734130859375,-8020627456.0,295.0,0.0,0.0,0.0,1.0,1.0
25474644.0,0.02111976221203804,4.442621231079102,0.0,15.640000343322754,0.013556472957134247,27.782413482666016,0.8464267612772428,0.0,0.0,0.0,5.943060498220641,0.8559712967708867,2767.23486328125,-9298589696.0,281.0,0.0,0.0,0.0,1.0,1.0
19298782.0,0.021020907908678055,4.330460071563721,0.0,13.680000305175781,0.011094432324171066,13.519370079040527,0.878880407124682,0.0,0.0,0.0,7.744394618834081,0.8856410256410256,2289.965576171875,-7976903936.0,223.0,0.0,0.0,0.0,1.0,1.0
17223448.0,0.020934907719492912,4.659173011779785,0.0,12.890000343322754,0.014246787875890732,19.36955451965332,0.8802242609582059,0.0,0.0,0.0,7.508695652173913,0.882473173224323,2231.9853515625,-6844219648.0,230.0,0.0,0.0,0.0,1.0,1.0
17783662.0,0.020966479554772377,4.463932991027832,0.0,10.289999961853027,0.012958762235939503,21.24536895751953,0.9079816980172852,0.0,0.0,0.0,10.383720930232558,0.9121552604698672,2679.927490234375,-7632538368.0,172.0,0.0,0.0,0.0,1.0,1.0
24886702.0,0.021478936076164246,4.849899768829346,0.0,14.170000076293945,0.013012142851948738,18.080364227294922,0.8644153225806451,0.0,0.0,0.0,6.94331983805668,0.8741080530071356,2560.33056640625,-8746171904.0,247.0,0.0,0.0,0.0,1.0,1.0
25984408.0,0.021174421533942223,4.574094772338867,0.0,14.880000114440918,0.013258040882647038,20.54806900024414,0.8913043478260869,0.0,0.0,0.0,8.642156862745098,0.8962887646161668,2492.4208984375,-9378423808.0,204.0,0.0,0.0,0.0,1.0,1.0
16304095.0,0.021786151453852654,4.670572757720947,0.0,12.800000190734863,0.012349466793239117,17.076231002807617,0.8692543411644535,0.0,0.0,0.0,6.862903225806452,0.8728205128205129,2300.916015625,-6467917824.0,248.0,0.0,0.0,0.0,1.0,1.0
22478860.0,0.020939026027917862,4.321043014526367,0.0,13.800000190734863,0.014804433099925518,14.761378288269043,0.8969176351692774,0.0,0.0,0.0,8.919597989949748,0.8991894630192503,1922.175048828125,-7976764416.0,199.0,0.0,0.0,0.0,1.0,1.0
27127102.0,0.021229038015007973,4.542199611663818,0.0,12.920000076293945,0.012101908214390278,22.041215896606445,0.8793103448275862,0.0,0.0,0.0,7.572052401746725,0.8833418237391747,2238.3623046875,-9995560960.0,229.0,0.0,0.0,0.0,1.0,1.0
23365064.0,0.02166862227022648,4.645290851593018,0.0,15.90999984741211,0.01350204274058342,12.84133529663086,0.8345250255362615,0.0,0.0,0.0,5.375,0.8431372549019608,1943.854736328125,-8808863232.0,304.0,0.0,0.0,0.0,1.0,1.0
15332019.0,0.021338971331715584,4.534883975982666,0.0,13.510000228881836,0.01081646978855133,15.307976722717285,0.856996935648621,0.0,0.0,0.0,6.332075471698113,0.8636129696345857,2465.5234375,-7772383744.0,265.0,0.0,0.0,0.0,1.0,1.0
17387100.0,0.021007157862186432,4.504873752593994,0.0,11.729999542236328,0.012249266728758812,25.421518325805664,0.8487179487179487,0.0,0.0,0.0,5.889679715302491,0.8548553719008265,2740.22119140625,-8095157248.0,281.0,0.0,0.0,0.0,1.0,1.0
16906234.0,0.02136263996362686,4.518679618835449,0.0,12.789999961853027,0.013970966450870037,18.35620880126953,0.8729591836734694,0.0,0.0,0.0,7.672645739910314,0.8846949327817993,2235.45751953125,-6545142528.0,223.0,0.0,0.0,0.0,1.0,1.0
21674146.0,0.021499384194612503,4.554125785827637,0.0,12.09000015258789,0.011586268432438374,24.367511749267578,0.8611680327868853,0.0,0.0,0.0,6.5408560311284045,0.8673890608875129,2418.215087890625,-9743177984.0,257.0,0.0,0.0,0.0,1.0,1.0
14714286.0,0.02151179499924183,4.728198051452637,0.0,12.210000038146973,0.01094019040465355,16.831829071044922,0.8927477017364658,0.0,0.0,0.0,8.610837438423646,0.8959507944643772,2112.3232421875,-5858891776.0,203.0,0.0,0.0,0.0,1.0,1.0
17553890.0,0.020912649109959602,4.524474620819092,0.0,14.579999923706055,0.01292101014405489,11.692967414855957,0.8494897959183674,0.0,0.0,0.0,5.842105263157895,0.8538461538461538,2329.8662109375,-7249760256.0,285.0,0.0,0.0,0.0,1.0,1.0
21105218.0,0.021670186892151833,4.643823623657227,0.0,13.539999961853027,0.012060040608048439,21.010570526123047,0.8763358778625954,0.0,0.0,0.0,7.265822784810126,0.8790199081163859,2328.600830078125,-8629062400.0,237.0,0.0,0.0,0.0,1.0,1.0
22776912.0,0.020908236503601074,4.505076885223389,0.0,13.970000267028809,0.01287363562732935,15.219758987426758,0.8480818414322251,0.0,0.0,0.0,5.985559566787003,0.8568475452196382,2572.653564453125,-8432466176.0,277.0,0.0,0.0,0.0,1.0,1.0
14875316.0,0.020686116069555283,4.618607044219971,0.0,12.920000076293945,0.010614447295665741,12.679680824279785,0.8884946781550938,0.0,0.0,0.0,8.721393034825871,0.8971340839303992,2472.2978515625,-6095017984.0,201.0,0.0,0.0,0.0,1.0,1.0
20988496.0,0.02172345481812954,4.610601425170898,0.0,13.710000038146973,0.012789172120392323,13.440692901611328,0.8596046629498226,0.0,0.0,0.0,6.281481481481482,0.8626653102746694,2236.206787109375,-8669179136.0,270.0,0.0,0.0,0.0,1.0,1.0
17118264.0,0.02186654321849346,4.580316066741943,0.0,12.5,0.012159567326307297,12.672100067138672,0.871676891615542,0.0,0.0,0.0,7.163865546218488,0.8775090066906845,2822.692138671875,-7948707584.0,238.0,0.0,0.0,0.0,1.0,1.0
22966218.0,0.021537119522690773,4.452311992645264,0.0,13.859999656677246,0.013762165792286396,14.455673217773438,0.8529262086513995,0.0,0.0,0.0,6.348484848484849,0.8639175257731959,2221.6875,-9532939776.0,264.0,0.0,0.0,0.0,1.0,1.0
18825798.0,0.021153278648853302,4.663156509399414,0.0,13.220000267028809,0.012940127402544022,19.4556941986084,0.8316221765913757,0.0,0.0,0.0,5.159235668789809,0.8376421923474664,2549.3017578125,-10891712000.0,314.0,0.0,0.0,0.0,1.0,1.0
14885734.0,0.02132742665708065,4.683200359344482,0.0,14.630000114440918,0.01593141444027424,22.665023803710938,0.8857287963433215,0.0,0.0,0.0,8.187793427230046,0.8911599386816556,2288.080810546875,-5741928832.0,213.0,0.0,0.0,0.0,1.0,1.0
22726850.0,0.021835505962371826,4.434735298156738,0.0,12.859999656677246,0.014213038608431816,21.11603546142578,0.8486096807415036,0.0,0.0,0.0,5.823321554770318,0.8534438114966338,1777.52392578125,-8850016000.0,283.0,0.0,0.0,0.0,1.0,1.0
19063836.0,0.021187620237469673,4.885632038116455,0.0,13.380000114440918,0.009913189336657524,18.122711181640625,0.8810371123538383,0.0,0.0,0.0,7.9495412844036695,0.8882624295233214,1947.3250732421875,-8211059712.0,218.0,0.0,0.0,0.0,1.0,1.0
15473741.0,0.021346304565668106,4.813383102416992,0.0,12.039999961853027,0.012154093012213707,14.709895133972168,0.8897319170460294,0.0,0.0,0.0,8.795,0.8979070954568658,2121.0185546875,-6869113088.0,200.0,0.0,0.0,0.0,1.0,1.0
16037798.0,0.02107890695333481,4.676566123962402,0.0,13.680000305175781,0.009577606804668903,15.319110870361328,0.858678955453149,0.0,0.0,0.0,6.3283018867924525,0.8635427394438723,2262.071044921875,-6345379328.0,265.0,0.0,0.0,0.0,1.0,1.0
27060710.0,0.020977558568120003,4.302038192749023,0.0,14.59000015258789,0.014228529296815395,22.036190032958984,0.8297764227642277,0.0,0.0,0.0,5.135220125786163,0.8370066632496156,2495.56494140625,-9565215744.0,318.0,0.0,0.0,0.0,1.0,1.0
20501580.0,0.02179817669093609,4.949160099029541,0.0,12.979999542236328,0.013149107806384563,15.036212921142578,0.8843226788432268,0.0,0.0,0.0,8.03225806451613,0.8892857142857142,2308.8544921875,-7861231104.0,217.0,0.0,0.0,0.0,1.0,1.0
25918900.0,0.021797869354486465,4.684972286224365,0.0,13.970000267028809,0.012100858613848686,18.417678833007812,0.8624744376278118,0.0,0.0,0.0,6.641732283464567,0.86913961875322,2793.268310546875,-9805885696.0,254.0,0.0,0.0,0.0,1.0,1.0
18784572.0,0.02130148559808731,4.600858688354492,0.0,12.869999885559082,0.015608493238687515,19.581037521362305,0.8684344722080571,0.0,0.0,0.0,6.9227642276422765,0.8737814263724987,2177.97509765625,-6686198272.0,246.0,0.0,0.0,0.0,1.0,1.0
17207230.0,0.021207202225923538,4.404453277587891,0.0,12.279999732971191,0.011925483122467995,12.442026138305664,0.8774783934926284,0.0,0.0,0.0,7.313559322033898,0.8797145769622834,2316.125732421875,-7851268608.0,236.0,0.0,0.0,0.0,1.0,1.0
25123664.0,0.022062350064516068,4.788572311401367,0.0,15.470000267028809,0.013555251993238926,23.847810745239258,0.8189216683621566,0.0,0.0,0.0,4.8059701492537314,0.8277634961439588,2180.358154296875,-9201355264.0,335.0,0.0,0.0,0.0,1.0,1.0
18924482.0,0.02124405838549137,4.675777435302734,0.0,12.800000190734863,0.015598003752529621,20.120058059692383,0.8864562118126272,0.0,0.0,0.0,8.13551401869159,0.8905370843989769,2362.6298828125,-7351069440.0,214.0,0.0,0.0,0.0,1.0,1.0
23030636.0,0.021237771958112717,4.778485298156738,0.0,14.649999618530273,0.009785441681742668,20.89275360107422,0.8062337662337662,0.0,0.0,0.0,4.299168975069252,0.8112911657083115,2209.67138671875,-9768480256.0,361.0,0.0,0.0,0.0,1.0,1.0
17233624.0,0.02090199664235115,4.2372236251831055,0.0,13.029999732971191,0.011286113411188126,18.676387786865234,0.8737322515212982,0.0,0.0,0.0,7.119834710743802,0.8768447837150127,2264.105712890625,-6781341440.0,242.0,0.0,0.0,0.0,1.0,1.0
21550412.0,0.021267728880047798,4.661102294921875,0.0,13.079999923706055,0.014308080077171326,14.550373077392578,0.8792048929663608,0.0,0.0,0.0,7.840909090909091,0.8868894601542416,2291.224609375,-8739574528.0,220.0,0.0,0.0,0.0,1.0,1.0
26268584.0,0.02130769193172455,4.430433750152588,0.0,14.210000038146973,0.012979975901544094,20.75137710571289,0.8851626016260162,0.0,0.0,0.0,8.295238095238096,0.8924180327868853,2370.43798828125,-9791778048.0,210.0,0.0,0.0,0.0,1.0,1.0
26789348.0,0.021423136815428734,4.890992641448975,0.0,13.680000305175781,0.012682517990469933,23.447601318359375,0.8794326241134752,0.0,0.0,0.0,7.580786026200873,0.8834605597964377,2688.21484375,-10912688896.0,229.0,0.0,0.0,0.0,1.0,1.0
22844656.0,0.021222375333309174,4.774250030517578,0.0,13.550000190734863,0.012059886008501053,16.80095863342285,0.8754448398576512,0.0,0.0,0.0,7.619469026548672,0.8839835728952772,2484.246826171875,-8610786560.0,226.0,0.0,0.0,0.0,1.0,1.0
17630086.0,0.021341586485505104,4.680151462554932,0.0,13.279999732971191,0.011750618927180767,20.291404724121094,0.8623523369286081,0.0,0.0,0.0,6.533073929961089,0.8672520661157025,2459.491943359375,-7891796992.0,257.0,0.0,0.0,0.0,1.0,1.0
20221624.0,0.021289078518748283,4.7355756759643555,0.0,11.569999694824219,0.012158721685409546,23.681230545043945,0.8869741510390269,0.0,0.0,0.0,8.215962441314554,0.891492613346918,2337.063720703125,-8617679872.0,213.0,0.0,0.0,0.0,1.0,1.0
18697822.0,0.021493274718523026,4.902955055236816,0.0,11.149999618530273,0.012553747743368149,18.001426696777344,0.8816056910569106,0.0,0.0,0.0,7.886363636363637,0.887468030690537,2322.93798828125,-7752890624.0,220.0,0.0,0.0,0.0,1.0,1.0
20404654.0,0.021564306691288948,4.688201427459717,0.0,14.430000305175781,0.010161836631596088,23.206642150878906,0.8388577256501785,0.0,0.0,0.0,5.5574324324324325,0.8475012879958784,2044.979736328125,-7761257728.0,296.0,0.0,0.0,0.0,1.0,1.0
21405158.0,0.021168366074562073,4.787141799926758,0.0,12.649999618530273,0.013854426331818104,26.887042999267578,0.8748728382502543,0.0,0.0,0.0,7.413793103448276,0.8811475409836066,2395.413330078125,-10988752128.0,232.0,0.0,0.0,0.0,1.0,1.0
32193114.0,0.021716170012950897,4.571649551391602,0.0,14.880000114440918,0.013745918869972229,20.76331329345703,0.8552564753682073,0.0,0.0,0.0,5.99288256227758,0.8569974554707379,2018.2274169921875,-12237572608.0,281.0,0.0,0.0,0.0,1.0,1.0
22677256.0,0.021502027288079262,4.54298210144043,0.0,12.829999923706055,0.013663988560438156,14.733254432678223,0.85539090444558,0.0,0.0,0.0,6.154411764705882,0.8602261048304214,2331.410888671875,-9382139392.0,272.0,0.0,0.0,0.0,1.0,1.0
20816720.0,0.02179987169802189,4.654584884643555,0.0,14.529999732971191,0.012414329685270786,19.423301696777344,0.8492307692307692,0.0,0.0,0.0,5.914285714285715,0.8553719008264463,2287.940185546875,-7805485312.0,280.0,0.0,0.0,0.0,1.0,1.0
22119644.0,0.021445004269480705,4.621023654937744,0.0,14.359999656677246,0.01221404131501913,13.849519729614258,0.8836032388663968,0.0,0.0,0.0,8.158878504672897,0.8908163265306123,2449.0439453125,-8101914624.0,214.0,0.0,0.0,0.0,1.0,1.0
26835028.0,0.021167706698179245,4.812262058258057,0.0,12.15999984741211,0.012382685206830502,13.95911693572998,0.8902377339403136,0.0,0.0,0.0,8.712871287128714,0.8970438328236493,2250.198486328125,-9007434240.0,202.0,0.0,0.0,0.0,1.0,1.0
24320432.0,0.021255116909742355,4.563508987426758,0.0,15.300000190734863,0.012694458477199078,16.01833724975586,0.8498727735368957,0.0,0.0,0.0,6.139705882352941,0.8599382080329557,2004.658447265625,-8636036864.0,272.0,0.0,0.0,0.0,1.0,1.0
21545872.0,0.021707119420170784,4.627516269683838,0.0,12.84000015258789,0.01620846800506115,22.074378967285156,0.886811520970187,0.0,0.0,0.0,8.162790697674419,0.8908629441624365,2095.923583984375,-8285211392.0,215.0,0.0,0.0,0.0,1.0,1.0
21335788.0,0.021296294406056404,4.446824550628662,0.0,12.619999885559082,0.013424452394247055,17.15465545654297,0.888663967611336,0.0,0.0,0.0,8.322274881516588,0.8927300457549567,2234.951904296875,-9867604992.0,211.0,0.0,0.0,0.0,1.0,1.0
16517115.0,0.02150752767920494,4.79646110534668,0.0,13.449999809265137,0.012000782415270805,15.365650177001953,0.8536460989291178,0.0,0.0,0.0,6.269662921348314,0.8624420401854714,2299.14892578125,-6434142208.0,267.0,0.0,0.0,0.0,1.0,1.0
24257474.0,0.021697111427783966,4.637375354766846,0.0,12.399999618530273,0.011138002388179302,18.084556579589844,0.8599897802759325,0.0,0.0,0.0,6.423664122137405,0.8652956298200514,2154.28662109375,-10621371904.0,262.0,0.0,0.0,0.0,1.0,1.0
18863418.0,0.021409450098872185,4.721685409545898,0.0,14.079999923706055,0.013080100528895855,20.8155517578125,0.8657171922685656,0.0,0.0,0.0,6.700787401574803,0.8701431492842536,2493.166259765625,-7402379264.0,254.0,0.0,0.0,0.0,1.0,1.0
14743647.0,0.021225135773420334,4.871218204498291,0.0,12.449999809265137,0.017484791576862335,28.07152557373047,0.8813988849467815,0.0,0.0,0.0,8.013824884792626,0.8890593047034765,2397.02685546875,-7340578560.0,217.0,0.0,0.0,0.0,1.0,1.0
21286626.0,0.02188175730407238,4.631793022155762,0.0,14.800000190734863,0.01273982971906662,11.225271224975586,0.8118251928020566,0.0,0.0,0.0,4.473087818696884,0.817287784679089,2013.6343994140625,-10193092096.0,353.0,0.0,0.0,0.0,1.0,1.0
20060504.0,0.02149137295782566,4.549595355987549,0.0,13.800000190734863,0.012220432050526142,21.547855377197266,0.8882144663631766,0.0,0.0,0.0,8.565853658536586,0.8954614992350841,2337.29638671875,-7555385856.0,205.0,0.0,0.0,0.0,1.0,1.0
21740922.0,0.021790439262986183,4.82411527633667,0.0,13.180000305175781,0.013405975885689259,25.043420791625977,0.8578028747433265,0.0,0.0,0.0,6.188888888888889,0.8608964451313755,2292.370361328125,-11770775040.0,270.0,0.0,0.0,0.0,1.0,1.0
21872876.0,0.02183992601931095,4.680622100830078,0.0,14.699999809265137,0.013278928585350513,20.456279754638672,0.848730964467005,0.0,0.0,0.0,5.846153846153846,0.8539325842696629,2036.2513427734375,-8549207040.0,286.0,0.0,0.0,0.0,1.0,1.0
19992420.0,0.02149338647723198,4.584075450897217,0.0,12.84000015258789,0.014592190273106098,14.950885772705078,0.8723404255319149,0.0,0.0,0.0,7.057377049180328,0.8758901322482198,2447.858642578125,-7626244608.0,244.0,0.0,0.0,0.0,1.0,1.0
26216616.0,0.021167287603020668,4.847142219543457,0.0,14.489999771118164,0.013978663831949234,20.44193458557129,0.8604060913705583,0.0,0.0,0.0,6.494252873563219,0.8665644171779141,2143.181640625,-9936726016.0,261.0,0.0,0.0,0.0,1.0,1.0
27470342.0,0.02132263220846653,4.567205905914307,0.0,14.90999984741211,0.011541035957634449,25.482833862304688,0.8694768918232605,0.0,0.0,0.0,7.163179916317992,0.8774987186058432,2233.714599609375,-9202647552.0,239.0,0.0,0.0,0.0,1.0,1.0
33159460.0,0.021412493661046028,4.682312488555908,0.0,15.4399995803833,0.011618980206549168,20.72443389892578,0.8538071065989847,0.0,0.0,0.0,6.1838235294117645,0.8607983623336745,2066.43798828125,-12475868160.0,272.0,0.0,0.0,0.0,1.0,1.0
20591276.0,0.021599888801574707,4.400495529174805,0.0,11.890000343322754,0.010648333467543125,13.753998756408691,0.8710837185413457,0.0,0.0,0.0,7.156118143459915,0.8773926539058459,2336.259521484375,-10381127680.0,237.0,0.0,0.0,0.0,1.0,1.0
16202719.0,0.0210481658577919,4.561405658721924,0.0,13.739999771118164,0.011263789609074593,17.749269485473633,0.8601220752797558,0.0,0.0,0.0,6.357142857142857,0.8640776699029126,2483.369140625,-7601147904.0,266.0,0.0,0.0,0.0,1.0,1.0
18862090.0,0.02106376737356186,4.741997718811035,0.0,11.859999656677246,0.012951258569955826,20.831951141357422,0.8806731259561448,0.0,0.0,0.0,7.85,0.8870056497175142,2375.02734375,-7765249536.0,220.0,0.0,0.0,0.0,1.0,1.0
20026176.0,0.02194550819694996,4.409958839416504,0.0,13.09000015258789,0.01099791843444109,25.594505310058594,0.8137966804979253,0.0,0.0,0.0,4.495702005730659,0.8180396246089676,2742.827880859375,-10961679360.0,349.0,0.0,0.0,0.0,1.0,1.0
21069634.0,0.021419081836938858,4.538634300231934,0.0,13.84000015258789,0.011841456405818462,17.861587524414062,0.8786802030456853,0.0,0.0,0.0,7.762331838565022,0.8858751279426816,2273.10888671875,-8102424064.0,223.0,0.0,0.0,0.0,1.0,1.0
23283074.0,0.02199489064514637,4.7017083168029785,0.0,13.319999694824219,0.01063468586653471,19.327808380126953,0.8674821610601428,0.0,0.0,0.0,6.808,0.8719262295081968,2436.00927734375,-8488982528.0,250.0,0.0,0.0,0.0,1.0,1.0
16583802.0,0.021287458017468452,4.670106887817383,0.0,12.369999885559082,0.011871160939335823,13.817627906799316,0.87302396736359,0.0,0.0,0.0,7.223628691983122,0.8783991790661878,2405.653076171875,-6728338944.0,237.0,0.0,0.0,0.0,1.0,1.0
23245598.0,0.021431725472211838,4.549406051635742,0.0,13.430000305175781,0.013320207595825195,13.782475471496582,0.8556858745537991,0.0,0.0,0.0,6.356060606060606,0.8640576725025747,2055.72802734375,-9431012608.0,264.0,0.0,0.0,0.0,1.0,1.0
17975238.0,0.021518178284168243,4.432629585266113,0.0,13.210000038146973,0.013804268091917038,17.860288619995117,0.8691446028513238,0.0,0.0,0.0,7.142259414225942,0.8771839671120246,2527.076171875,-7843768320.0,239.0,0.0,0.0,0.0,1.0,1.0
22138928.0,0.02161555364727974,4.421036720275879,0.0,13.270000457763672,0.011154799722135067,18.94681739807129,0.8494623655913979,0.0,0.0,0.0,5.862190812720848,0.8542739443872297,2145.90771484375,-10915214848.0,283.0,0.0,0.0,0.0,1.0,1.0
23937936.0,0.022012371569871902,4.545282363891602,0.0,15.380000114440918,0.012662291526794434,23.837867736816406,0.8444216990788127,0.0,0.0,0.0,5.892857142857143,0.8549222797927462,2567.190185546875,-9190442240.0,280.0,0.0,0.0,0.0,1.0,1.0
15658255.0,0.021323392167687416,4.771239757537842,0.0,13.970000267028809,0.013737860135734081,18.589406967163086,0.8727735368956743,0.0,0.0,0.0,7.266949152542373,0.8790363915940543,2052.002685546875,-6394544384.0,236.0,0.0,0.0,0.0,1.0,1.0
23362746.0,0.022095780819654465,4.447020530700684,0.0,15.050000190734863,0.011324694380164146,19.65569496154785,0.8508682328907048,0.0,0.0,0.0,5.9928057553956835,0.8569958847736625,2888.248779296875,-9932505344.0,278.0,0.0,0.0,0.0,1.0,1.0
16466216.0,0.020989740267395973,4.693028450012207,0.0,12.609999656677246,0.011970940977334976,12.441158294677734,0.8523249872253449,0.0,0.0,0.0,5.978494623655914,0.8567026194144838,2420.245849609375,-8973897216.0,279.0,0.0,0.0,0.0,1.0,1.0
24734474.0,0.021355601027607918,4.6494364738464355,0.0,13.609999656677246,0.012480754405260086,14.446929931640625,0.871377732587697,0.0,0.0,0.0,7.053497942386831,0.8758303525804804,2064.7197265625,-9198037504.0,243.0,0.0,0.0,0.0,1.0,1.0
15001083.0,0.021320365369319916,4.457622051239014,0.0,12.720000267028809,0.01414477825164795,19.664323806762695,0.8703229113275244,0.0,0.0,0.0,7.104602510460251,0.8766133195663397,2532.94580078125,-12931943936.0,239.0,0.0,0.0,0.0,1.0,1.0
22618498.0,0.021550627425312996,4.572494983673096,0.0,13.710000038146973,0.012697413563728333,23.239103317260742,0.8880976602238047,0.0,0.0,0.0,8.773869346733669,0.8976863753213368,2148.433837890625,-7943822592.0,199.0,0.0,0.0,0.0,1.0,1.0
17987674.0,0.021746616810560226,4.656512260437012,0.0,12.770000457763672,0.01053015235811472,19.328588485717773,0.8857868020304569,0.0,0.0,0.0,8.116279069767442,0.8903061224489796,2447.695068359375,-7304759040.0,215.0,0.0,0.0,0.0,1.0,1.0
21738906.0,0.02149643376469612,4.547886848449707,0.0,14.220000267028809,0.011418266221880913,19.459577560424805,0.8912493677288822,0.0,0.0,0.0,8.85427135678392,0.898521162672106,2347.350341796875,-7531914240.0,199.0,0.0,0.0,0.0,1.0,1.0
14114449.0,0.021587960422039032,4.4975786209106445,0.0,12.420000076293945,0.013135407119989395,17.503007888793945,0.8783095723014257,0.0,0.0,0.0,7.340425531914893,0.8801020408163265,2401.24658203125,-8151639040.0,235.0,0.0,0.0,0.0,1.0,1.0
17747276.0,0.02150893397629261,4.327963829040527,0.0,14.5,0.014169352129101753,13.24643325805664,0.8561958184599694,0.0,0.0,0.0,6.1501831501831505,0.8601434426229508,2072.322021484375,-7127258880.0,273.0,0.0,0.0,0.0,1.0,1.0
20755496.0,0.022612355649471283,4.580767631530762,0.0,13.359999656677246,0.010314651764929295,13.406864166259766,0.8433487416538265,0.0,0.0,0.0,5.7212543554006965,0.8512182477967859,2137.029296875,-8481250304.0,287.0,0.0,0.0,0.0,1.0,1.0
22377608.0,0.021677972748875618,4.801131725311279,0.0,12.460000038146973,0.009767947718501091,20.176231384277344,0.8790035587188612,0.0,0.0,0.0,7.684444444444445,0.8848515864892528,2059.90087890625,-10233871872.0,225.0,0.0,0.0,0.0,1.0,1.0
21015726.0,0.02175820805132389,4.412860870361328,0.0,14.770000457763672,0.011821366846561432,11.996367454528809,0.8681262729124236,0.0,0.0,0.0,6.902834008097166,0.8734631147540983,2583.55078125,-7336659968.0,247.0,0.0,0.0,0.0,1.0,1.0
21848872.0,0.021441953256726265,4.648233413696289,0.0,14.34000015258789,0.011457650922238827,18.195175170898438,0.8496432212028542,0.0,0.0,0.0,5.849122807017544,0.8539959016393442,2584.64892578125,-9174595328.0,285.0,0.0,0.0,0.0,1.0,1.0
30206280.0,0.02133929915726185,4.5063090324401855,0.0,16.290000915527344,0.014265745878219604,31.797977447509766,0.8204081632653061,0.0,0.0,0.0,4.858006042296073,0.8292934502320783,2185.322998046875,-11800538112.0,331.0,0.0,0.0,0.0,1.0,1.0
17400880.0,0.02103162743151188,4.957048416137695,0.0,12.449999809265137,0.014404871501028538,18.318904876708984,0.890983188996434,0.0,0.0,0.0,8.658415841584159,0.8964633521271143,2108.215087890625,-6884252672.0,202.0,0.0,0.0,0.0,1.0,1.0
19367246.0,0.02125612646341324,4.478553295135498,0.0,13.979999542236328,0.012860857881605625,22.528175354003906,0.8636363636363636,0.0,0.0,0.0,6.764,0.871200412158681,2233.62646484375,-7071293696.0,250.0,0.0,0.0,0.0,1.0,1.0
33270522.0,0.022353213280439377,4.5938005447387695,0.0,15.279999732971191,0.01319857407361269,21.24009132385254,0.8575757575757575,0.0,0.0,0.0,6.658823529411765,0.869431643625192,2154.29345703125,-13817295360.0,255.0,0.0,0.0,0.0,1.0,1.0
24421942.0,0.02149963565170765,4.729085445404053,0.0,14.069999694824219,0.012512892484664917,11.535566329956055,0.8521916411824668,0.0,0.0,0.0,6.036101083032491,0.857875833760903,1992.7955322265625,-9683451904.0,277.0,0.0,0.0,0.0,1.0,1.0
15640946.0,0.021893464028835297,4.526128768920898,0.0,13.4399995803833,0.012702744454145432,13.285892486572266,0.8506625891946993,0.0,0.0,0.0,6.091240875912408,0.8589809572825527,2346.72314453125,-6483672576.0,274.0,0.0,0.0,0.0,1.0,1.0
23826332.0,0.021443858742713928,4.673542022705078,0.0,14.979999542236328,0.013602121733129025,17.22891616821289,0.8521341463414634,0.0,0.0,0.0,6.076086956521739,0.858678955453149,1967.954345703125,-8013171712.0,276.0,0.0,0.0,0.0,1.0,1.0
24857530.0,0.02175746113061905,4.861600875854492,0.0,16.59000015258789,0.015175084583461285,16.449012756347656,0.8296258847320526,0.0,0.0,0.0,5.064814814814815,0.8351145038167939,2544.51220703125,-10782157056.0,324.0,0.0,0.0,0.0,1.0,1.0
26722404.0,0.02166922576725483,4.522454261779785,0.0,13.569999694824219,0.010218126699328423,18.153650283813477,0.8833079654997463,0.0,0.0,0.0,7.949771689497717,0.888265306122449,2114.2099609375,-9163613696.0,219.0,0.0,0.0,0.0,1.0,1.0
22660346.0,0.021565541625022888,4.676614761352539,0.0,13.449999809265137,0.012758787721395493,16.3852481842041,0.8769620253164557,0.0,0.0,0.0,7.629955947136564,0.8841245533435427,2489.0361328125,-8681985792.0,227.0,0.0,0.0,0.0,1.0,1.0
28786072.0,0.02197941765189171,4.658163547515869,0.0,13.960000038146973,0.01449213083833456,19.724390029907227,0.8514548238897397,0.0,0.0,0.0,6.177777777777778,0.8606811145510835,2534.216552734375,-11409630208.0,270.0,0.0,0.0,0.0,1.0,1.0
19899458.0,0.021252097561955452,4.5638837814331055,0.0,12.279999732971191,0.012075264006853104,30.33146858215332,0.8809766022380467,0.0,0.0,0.0,7.5964912280701755,0.8836734693877552,2111.393798828125,-8075399424.0,228.0,0.0,0.0,0.0,1.0,1.0
18004126.0,0.022058017551898956,4.600086212158203,0.0,15.199999809265137,0.010787065140902996,10.544666290283203,0.8394495412844036,0.0,0.0,0.0,5.526845637583893,0.8467866323907455,2250.379638671875,-8948525056.0,298.0,0.0,0.0,0.0,1.0,1.0
21919650.0,0.021657178178429604,4.827966690063477,0.0,14.84000015258789,0.01257835328578949,23.89363670349121,0.8530612244897959,0.0,0.0,0.0,6.2388059701492535,0.8618556701030928,2147.8173828125,-9445286912.0,268.0,0.0,0.0,0.0,1.0,1.0
16937800.0,0.021491942927241325,4.4694437980651855,0.0,13.359999656677246,0.013411803171038628,17.292030334472656,0.8832153690596563,0.0,0.0,0.0,7.904977375565611,0.8877032520325203,2034.78759765625,-7281052160.0,221.0,0.0,0.0,0.0,1.0,1.0
21946066.0,0.021919332444667816,4.649534225463867,0.0,14.180000305175781,0.01381148211658001,18.871807098388672,0.875,0.0,0.0,0.0,7.619469026548672,0.8839835728952772,2799.078125,-7881325568.0,226.0,0.0,0.0,0.0,1.0,1.0
24130356.0,0.021255964413285255,4.695552349090576,0.0,13.84000015258789,0.01289027277380228,34.644351959228516,0.8583756345177666,0.0,0.0,0.0,6.333333333333333,0.8636363636363636,2387.206298828125,-9539921152.0,267.0,0.0,0.0,0.0,1.0,1.0
24647132.0,0.0213299710303545,4.530157566070557,0.0,15.180000305175781,0.01071181334555149,16.14024543762207,0.834186284544524,0.0,0.0,0.0,5.174603174603175,0.8380462724935732,2005.2979736328125,-12429015040.0,315.0,0.0,0.0,0.0,1.0,1.0
14585518.0,0.02121296338737011,4.587018966674805,0.0,11.520000457763672,0.01470458135008812,25.729230880737305,0.9018311291963378,0.0,0.0,0.0,10.429411764705883,0.912506433350489,2381.9443359375,-5918539520.0,170.0,0.0,0.0,0.0,1.0,1.0
15377277.0,0.021688634529709816,4.69659423828125,0.0,13.649999618530273,0.012150234542787075,13.75477409362793,0.8720040795512494,0.0,0.0,0.0,6.979591836734694,0.8746803069053708,2534.89501953125,-6983583744.0,245.0,0.0,0.0,0.0,1.0,1.0
17309002.0,0.02190111204981804,4.574438571929932,0.0,14.170000076293945,0.01486259512603283,16.638839721679688,0.8783578307146478,0.0,0.0,0.0,7.634361233480176,0.8841836734693878,2030.7703857421875,-6209169920.0,227.0,0.0,0.0,0.0,1.0,1.0
25094592.0,0.02161228470504284,4.429749011993408,0.0,15.270000457763672,0.01373292412608862,13.342123031616211,0.8527171152869477,0.0,0.0,0.0,6.1501831501831505,0.8601434426229508,2480.777587890625,-9324575232.0,273.0,0.0,0.0,0.0,1.0,1.0
19857288.0,0.020621897652745247,4.620108127593994,0.0,13.65999984741211,0.016389047726988792,16.51276397705078,0.8705701078582434,0.0,0.0,0.0,6.890243902439025,0.8732612055641422,2212.13525390625,-8942714624.0,246.0,0.0,0.0,0.0,1.0,1.0
17375544.0,0.021704554557800293,4.596412181854248,0.0,11.949999809265137,0.012233980931341648,26.523439407348633,0.8714285714285714,0.0,0.0,0.0,7.146443514644352,0.8772470467385721,2431.15673828125,-6997074944.0,239.0,0.0,0.0,0.0,1.0,1.0
19913518.0,0.021419884636998177,4.640583038330078,0.0,13.380000114440918,0.014112325385212898,19.774906158447266,0.8665644171779141,0.0,0.0,0.0,7.0041322314049586,0.8750645327826536,2319.035400390625,-7271426560.0,242.0,0.0,0.0,0.0,1.0,1.0
16388965.0,0.02095045894384384,4.574986934661865,0.0,13.449999809265137,0.011172297410666943,18.108652114868164,0.880506329113924,0.0,0.0,0.0,8.126168224299066,0.8904249871991807,2254.186767578125,-6569815552.0,214.0,0.0,0.0,0.0,1.0,1.0
23625082.0,0.021451985463500023,4.672595024108887,0.0,13.979999542236328,0.013502850197255611,20.676790237426758,0.8655504819888381,0.0,0.0,0.0,6.716535433070866,0.8704081632653061,2006.60205078125,-9517324800.0,254.0,0.0,0.0,0.0,1.0,1.0
23451596.0,0.020982420071959496,4.744389057159424,0.0,13.199999809265137,0.013738852925598621,24.63499641418457,0.8936708860759494,0.0,0.0,0.0,8.781094527363184,0.897761953204476,2462.69970703125,-8350950400.0,201.0,0.0,0.0,0.0,1.0,1.0
29370650.0,0.02137608453631401,4.620298385620117,0.0,15.640000343322754,0.014733816497027874,22.557100296020508,0.8361153262518968,0.0,0.0,0.0,5.565656565656566,0.8476923076923077,2053.6904296875,-11143313920.0,297.0,0.0,0.0,0.0,1.0,1.0
23233580.0,0.02131717838346958,4.844745635986328,0.0,11.75,0.014317621476948261,18.268238067626953,0.8888888888888888,0.0,0.0,0.0,8.344497607655502,0.8929851510496671,2625.3994140625,-9596619776.0,209.0,0.0,0.0,0.0,1.0,1.0
17688318.0,0.021911440417170525,4.423033237457275,0.0,13.850000381469727,0.013240375556051731,14.131592750549316,0.8415942769545223,0.0,0.0,0.0,5.640410958904109,0.849406910778752,2349.7451171875,-8117925888.0,292.0,0.0,0.0,0.0,1.0,1.0
22861086.0,0.021668190136551857,4.680372714996338,0.0,14.460000038146973,0.011983991600573063,16.682191848754883,0.8543147208121827,0.0,0.0,0.0,6.448275862068965,0.8657407407407407,2101.768798828125,-7851353856.0,261.0,0.0,0.0,0.0,1.0,1.0
24230226.0,0.021457623690366745,4.408608436584473,0.0,13.489999771118164,0.013133705593645573,14.848301887512207,0.8916455696202532,0.0,0.0,0.0,8.761194029850746,0.8975535168195719,2178.578857421875,-8372496640.0,201.0,0.0,0.0,0.0,1.0,1.0
28401206.0,0.021605003625154495,4.868442535400391,0.0,13.600000381469727,0.011172741651535034,16.56479263305664,0.8609979633401222,0.0,0.0,0.0,6.60546875,0.8685156651258347,1988.5716552734375,-10165487104.0,256.0,0.0,0.0,0.0,1.0,1.0
19014854.0,0.021387577056884766,4.787334442138672,0.0,13.979999542236328,0.012087041512131691,14.740859985351562,0.8569238630556975,0.0,0.0,0.0,6.425287356321839,0.8653250773993808,2019.8604736328125,-8183278080.0,261.0,0.0,0.0,0.0,1.0,1.0
24555974.0,0.02142765000462532,4.615121364593506,0.0,15.1899995803833,0.013805452734231949,12.59575366973877,0.8188295165394402,0.0,0.0,0.0,4.920489296636085,0.831095041322314,2528.016845703125,-7946922752.0,327.0,0.0,0.0,0.0,1.0,1.0
30104834.0,0.021524513140320778,4.778796195983887,0.0,14.399999618530273,0.014996771700680256,21.576072692871094,0.8466257668711656,0.0,0.0,0.0,5.75,0.8518518518518519,2173.725341796875,-11062414592.0,288.0,0.0,0.0,0.0,1.0,1.0
24957740.0,0.021680923178792,4.389596462249756,0.0,13.6899995803833,0.013374760746955872,10.3607177734375,0.8756976154236428,0.0,0.0,0.0,7.313559322033898,0.8797145769622834,2211.81396484375,-9789435904.0,236.0,0.0,0.0,0.0,1.0,1.0
18781832.0,0.021534960716962814,4.653852462768555,0.0,12.579999923706055,0.01072293147444725,14.80191707611084,0.9019211324570273,0.0,0.0,0.0,9.43915343915344,0.9042067916877851,2198.5693359375,-11713044480.0,189.0,0.0,0.0,0.0,1.0,1.0
26787522.0,0.02152053266763687,4.513644218444824,0.0,14.180000305175781,0.012098529376089573,12.512214660644531,0.8664974619289341,0.0,0.0,0.0,6.883064516129032,0.8731457800511508,2219.682861328125,-10073961216.0,248.0,0.0,0.0,0.0,1.0,1.0
24415654.0,0.021436605602502823,4.703964710235596,0.0,14.180000305175781,0.012611793354153633,28.755733489990234,0.8689024390243902,0.0,0.0,0.0,7.037037037037037,0.8755760368663594,2244.138916015625,-9186861824.0,243.0,0.0,0.0,0.0,1.0,1.0
23513764.0,0.02153073064982891,4.5750532150268555,0.0,12.25,0.013255266472697258,18.833906173706055,0.866734486266531,0.0,0.0,0.0,6.926829268292683,0.8738461538461538,2293.9189453125,-8992255488.0,246.0,0.0,0.0,0.0,1.0,1.0
15663283.0,0.02149830013513565,4.624330043792725,0.0,12.579999923706055,0.013500315137207508,11.771056175231934,0.8730886850152905,0.0,0.0,0.0,7.078512396694215,0.8762148337595907,2335.452880859375,-7067362816.0,242.0,0.0,0.0,0.0,1.0,1.0
21792080.0,0.021320857107639313,4.7696452140808105,0.0,11.279999732971191,0.0152324503287673,19.227909088134766,0.9010152284263959,0.0,0.0,0.0,9.86111111111111,0.907928388746803,2653.2802734375,-7535230208.0,180.0,0.0,0.0,0.0,1.0,1.0
17484118.0,0.02147391252219677,4.737276077270508,0.0,12.619999885559082,0.01313876360654831,21.382736206054688,0.8708524757529351,0.0,0.0,0.0,7.449781659388647,0.8816537467700258,2360.91748046875,-8336738048.0,229.0,0.0,0.0,0.0,1.0,1.0
27041196.0,0.021480867639183998,4.859537124633789,0.0,13.069999694824219,0.015230529941618443,16.360000610351562,0.8530612244897959,0.0,0.0,0.0,6.2388059701492535,0.8618556701030928,2029.3326416015625,-10804418560.0,268.0,0.0,0.0,0.0,1.0,1.0
21690786.0,0.02152997814118862,4.6404805183410645,0.0,13.069999694824219,0.012332565151154995,26.614013671875,0.8734047983665135,0.0,0.0,0.0,7.343347639484978,0.8801440329218106,2687.933837890625,-7964928768.0,233.0,0.0,0.0,0.0,1.0,1.0
21672986.0,0.021042220294475555,4.572934150695801,0.0,13.470000267028809,0.012501210905611515,17.000465393066406,0.9048817312531454,0.0,0.0,0.0,10.333333333333334,0.9117647058823529,2143.318115234375,-7683522816.0,174.0,0.0,0.0,0.0,1.0,1.0
21197040.0,0.021771416068077087,4.6168341636657715,0.0,14.4399995803833,0.011140834540128708,14.646209716796875,0.8575089697590978,0.0,0.0,0.0,6.484496124031008,0.8663904712584153,2311.89111328125,-8025693184.0,258.0,0.0,0.0,0.0,1.0,1.0
16878056.0,0.021226441487669945,4.343696117401123,0.0,12.239999771118164,0.01668624021112919,14.792826652526855,0.8782475802343352,0.0,0.0,0.0,7.367521367521367,0.8804902962206334,2721.999267578125,-7908678144.0,234.0,0.0,0.0,0.0,1.0,1.0
23208018.0,0.021104656159877777,4.575277805328369,0.0,13.880000114440918,0.0103143360465765,14.558953285217285,0.8654042988741044,0.0,0.0,0.0,6.846153846153846,0.8725490196078431,2276.43310546875,-8381820928.0,247.0,0.0,0.0,0.0,1.0,1.0
12187777.0,0.021421784535050392,4.6611409187316895,0.0,10.949999809265137,0.012560009956359863,21.508087158203125,0.891492613346918,0.0,0.0,0.0,8.495145631067961,0.8946830265848671,2202.676025390625,-9833447424.0,206.0,0.0,0.0,0.0,1.0,1.0
17673160.0,0.02137119323015213,4.513567924499512,0.0,12.789999961853027,0.01630794256925583,15.50278377532959,0.8772819472616633,0.0,0.0,0.0,7.654867256637168,0.8844580777096115,2513.3212890625,-6967296768.0,226.0,0.0,0.0,0.0,1.0,1.0
17760776.0,0.020983247086405754,4.604227066040039,0.0,13.1899995803833,0.01431185007095337,16.812118530273438,0.8836973082783138,0.0,0.0,0.0,8.365384615384615,0.893223819301848,2040.9342041015625,-6849709568.0,208.0,0.0,0.0,0.0,1.0,1.0
21180748.0,0.0210634283721447,4.698626518249512,0.0,14.600000381469727,0.010304179042577744,15.781336784362793,0.8599083036169128,0.0,0.0,0.0,6.442748091603053,0.8656410256410256,2237.149169921875,-7703893760.0,262.0,0.0,0.0,0.0,1.0,1.0
21633086.0,0.021794863045215607,4.513915061950684,0.0,15.119999885559082,0.015385995618999004,21.66429328918457,0.8736681887366818,0.0,0.0,0.0,7.422413793103448,0.8812691914022518,2676.8056640625,-8779758336.0,232.0,0.0,0.0,0.0,1.0,1.0
23870244.0,0.02125154249370098,4.650907516479492,0.0,13.0600004196167,0.013570363633334637,16.551856994628906,0.8685279187817259,0.0,0.0,0.0,7.158995815899582,0.8774358974358974,2251.16357421875,-12129639424.0,239.0,0.0,0.0,0.0,1.0,1.0
19508078.0,0.021589523181319237,4.82105827331543,0.0,13.15999984741211,0.01181965321302414,13.924598693847656,0.8635437881873728,0.0,0.0,0.0,6.523076923076923,0.8670756646216768,2666.60400390625,-8112965632.0,260.0,0.0,0.0,0.0,1.0,1.0
23805914.0,0.021580824628472328,4.8259663581848145,0.0,16.670000076293945,0.014634002931416035,16.28211212158203,0.8546188793538617,0.0,0.0,0.0,6.317164179104478,0.8633350331463538,2416.7998046875,-7871732736.0,268.0,0.0,0.0,0.0,1.0,1.0
20882682.0,0.02164694480597973,4.507528305053711,0.0,14.069999694824219,0.011548735201358795,14.703351974487305,0.8598984771573605,0.0,0.0,0.0,6.297397769516729,0.8629648497198166,2198.72265625,-8218643968.0,269.0,0.0,0.0,0.0,1.0,1.0
22630202.0,0.021512549370527267,4.714829921722412,0.0,13.739999771118164,0.013292109593749046,17.8365535736084,0.8607853136155023,0.0,0.0,0.0,6.393939393939394,0.8647540983606558,2217.955810546875,-8670991360.0,264.0,0.0,0.0,0.0,1.0,1.0
23000808.0,0.020974479615688324,4.683354377746582,0.0,12.109999656677246,0.011314545758068562,14.055486679077148,0.8866293848500254,0.0,0.0,0.0,8.149532710280374,0.8907048008171604,2687.41748046875,-10127832576.0,214.0,0.0,0.0,0.0,1.0,1.0
17217136.0,0.021484466269612312,4.554560661315918,0.0,13.180000305175781,0.012955797836184502,15.58860969543457,0.8747464503042597,0.0,0.0,0.0,7.435344827586207,0.8814512008175779,2302.258056640625,-6166454784.0,232.0,0.0,0.0,0.0,1.0,1.0
17720186.0,0.021377820521593094,4.823505401611328,0.0,11.84000015258789,0.0118222301825881,22.3610897064209,0.8812436289500509,0.0,0.0,0.0,7.859090909090909,0.8871216008209338,2495.291259765625,-7438493696.0,220.0,0.0,0.0,0.0,1.0,1.0
16723228.0,0.021376559510827065,4.604593276977539,0.0,11.289999961853027,0.013538893312215805,14.164979934692383,0.8569964120963608,0.0,0.0,0.0,6.430769230769231,0.865424430641822,2375.46630859375,-7614524416.0,260.0,0.0,0.0,0.0,1.0,1.0
17040748.0,0.02187679521739483,4.474494934082031,0.0,15.199999809265137,0.013823043555021286,15.38578987121582,0.8538071065989847,0.0,0.0,0.0,6.1611721611721615,0.8603580562659846,1891.1085205078125,-6396934656.0,273.0,0.0,0.0,0.0,1.0,1.0
17986300.0,0.021188873797655106,4.733415603637695,0.0,13.800000190734863,0.01332743838429451,11.936824798583984,0.8866970156803238,0.0,0.0,0.0,8.078341013824884,0.8898477157360406,2406.015380859375,-6838436096.0,217.0,0.0,0.0,0.0,1.0,1.0
26236652.0,0.021637285128235817,4.4500908851623535,0.0,15.609999656677246,0.014130749739706516,21.453554153442383,0.8389227642276422,0.0,0.0,0.0,5.596610169491526,0.8484069886947585,2642.3037109375,-10124448256.0,295.0,0.0,0.0,0.0,1.0,1.0
23734206.0,0.021510710939764977,4.706945419311523,0.0,14.609999656677246,0.014056588523089886,14.924251556396484,0.8665318503538928,0.0,0.0,0.0,7.053497942386831,0.8758303525804804,2681.554443359375,-8361139200.0,243.0,0.0,0.0,0.0,1.0,1.0
25422474.0,0.021510394290089607,4.617841720581055,0.0,14.539999961853027,0.012152868323028088,14.361722946166992,0.8423194303153612,0.0,0.0,0.0,5.79020979020979,0.8527291452111225,2120.8798828125,-8834166272.0,286.0,0.0,0.0,0.0,1.0,1.0
26697308.0,0.021006474271416664,4.666200637817383,0.0,13.739999771118164,0.012108685448765755,15.981081008911133,0.8564862104187947,0.0,0.0,0.0,6.3283018867924525,0.8635427394438723,2134.08251953125,-11057699584.0,265.0,0.0,0.0,0.0,1.0,1.0
21471002.0,0.021287815645337105,4.61238956451416,0.0,14.210000038146973,0.011597895063459873,15.771846771240234,0.8551020408163266,0.0,0.0,0.0,6.421455938697318,0.8652555498193082,2345.021728515625,-8032230912.0,261.0,0.0,0.0,0.0,1.0,1.0
21211444.0,0.02174168825149536,4.812411785125732,0.0,13.420000076293945,0.013110906817018986,12.594542503356934,0.8691019786910198,0.0,0.0,0.0,6.824701195219124,0.8721995926680245,2188.57080078125,-7593069312.0,251.0,0.0,0.0,0.0,1.0,1.0
26256660.0,0.02148156613111496,4.60633659362793,0.0,15.550000190734863,0.01087937131524086,20.332197189331055,0.8367346938775511,0.0,0.0,0.0,5.578231292517007,0.8479834539813857,2538.067138671875,-10256306432.0,294.0,0.0,0.0,0.0,1.0,1.0
20663020.0,0.021161166951060295,4.5588507652282715,0.0,13.380000114440918,0.012545878998935223,18.955032348632812,0.8527013251783894,0.0,0.0,0.0,6.083636363636364,0.858829568788501,2186.37841796875,-12473414656.0,275.0,0.0,0.0,0.0,1.0,1.0
19967686.0,0.02148982509970665,4.3716816902160645,0.0,13.40999984741211,0.012503605335950851,13.919514656066895,0.8960973137354283,0.0,0.0,0.0,8.84,0.8983739837398373,2741.584228515625,-7375818496.0,200.0,0.0,0.0,0.0,1.0,1.0
23820440.0,0.02165624313056469,4.8329176902771,0.0,14.970000267028809,0.013049965724349022,21.56582260131836,0.8809523809523809,0.0,0.0,0.0,7.763392857142857,0.8858889454915945,2382.490478515625,-9108864000.0,224.0,0.0,0.0,0.0,1.0,1.0
19791390.0,0.021377671509981155,4.958096504211426,0.0,14.119999885559082,0.012813781388103962,15.130083084106445,0.8394683026584867,0.0,0.0,0.0,5.401315789473684,0.8437821171634121,2053.5654296875,-7774270464.0,304.0,0.0,0.0,0.0,1.0,1.0
25217902.0,0.021436166018247604,4.980696201324463,0.0,13.630000114440918,0.012055234983563423,12.812417030334473,0.8576494427558258,0.0,0.0,0.0,6.461832061068702,0.8659846547314578,2133.836669921875,-8806366464.0,262.0,0.0,0.0,0.0,1.0,1.0
24534418.0,0.021283671259880066,4.518538475036621,0.0,14.539999961853027,0.01089790090918541,13.267107963562012,0.8522842639593908,0.0,0.0,0.0,6.127737226277373,0.8597030209933436,2245.676025390625,-8545971200.0,274.0,0.0,0.0,0.0,1.0,1.0
20802992.0,0.02143416926264763,4.444538593292236,0.0,14.170000076293945,0.013799824751913548,14.92497730255127,0.8569238630556975,0.0,0.0,0.0,6.3283018867924525,0.8635427394438723,2400.57763671875,-8504034304.0,265.0,0.0,0.0,0.0,1.0,1.0
23596032.0,0.021254345774650574,4.679098129272461,0.0,14.670000076293945,0.011867372319102287,16.32256317138672,0.8625063419583967,0.0,0.0,0.0,6.488549618320611,0.8664627930682977,2066.692138671875,-9108159744.0,262.0,0.0,0.0,0.0,1.0,1.0
22124442.0,0.021265631541609764,4.49528169631958,0.0,13.960000038146973,0.012306513264775276,19.005535125732422,0.8900152052711606,0.0,0.0,0.0,8.650246305418719,0.8963757018887187,2117.772216796875,-8268101888.0,203.0,0.0,0.0,0.0,1.0,1.0
17791892.0,0.02127825655043125,4.853402614593506,0.0,14.09000015258789,0.011995198205113411,11.902959823608398,0.8658227848101265,0.0,0.0,0.0,7.008196721311475,0.8751279426816786,2255.768310546875,-6791137536.0,244.0,0.0,0.0,0.0,1.0,1.0
24833224.0,0.021349262446165085,4.669580936431885,0.0,14.079999923706055,0.014274665154516697,12.76748275756836,0.8674145843957165,0.0,0.0,0.0,6.942857142857143,0.8741007194244604,2522.54638671875,-8995315712.0,245.0,0.0,0.0,0.0,1.0,1.0
21719494.0,0.02132866531610489,4.607850074768066,0.0,12.710000038146973,0.011503391899168491,15.315258026123047,0.8463114754098361,0.0,0.0,0.0,5.676975945017182,0.8502316006176016,2196.6591796875,-8867165696.0,291.0,0.0,0.0,0.0,1.0,1.0
24503576.0,0.02172251045703888,4.5594072341918945,0.0,13.0,0.011577381752431393,31.15462875366211,0.8720693170234455,0.0,0.0,0.0,7.375,0.8805970149253731,2300.412109375,-9929602304.0,232.0,0.0,0.0,0.0,1.0,1.0
14252182.0,0.02098296396434307,4.684927940368652,0.0,14.289999961853027,0.011451256461441517,19.14613914489746,0.898433552299141,0.0,0.0,0.0,9.610810810810811,0.9057564951604686,2210.13232421875,-5233840640.0,185.0,0.0,0.0,0.0,1.0,1.0
19840310.0,0.021107591688632965,4.593350410461426,0.0,12.420000076293945,0.0119582898914814,13.174700736999512,0.877602844083291,0.0,0.0,0.0,7.748878923766816,0.8856996412096361,2104.071533203125,-7171768576.0,223.0,0.0,0.0,0.0,1.0,1.0
19046328.0,0.021432533860206604,4.763730525970459,0.0,13.5600004196167,0.014461323618888855,15.951900482177734,0.8699186991869918,0.0,0.0,0.0,7.074380165289257,0.8761514841351075,2338.53369140625,-7179360000.0,242.0,0.0,0.0,0.0,1.0,1.0
23535058.0,0.02141551673412323,4.775846481323242,0.0,13.140000343322754,0.01104771438986063,14.726815223693848,0.8651685393258427,0.0,0.0,0.0,6.830645161290323,0.8722966014418125,2481.0,-9458407936.0,248.0,0.0,0.0,0.0,1.0,1.0
19189080.0,0.021380091086030006,4.873546600341797,0.0,15.34000015258789,0.01271554920822382,15.786961555480957,0.8418367346938775,0.0,0.0,0.0,5.5,0.8461538461538461,2365.82421875,-7558423296.0,300.0,0.0,0.0,0.0,1.0,1.0
16542628.0,0.021424120292067528,4.641934394836426,0.0,11.720000267028809,0.012452895753085613,16.17597770690918,0.8813645621181263,0.0,0.0,0.0,7.727678571428571,0.8854219948849105,2258.753173828125,-9058915072.0,224.0,0.0,0.0,0.0,1.0,1.0
19307722.0,0.02166927419602871,4.737034797668457,0.0,13.319999694824219,0.011420341208577156,18.503986358642578,0.8729674796747967,0.0,0.0,0.0,7.099173553719008,0.8765306122448979,2755.387451171875,-10785437696.0,242.0,0.0,0.0,0.0,1.0,1.0
21629814.0,0.021589191630482674,4.642630100250244,0.0,13.449999809265137,0.013897554948925972,13.38036060333252,0.8767820773930753,0.0,0.0,0.0,7.552631578947368,0.8830769230769231,2176.27783203125,-8647336192.0,228.0,0.0,0.0,0.0,1.0,1.0
20171266.0,0.02160578779876232,4.868085861206055,0.0,12.869999885559082,0.011990268714725971,24.4237060546875,0.8971631205673759,0.0,0.0,0.0,9.272251308900524,0.9026503567787971,2196.186767578125,-7953375744.0,191.0,0.0,0.0,0.0,1.0,1.0
21789912.0,0.02125013805925846,4.753942966461182,0.0,13.270000457763672,0.01106089074164629,14.070208549499512,0.8652770716827657,0.0,0.0,0.0,6.890688259109312,0.8732683427398666,2066.983642578125,-8841670400.0,247.0,0.0,0.0,0.0,1.0,1.0
17100684.0,0.02142472006380558,4.640960216522217,0.0,13.4399995803833,0.012736465781927109,12.456574440002441,0.8726342710997442,0.0,0.0,0.0,7.482456140350878,0.8821096173733195,2272.76611328125,-7122592256.0,228.0,0.0,0.0,0.0,1.0,1.0
17964946.0,0.021106107160449028,4.5626420974731445,0.0,15.180000305175781,0.013839895837008953,11.384259223937988,0.8651115618661258,0.0,0.0,0.0,6.934959349593496,0.8739754098360656,2015.315673828125,-6522707200.0,246.0,0.0,0.0,0.0,1.0,1.0
29530532.0,0.021055065095424652,4.616082668304443,0.0,15.210000038146973,0.012662828899919987,16.114011764526367,0.8515505846466701,0.0,0.0,0.0,6.046931407942238,0.858094262295082,2353.48095703125,-9939260416.0,277.0,0.0,0.0,0.0,1.0,1.0
22029996.0,0.021955078467726707,4.7584614753723145,0.0,12.6899995803833,0.012950792908668518,19.340898513793945,0.8462327011788826,0.0,0.0,0.0,5.732638888888889,0.85146982980918,2540.507080078125,-9294895872.0,288.0,0.0,0.0,0.0,1.0,1.0
22532134.0,0.02203904651105404,4.591404914855957,0.0,12.140000343322754,0.015707332640886307,19.47810935974121,0.8583844580777096,0.0,0.0,0.0,6.264925373134329,0.8623523369286081,2121.20556640625,-9223751936.0,268.0,0.0,0.0,0.0,1.0,1.0
20656582.0,0.021970560774207115,4.488144874572754,0.0,12.069999694824219,0.012206648476421833,13.171144485473633,0.8732754215636178,0.0,0.0,0.0,7.595555555555555,0.8836608066184074,2680.744140625,-7844357632.0,225.0,0.0,0.0,0.0,1.0,1.0
24137624.0,0.021802598610520363,4.666996955871582,0.0,16.09000015258789,0.012006289325654507,11.42182445526123,0.8451776649746193,0.0,0.0,0.0,5.7612456747404845,0.8520982599795291,2072.178955078125,-8941717504.0,289.0,0.0,0.0,0.0,1.0,1.0
20668592.0,0.02154175192117691,4.497936248779297,0.0,14.720000267028809,0.01175177376717329,16.70499038696289,0.8649060436769934,0.0,0.0,0.0,6.894736842105263,0.8733333333333333,2444.865966796875,-8272654848.0,247.0,0.0,0.0,0.0,1.0,1.0
17649440.0,0.021530872210860252,4.48864221572876,0.0,11.800000190734863,0.013583431951701641,17.498756408691406,0.8733401430030644,0.0,0.0,0.0,7.154811715481172,0.8773730118009235,2387.33837890625,-9485556224.0,239.0,0.0,0.0,0.0,1.0,1.0
22543964.0,0.02192549780011177,4.633560657501221,0.0,14.34000015258789,0.01220195833593607,11.18851375579834,0.8323936442849821,0.0,0.0,0.0,5.2387096774193544,0.8397104446742503,2525.0556640625,-8751928832.0,310.0,0.0,0.0,0.0,1.0,1.0
24528934.0,0.021586675196886063,4.585920333862305,0.0,13.5600004196167,0.014201940968632698,19.715845108032227,0.8879878357830715,0.0,0.0,0.0,8.186915887850468,0.8911495422177009,2544.2763671875,-9283938048.0,214.0,0.0,0.0,0.0,1.0,1.0
18856112.0,0.02155410684645176,4.632562637329102,0.0,12.460000038146973,0.016229694709181786,12.684539794921875,0.8561224489795919,0.0,0.0,0.0,6.101818181818182,0.8591909882232462,2099.51416015625,-7676903424.0,275.0,0.0,0.0,0.0,1.0,1.0
24040034.0,0.021538740023970604,4.71843147277832,0.0,14.079999923706055,0.011574212461709976,14.32015323638916,0.8605720122574055,0.0,0.0,0.0,6.686507936507937,0.8699019101703666,1959.8497314453125,-9314659584.0,252.0,0.0,0.0,0.0,1.0,1.0
21227312.0,0.020959584042429924,4.660898208618164,0.0,14.479999542236328,0.014758840203285217,16.559024810791016,0.89209726443769,0.0,0.0,0.0,8.849246231155778,0.898469387755102,2297.961669921875,-7608384512.0,199.0,0.0,0.0,0.0,1.0,1.0
20338804.0,0.021435599774122238,4.479296684265137,0.0,13.600000381469727,0.013853652402758598,18.468116760253906,0.8745556119857796,0.0,0.0,0.0,7.454545454545454,0.8817204301075269,2360.782470703125,-7905318656.0,231.0,0.0,0.0,0.0,1.0,1.0
22820506.0,0.021618230268359184,4.731228351593018,0.0,14.600000381469727,0.014452136121690273,16.004383087158203,0.8439897698209718,0.0,0.0,0.0,5.956678700361011,0.8562532433834976,2345.705078125,-9344889856.0,277.0,0.0,0.0,0.0,1.0,1.0
19305030.0,0.02142741158604622,4.649423122406006,0.0,13.59000015258789,0.01232961192727089,18.321840286254883,0.8528665651953323,0.0,0.0,0.0,6.090579710144928,0.8589678078691876,2100.97607421875,-7746036736.0,276.0,0.0,0.0,0.0,1.0,1.0
22490964.0,0.02095523662865162,4.956414699554443,0.0,13.460000038146973,0.014085143804550171,19.11725616455078,0.8471010774756286,0.0,0.0,0.0,6.092250922509225,0.8590010405827263,2105.3076171875,-9647348224.0,271.0,0.0,0.0,0.0,1.0,1.0
20543144.0,0.021580159664154053,4.662388324737549,0.0,14.0600004196167,0.013645426370203495,20.140422821044922,0.8399795501022495,0.0,0.0,0.0,5.476666666666667,0.8455995882655687,2223.41015625,-8119249920.0,300.0,0.0,0.0,0.0,1.0,1.0
23723474.0,0.021620240062475204,4.75355339050293,0.0,15.380000114440918,0.01274585910141468,28.51401710510254,0.85612968591692,0.0,0.0,0.0,6.1678832116788325,0.860488798370672,2108.901611328125,-8951841536.0,274.0,0.0,0.0,0.0,1.0,1.0
21410384.0,0.021372608840465546,4.699965953826904,0.0,13.930000305175781,0.013086323626339436,18.02898406982422,0.8466632705043301,0.0,0.0,0.0,5.731034482758621,0.8514344262295082,2319.478271484375,-8460207104.0,290.0,0.0,0.0,0.0,1.0,1.0
18214490.0,0.021569203585386276,4.674925327301025,0.0,13.8100004196167,0.013650528155267239,20.8702335357666,0.8784333672431333,0.0,0.0,0.0,7.574561403508772,0.8833759590792839,2354.902587890625,-7035880960.0,228.0,0.0,0.0,0.0,1.0,1.0
32073792.0,0.021842291578650475,4.595278739929199,0.0,17.229999542236328,0.012336794286966324,14.60734748840332,0.8413098236775819,0.0,0.0,0.0,5.778546712802768,0.852475752935171,2466.004638671875,-11319493888.0,289.0,0.0,0.0,0.0,1.0,1.0
25056972.0,0.021193677559494972,4.583524227142334,0.0,13.25,0.011507540941238403,18.009605407714844,0.8727087576374746,0.0,0.0,0.0,7.141666666666667,0.8771750255885363,2253.44677734375,-8605572864.0,240.0,0.0,0.0,0.0,1.0,1.0
26471238.0,0.02197195030748844,4.7174973487854,0.0,15.430000305175781,0.012977629899978638,14.938668251037598,0.8472856418061897,0.0,0.0,0.0,5.839160839160839,0.8537832310838446,2249.123046875,-11715901696.0,286.0,0.0,0.0,0.0,1.0,1.0
17817288.0,0.021650303155183792,4.481585502624512,0.0,13.920000076293945,0.013957689516246319,14.387073516845703,0.8746841839312784,0.0,0.0,0.0,7.365957446808511,0.8804679552390641,2283.0859375,-6693643776.0,235.0,0.0,0.0,0.0,1.0,1.0
16942202.0,0.02120494283735752,4.37571907043457,0.0,12.630000114440918,0.011357767507433891,19.27909278869629,0.8855975485188968,0.0,0.0,0.0,8.458536585365854,0.8942753996905621,2335.639892578125,-6050071808.0,205.0,0.0,0.0,0.0,1.0,1.0
20248588.0,0.02155650407075882,4.804381847381592,0.0,13.430000305175781,0.01252760924398899,21.228979110717773,0.8629648497198166,0.0,0.0,0.0,6.97119341563786,0.8745482705214249,2111.554443359375,-7651626752.0,243.0,0.0,0.0,0.0,1.0,1.0
26311340.0,0.021621812134981155,4.579135894775391,0.0,15.239999771118164,0.01386427041143179,12.457588195800781,0.8649468892261002,0.0,0.0,0.0,7.066115702479339,0.8760245901639344,2604.117919921875,-11415513856.0,242.0,0.0,0.0,0.0,1.0,1.0
19374224.0,0.021774502471089363,4.667659282684326,0.0,13.8100004196167,0.012029476463794708,21.56535530090332,0.8599083036169128,0.0,0.0,0.0,6.345864661654136,0.8638689866939611,2217.382080078125,-8045412864.0,266.0,0.0,0.0,0.0,1.0,1.0
22578856.0,0.021379387006163597,4.8260321617126465,0.0,12.399999618530273,0.01028352789580822,17.19645118713379,0.8787417554540842,0.0,0.0,0.0,7.663716814159292,0.8845760980592441,2140.690185546875,-9247485952.0,226.0,0.0,0.0,0.0,1.0,1.0
22507206.0,0.021001609042286873,4.691383361816406,0.0,14.949999809265137,0.012784834951162338,10.66897964477539,0.8467041389882474,0.0,0.0,0.0,5.855123674911661,0.8541237113402061,2221.50244140625,-8513155072.0,283.0,0.0,0.0,0.0,1.0,1.0
24019042.0,0.021447980776429176,4.72088098526001,0.0,14.4399995803833,0.01003984920680523,13.458773612976074,0.8488549618320611,0.0,0.0,0.0,5.914893617021277,0.8553846153846154,1994.65576171875,-8470491392.0,282.0,0.0,0.0,0.0,1.0,1.0
24577890.0,0.02128741703927517,4.5357184410095215,0.0,14.90999984741211,0.014002498239278793,20.858091354370117,0.8591836734693877,0.0,0.0,0.0,6.403041825095057,0.8649203903441192,2758.30615234375,-9214809600.0,263.0,0.0,0.0,0.0,1.0,1.0
21927422.0,0.021294914186000824,4.504319667816162,0.0,12.899999618530273,0.011451617814600468,12.465171813964844,0.8539094650205762,0.0,0.0,0.0,6.264150943396227,0.8623376623376623,2314.8994140625,-8939636992.0,265.0,0.0,0.0,0.0,1.0,1.0
17563358.0,0.021204542368650436,4.656856536865234,0.0,14.300000190734863,0.01226106472313404,19.723705291748047,0.8823232323232323,0.0,0.0,0.0,8.125581395348837,0.8904179408766565,2533.876708984375,-7470999808.0,215.0,0.0,0.0,0.0,1.0,1.0
19379558.0,0.021572668105363846,4.94473934173584,0.0,13.289999961853027,0.010086879134178162,21.535188674926758,0.8720812182741117,0.0,0.0,0.0,7.188284518828452,0.8778742973939704,2487.09814453125,-7536598272.0,239.0,0.0,0.0,0.0,1.0,1.0
33608832.0,0.021266596391797066,4.650394439697266,0.0,16.079999923706055,0.010496011935174465,16.44540023803711,0.8451349974528782,0.0,0.0,0.0,5.662116040955631,0.8498975409836066,2257.021728515625,-11741958656.0,293.0,0.0,0.0,0.0,1.0,1.0
20760296.0,0.021080465987324715,4.635556697845459,0.0,14.449999809265137,0.011569827795028687,18.9614200592041,0.8472931562819204,0.0,0.0,0.0,5.903914590747331,0.8551546391752577,2563.097900390625,-8791027968.0,281.0,0.0,0.0,0.0,1.0,1.0
19161698.0,0.02121056243777275,4.709832668304443,0.0,11.9399995803833,0.012670339085161686,19.30649757385254,0.8859026369168357,0.0,0.0,0.0,8.480582524271844,0.894521249359959,2631.445556640625,-7261443072.0,206.0,0.0,0.0,0.0,1.0,1.0
12183914.0,0.021531520411372185,4.512474536895752,0.0,10.600000381469727,0.01397553738206625,27.899173736572266,0.8943877551020408,0.0,0.0,0.0,8.721393034825871,0.8971340839303992,2455.43212890625,-7420578048.0,201.0,0.0,0.0,0.0,1.0,1.0
22922388.0,0.02179519459605217,4.778663635253906,0.0,14.699999809265137,0.013518697582185268,18.4357967376709,0.8834853090172239,0.0,0.0,0.0,8.0,0.8888888888888888,2142.06591796875,-8322847744.0,218.0,0.0,0.0,0.0,1.0,1.0
26926498.0,0.021504996344447136,4.682491302490234,0.0,14.350000381469727,0.013133312575519085,17.508399963378906,0.8635437881873728,0.0,0.0,0.0,6.703557312252965,0.8701898409440739,2359.70703125,-9745140736.0,253.0,0.0,0.0,0.0,1.0,1.0
25093560.0,0.021703876554965973,4.736526966094971,0.0,15.210000038146973,0.011891026049852371,16.523019790649414,0.8615071283095723,0.0,0.0,0.0,6.532818532818533,0.867247565351102,2405.01904296875,-9143972352.0,259.0,0.0,0.0,0.0,1.0,1.0
17944134.0,0.021189754828810692,4.588748931884766,0.0,11.420000076293945,0.011375579051673412,14.92740249633789,0.8659160696008188,0.0,0.0,0.0,6.558139534883721,0.8676923076923077,2192.834716796875,-9828944640.0,258.0,0.0,0.0,0.0,1.0,1.0
26164376.0,0.02213185839354992,4.59847354888916,0.0,13.65999984741211,0.012167825363576412,20.78882598876953,0.8323045267489712,0.0,0.0,0.0,5.169329073482428,0.8379078197824961,2534.575439453125,-12086917888.0,313.0,0.0,0.0,0.0,1.0,1.0
19013062.0,0.02115917205810547,4.712948799133301,0.0,12.40999984741211,0.010546214878559113,16.355152130126953,0.8637295081967213,0.0,0.0,0.0,6.995850622406639,0.8749351323300467,2469.62451171875,-7896432384.0,241.0,0.0,0.0,0.0,1.0,1.0
17358494.0,0.021044107154011726,4.899265289306641,0.0,11.270000457763672,0.012740557081997395,16.18920135498047,0.8845760980592441,0.0,0.0,0.0,7.981566820276497,0.8886608517188301,2223.528564453125,-6840954624.0,217.0,0.0,0.0,0.0,1.0,1.0
23729368.0,0.021436257287859917,4.52212381362915,0.0,16.399999618530273,0.008308534510433674,21.167158126831055,0.8470111448834853,0.0,0.0,0.0,6.036101083032491,0.857875833760903,2035.1885986328125,-8295732736.0,277.0,0.0,0.0,0.0,1.0,1.0
22366318.0,0.021542489528656006,4.861633777618408,0.0,13.0,0.014334834180772305,26.322355270385742,0.8788032454361054,0.0,0.0,0.0,7.702222222222222,0.8850868232890705,2265.807861328125,-7669531136.0,225.0,0.0,0.0,0.0,1.0,1.0
19138616.0,0.021315239369869232,4.699698448181152,0.0,12.710000038146973,0.014480016194283962,17.861955642700195,0.8974619289340101,0.0,0.0,0.0,9.354497354497354,0.9034236075625958,2394.0390625,-7268947968.0,189.0,0.0,0.0,0.0,1.0,1.0
20130856.0,0.02105882205069065,4.679256439208984,0.0,14.470000267028809,0.014804588630795479,12.93696403503418,0.8777777777777778,0.0,0.0,0.0,7.491379310344827,0.8822335025380711,2303.363037109375,-9737326848.0,232.0,0.0,0.0,0.0,1.0,1.0
19571202.0,0.021285230293869972,4.565306186676025,0.0,12.970000267028809,0.015532738529145718,21.432641983032227,0.8779989790709546,0.0,0.0,0.0,7.543859649122807,0.8829568788501027,2245.202392578125,-7083313920.0,228.0,0.0,0.0,0.0,1.0,1.0
18617848.0,0.021943211555480957,4.502841472625732,0.0,14.770000457763672,0.014787995256483555,16.806034088134766,0.85,0.0,0.0,0.0,6.239700374531835,0.8618727366787378,2230.224853515625,-9792478976.0,267.0,0.0,0.0,0.0,1.0,1.0
17482348.0,0.020961537957191467,4.782196521759033,0.0,13.380000114440918,0.013614468276500702,16.965755462646484,0.8760162601626016,0.0,0.0,0.0,7.431034482758621,0.8813905930470347,2362.115234375,-8424289792.0,232.0,0.0,0.0,0.0,1.0,1.0
20699234.0,0.020929044112563133,4.8136773109436035,0.0,12.050000190734863,0.012903098948299885,17.93444061279297,0.8792491121258245,0.0,0.0,0.0,7.771300448430493,0.8859918200408998,2131.1494140625,-9087128064.0,223.0,0.0,0.0,0.0,1.0,1.0
23573722.0,0.021054577082395554,4.841306209564209,0.0,12.0,0.014603410847485065,19.321462631225586,0.8575076608784474,0.0,0.0,0.0,6.507751937984496,0.8668043366029943,2197.56787109375,-9054405120.0,258.0,0.0,0.0,0.0,1.0,1.0
20682484.0,0.021480120718479156,4.688092231750488,0.0,14.300000190734863,0.014861575327813625,12.35821533203125,0.8613659531090724,0.0,0.0,0.0,6.627450980392157,0.8688946015424165,2109.0771484375,-7405888512.0,255.0,0.0,0.0,0.0,1.0,1.0
18301528.0,0.02181314304471016,4.339779376983643,0.0,13.449999809265137,0.014659155160188675,15.298409461975098,0.8491048593350383,0.0,0.0,0.0,5.971223021582734,0.8565531475748194,2769.38427734375,-9180521216.0,278.0,0.0,0.0,0.0,1.0,1.0
28396452.0,0.021627238020300865,4.515019416809082,0.0,13.729999542236328,0.014109634794294834,14.353927612304688,0.8503297818366311,0.0,0.0,0.0,5.92226148409894,0.855538540071465,1868.91650390625,-10756380160.0,283.0,0.0,0.0,0.0,1.0,1.0
20523042.0,0.021105365827679634,4.446209907531738,0.0,14.510000228881836,0.010632012970745564,14.834396362304688,0.8653164556962025,0.0,0.0,0.0,6.919028340080971,0.873721881390593,2568.842041015625,-7963934208.0,247.0,0.0,0.0,0.0,1.0,1.0
26810028.0,0.02122860960662365,4.558826923370361,0.0,15.050000190734863,0.01456138864159584,14.879477500915527,0.81855249745158,0.0,0.0,0.0,4.837349397590361,0.8286893704850361,2012.596435546875,-9822611712.0,332.0,0.0,0.0,0.0,1.0,1.0
21146972.0,0.021385131403803825,4.517947673797607,0.0,13.65999984741211,0.01099132839590311,22.63426971435547,0.8674145843957165,0.0,0.0,0.0,6.831325301204819,0.8723076923076923,2015.2498779296875,-8201131264.0,249.0,0.0,0.0,0.0,1.0,1.0
21973528.0,0.02111048996448517,4.528585433959961,0.0,13.380000114440918,0.010445034131407738,16.499828338623047,0.852685421994885,0.0,0.0,0.0,6.197026022304833,0.8610537190082644,2342.737548828125,-7399046144.0,269.0,0.0,0.0,0.0,1.0,1.0
19879448.0,0.021205980330705643,4.594902515411377,0.0,13.9399995803833,0.01254403218626976,16.292617797851562,0.8643037974683544,0.0,0.0,0.0,6.642023346303502,0.8691446028513238,2222.913330078125,-7578983936.0,257.0,0.0,0.0,0.0,1.0,1.0
19990280.0,0.02130754478275776,4.699078559875488,0.0,15.069999694824219,0.011983614414930344,14.079352378845215,0.8497700562084823,0.0,0.0,0.0,6.02536231884058,0.8576585869004641,2542.506591796875,-8047541504.0,276.0,0.0,0.0,0.0,1.0,1.0
18635898.0,0.021440213546156883,4.776350498199463,0.0,11.729999542236328,0.01209728792309761,13.395744323730469,0.8894549159449822,0.0,0.0,0.0,8.558823529411764,0.8953846153846153,2394.060302734375,-7771264256.0,204.0,0.0,0.0,0.0,1.0,1.0
22076568.0,0.021454110741615295,4.624779224395752,0.0,12.289999961853027,0.012000633403658867,17.591598510742188,0.8638689866939611,0.0,0.0,0.0,6.517374517374518,0.866974833076528,2193.176025390625,-8029196800.0,259.0,0.0,0.0,0.0,1.0,1.0
15102988.0,0.021421583369374275,4.725869178771973,0.0,12.84000015258789,0.011953315697610378,15.018360137939453,0.8935091277890467,0.0,0.0,0.0,8.679802955665025,0.8966921119592876,2526.005859375,-7168990464.0,203.0,0.0,0.0,0.0,1.0,1.0
25905250.0,0.020976759493350983,4.657702922821045,0.0,14.859999656677246,0.012080282904207706,13.386798858642578,0.861648016276704,0.0,0.0,0.0,6.392452830188679,0.8647269014803471,2110.850830078125,-9377097216.0,265.0,0.0,0.0,0.0,1.0,1.0
21388918.0,0.02170141041278839,4.785335063934326,0.0,15.069999694824219,0.01160995289683342,9.787750244140625,0.8522842639593908,0.0,0.0,0.0,6.083333333333333,0.8588235294117647,2177.570068359375,-8052223488.0,276.0,0.0,0.0,0.0,1.0,1.0
18144336.0,0.021480267867445946,4.605602741241455,0.0,13.390000343322754,0.015439407899975777,17.421594619750977,0.878234398782344,0.0,0.0,0.0,7.592105263157895,0.8836140888208269,2159.7041015625,-8216690176.0,228.0,0.0,0.0,0.0,1.0,1.0
21541376.0,0.02124650962650776,4.595898628234863,0.0,14.25,0.01181945763528347,18.728614807128906,0.8686205154118242,0.0,0.0,0.0,7.1625,0.877488514548239,2213.591796875,-7958621952.0,240.0,0.0,0.0,0.0,1.0,1.0
19580918.0,0.02197270840406418,4.511564254760742,0.0,13.760000228881836,0.011653403751552105,18.825124740600586,0.8720693170234455,0.0,0.0,0.0,7.311965811965812,0.8796915167095116,2075.07666015625,-7426884352.0,234.0,0.0,0.0,0.0,1.0,1.0
21201370.0,0.021138029173016548,4.766479015350342,0.0,14.050000190734863,0.013378712348639965,20.302879333496094,0.8621908127208481,0.0,0.0,0.0,6.519083969465649,0.867005076142132,2212.62451171875,-8568020224.0,262.0,0.0,0.0,0.0,1.0,1.0
18881442.0,0.02117207460105419,4.745570659637451,0.0,12.75,0.014061381109058857,16.198057174682617,0.8582474226804123,0.0,0.0,0.0,6.283018867924528,0.8626943005181347,2157.683349609375,-7329292288.0,265.0,0.0,0.0,0.0,1.0,1.0
18506558.0,0.021733738481998444,4.759892463684082,0.0,14.010000228881836,0.013251060619950294,16.010765075683594,0.85,0.0,0.0,0.0,6.193308550185874,0.8609819121447029,2381.958740234375,-7577263104.0,269.0,0.0,0.0,0.0,1.0,1.0
22324964.0,0.021699298173189163,4.639570236206055,0.0,16.200000762939453,0.013131199404597282,16.4879093170166,0.8443877551020408,0.0,0.0,0.0,5.610169491525424,0.8487179487179487,2263.17724609375,-8476530944.0,295.0,0.0,0.0,0.0,1.0,1.0
25192778.0,0.021112149581313133,4.8613200187683105,0.0,15.050000190734863,0.010596889071166515,12.636168479919434,0.8622087132725431,0.0,0.0,0.0,6.7272727272727275,0.8705882352941177,2380.180419921875,-9169368576.0,253.0,0.0,0.0,0.0,1.0,1.0
16652014.0,0.021039512008428574,4.613767623901367,0.0,13.979999542236328,0.012473508715629578,20.876008987426758,0.8811330298431967,0.0,0.0,0.0,8.255924170616113,0.8919610855094726,2381.429931640625,-7753897472.0,211.0,0.0,0.0,0.0,1.0,1.0
11582889.0,0.021299012005329132,4.620769023895264,0.0,10.880000114440918,0.01141721848398447,16.638267517089844,0.9068354430379747,0.0,0.0,0.0,10.597633136094675,0.9137755102040817,2128.972900390625,-5075148928.0,169.0,0.0,0.0,0.0,1.0,1.0
20289902.0,0.021532583981752396,4.791633129119873,0.0,12.680000305175781,0.011771629564464092,11.618282318115234,0.8819938962360122,0.0,0.0,0.0,8.102803738317757,0.8901437371663244,2027.19677734375,-6948572672.0,214.0,0.0,0.0,0.0,1.0,1.0
17504966.0,0.021696357056498528,4.763770580291748,0.0,14.380000114440918,0.011791612021625042,15.21420669555664,0.8616641143440531,0.0,0.0,0.0,6.418250950570342,0.8651973347001538,2107.221435546875,-6790479360.0,263.0,0.0,0.0,0.0,1.0,1.0
14789530.0,0.021430520340800285,4.757532119750977,0.0,12.260000228881836,0.013310013338923454,16.188547134399414,0.8802852776362711,0.0,0.0,0.0,7.714285714285714,0.8852459016393442,1756.67236328125,-6350755584.0,224.0,0.0,0.0,0.0,1.0,1.0
12660774.0,0.021543020382523537,4.685906887054443,0.0,10.470000267028809,0.012655767612159252,13.9767427444458,0.8948178553104156,0.0,0.0,0.0,9.036269430051814,0.9003613835828601,2509.40087890625,-5429233792.0,193.0,0.0,0.0,0.0,1.0,1.0
16128330.0,0.021175097674131393,4.703963279724121,0.0,13.020000457763672,0.01240968331694603,13.184701919555664,0.8615934627170582,0.0,0.0,0.0,6.538759689922481,0.8673521850899742,2779.756591796875,-6707951104.0,258.0,0.0,0.0,0.0,1.0,1.0
22467110.0,0.021352697163820267,4.858624458312988,0.0,14.619999885559082,0.010497167706489563,13.220919609069824,0.8629929221435794,0.0,0.0,0.0,6.694117647058824,0.8700305810397554,2322.139892578125,-8617778176.0,255.0,0.0,0.0,0.0,1.0,1.0
25088670.0,0.021542590111494064,4.678158283233643,0.0,13.729999542236328,0.015658993273973465,21.515655517578125,0.8737913486005089,0.0,0.0,0.0,7.244725738396625,0.8787103377686797,2071.571533203125,-9026228224.0,237.0,0.0,0.0,0.0,1.0,1.0
25034740.0,0.021289575845003128,4.746923923492432,0.0,12.930000305175781,0.014039646834135056,20.117019653320312,0.8663946965833759,0.0,0.0,0.0,6.742063492063492,0.8708354689902614,2272.795166015625,-11494183168.0,252.0,0.0,0.0,0.0,1.0,1.0
22113380.0,0.02163853868842125,4.510232448577881,0.0,11.949999809265137,0.014209166169166565,21.28194236755371,0.8766497461928934,0.0,0.0,0.0,7.443965517241379,0.8815722307299643,2669.789794921875,-8878042368.0,232.0,0.0,0.0,0.0,1.0,1.0
18677958.0,0.02145741507411003,4.744663238525391,0.0,12.949999809265137,0.012278694659471512,11.552268981933594,0.8717688798783578,0.0,0.0,0.0,7.445887445887446,0.8815991799077396,2549.96044921875,-8103853824.0,231.0,0.0,0.0,0.0,1.0,1.0
20774328.0,0.021936483681201935,4.447020053863525,0.0,15.199999809265137,0.01179929357022047,18.15135955810547,0.8483460559796437,0.0,0.0,0.0,5.996402877697841,0.8570694087403599,2061.80712890625,-7750084864.0,278.0,0.0,0.0,0.0,1.0,1.0
14546673.0,0.020882992073893547,4.882050037384033,0.0,11.720000267028809,0.012785212136805058,19.509340286254883,0.9036326942482341,0.0,0.0,0.0,9.840659340659341,0.9077546882919412,2371.570556640625,-5555998976.0,182.0,0.0,0.0,0.0,1.0,1.0
21032648.0,0.021777993068099022,4.734478950500488,0.0,14.09000015258789,0.010838040150702,12.407052993774414,0.866464339908953,0.0,0.0,0.0,6.770750988142293,0.8713123092573754,2436.33642578125,-8027154432.0,253.0,0.0,0.0,0.0,1.0,1.0
21160008.0,0.02129165083169937,4.447037220001221,0.0,13.65999984741211,0.01217716559767723,22.717201232910156,0.8537084398976982,0.0,0.0,0.0,6.346007604562738,0.8638716356107661,2131.976806640625,-8148905728.0,263.0,0.0,0.0,0.0,1.0,1.0
23148936.0,0.021629685536026955,4.580898284912109,0.0,15.079999923706055,0.013494235463440418,17.37668800354004,0.8609842719431761,0.0,0.0,0.0,6.428030303030303,0.8653748087710352,2215.98486328125,-10175649792.0,264.0,0.0,0.0,0.0,1.0,1.0
18163268.0,0.02138066291809082,4.431037425994873,0.0,13.1899995803833,0.011922664009034634,22.066078186035156,0.875886524822695,0.0,0.0,0.0,7.264705882352941,0.8790035587188612,2116.6025390625,-6815540736.0,238.0,0.0,0.0,0.0,1.0,1.0
19653318.0,0.02166162244975567,4.864891052246094,0.0,13.619999885559082,0.01460100058466196,28.028505325317383,0.8431573552024603,0.0,0.0,0.0,5.711805555555555,0.851008794619762,2338.09130859375,-8805838336.0,288.0,0.0,0.0,0.0,1.0,1.0
18329180.0,0.021691815927624702,4.778932571411133,0.0,13.34000015258789,0.011428589932620525,24.50191307067871,0.869431643625192,0.0,0.0,0.0,6.987654320987654,0.874806800618238,2198.14453125,-7139875840.0,243.0,0.0,0.0,0.0,1.0,1.0
20347472.0,0.021132204681634903,4.577373027801514,0.0,13.899999618530273,0.01681528426706791,21.00361442565918,0.8656867714140902,0.0,0.0,0.0,6.62015503875969,0.8687690742624619,2212.002197265625,-9234920448.0,258.0,0.0,0.0,0.0,1.0,1.0
24553680.0,0.02193993516266346,4.800323009490967,0.0,14.479999542236328,0.013429226353764534,21.61492347717285,0.8629441624365483,0.0,0.0,0.0,6.8,0.8717948717948718,2623.4423828125,-8926712320.0,250.0,0.0,0.0,0.0,1.0,1.0
20426608.0,0.02190219797194004,4.823937892913818,0.0,13.779999732971191,0.014856783673167229,15.302215576171875,0.8842264914054601,0.0,0.0,0.0,8.408653846153847,0.8937148696985181,2281.80126953125,-7845049344.0,208.0,0.0,0.0,0.0,1.0,1.0
18833722.0,0.021967455744743347,4.414400100708008,0.0,14.859999656677246,0.013581346720457077,15.340052604675293,0.8758236188545362,0.0,0.0,0.0,7.578947368421052,0.8834355828220859,2457.920166015625,-8199358976.0,228.0,0.0,0.0,0.0,1.0,1.0
19807532.0,0.02163531817495823,4.660040855407715,0.0,12.859999656677246,0.012280053459107876,19.26056671142578,0.8599897802759325,0.0,0.0,0.0,6.303370786516854,0.8630769230769231,2008.922607421875,-8706254848.0,267.0,0.0,0.0,0.0,1.0,1.0
18795498.0,0.020861756056547165,4.842613220214844,0.0,12.300000190734863,0.012042678892612457,17.12049102783203,0.8654434250764526,0.0,0.0,0.0,6.764940239043825,0.8712160082093381,2745.176025390625,-8030444032.0,251.0,0.0,0.0,0.0,1.0,1.0
15835002.0,0.02190363220870495,4.718709468841553,0.0,12.90999984741211,0.012855942361056805,14.713090896606445,0.8743589743589744,0.0,0.0,0.0,7.286324786324786,0.8793192367199587,2205.3408203125,-6760886272.0,234.0,0.0,0.0,0.0,1.0,1.0
15225556.0,0.021550321951508522,4.534012317657471,0.0,12.970000267028809,0.015285281464457512,11.294124603271484,0.8746192893401015,0.0,0.0,0.0,7.426724137931035,0.8813299232736573,2069.12939453125,-7332931584.0,232.0,0.0,0.0,0.0,1.0,1.0
17210956.0,0.021928776055574417,4.714411735534668,0.0,15.5600004196167,0.011159997433423996,11.33440113067627,0.8797979797979798,0.0,0.0,0.0,7.606986899563319,0.8838153221714865,2092.72607421875,-8202057984.0,229.0,0.0,0.0,0.0,1.0,1.0
20869810.0,0.02154317870736122,4.700356960296631,0.0,12.739999771118164,0.01399272307753563,18.842498779296875,0.8920282542885973,0.0,0.0,0.0,8.796019900497512,0.8979177247333672,2256.300048828125,-7243448576.0,201.0,0.0,0.0,0.0,1.0,1.0
18635342.0,0.0206438060849905,4.804604530334473,0.0,11.59000015258789,0.012980795465409756,13.140262603759766,0.896797153024911,0.0,0.0,0.0,9.235602094240837,0.90230179028133,2181.632568359375,-7846007296.0,191.0,0.0,0.0,0.0,1.0,1.0
15971620.0,0.021002529188990593,4.753567695617676,0.0,11.65999984741211,0.012739009223878384,13.941851615905762,0.8739196746314184,0.0,0.0,0.0,7.5394736842105265,0.8828967642526965,2119.435791015625,-8210192384.0,228.0,0.0,0.0,0.0,1.0,1.0
19622894.0,0.021006165072321892,4.586748123168945,0.0,12.15999984741211,0.011769421398639679,11.607020378112793,0.8671794871794872,0.0,0.0,0.0,6.846153846153846,0.8725490196078431,2176.16796875,-7045776384.0,247.0,0.0,0.0,0.0,1.0,1.0
17393032.0,0.02130184881389141,4.741540431976318,0.0,9.960000038146973,0.013797707855701447,13.600687026977539,0.9097820577800304,0.0,0.0,0.0,10.621301775147929,0.9139511201629328,2526.873291015625,-6736546048.0,169.0,0.0,0.0,0.0,1.0,1.0
17161382.0,0.02149294689297676,4.96414852142334,0.0,12.6899995803833,0.010172259993851185,13.363277435302734,0.8682604272634792,0.0,0.0,0.0,6.939024390243903,0.8740399385560675,2406.51123046875,-7792983040.0,246.0,0.0,0.0,0.0,1.0,1.0
16256801.0,0.02104424312710762,4.595468997955322,0.0,13.020000457763672,0.012748267501592636,14.624937057495117,0.8883248730964467,0.0,0.0,0.0,8.454106280193237,0.8942258559018906,2394.222900390625,-6592716288.0,207.0,0.0,0.0,0.0,1.0,1.0
14306230.0,0.021243445575237274,4.769150257110596,0.0,13.569999694824219,0.0126713328063488,22.379159927368164,0.8590534979423868,0.0,0.0,0.0,6.398467432950191,0.8648368720870016,2147.7587890625,-5832996096.0,261.0,0.0,0.0,0.0,1.0,1.0
14349723.0,0.02103925310075283,4.521842956542969,0.0,11.649999618530273,0.011462579481303692,9.76199722290039,0.8698979591836735,0.0,0.0,0.0,6.930894308943089,0.8739108149666838,2293.172607421875,-7851258112.0,246.0,0.0,0.0,0.0,1.0,1.0
12876113.0,0.021284617483615875,4.712639331817627,0.0,12.5600004196167,0.014654474332928658,13.993005752563477,0.8741116751269036,0.0,0.0,0.0,7.358974358974359,0.8803680981595092,2552.802001953125,-6050389760.0,234.0,0.0,0.0,0.0,1.0,1.0
14344860.0,0.02140789106488228,4.700401782989502,0.0,10.600000381469727,0.01383128296583891,15.46882438659668,0.8933129147524247,0.0,0.0,0.0,8.83838383838384,0.8983572895277208,2823.141357421875,-6631575296.0,198.0,0.0,0.0,0.0,1.0,1.0
18601956.0,0.021358633413910866,4.65660285949707,0.0,13.710000038146973,0.012960175983607769,16.438819885253906,0.8703609557702084,0.0,0.0,0.0,6.959349593495935,0.874361593462717,2795.04541015625,-7830539520.0,246.0,0.0,0.0,0.0,1.0,1.0
22354264.0,0.02159861847758293,4.697302341461182,0.0,14.579999923706055,0.01418265700340271,11.484106063842773,0.8535841382816471,0.0,0.0,0.0,6.218518518518518,0.8614674191893279,2146.332275390625,-8369276928.0,270.0,0.0,0.0,0.0,1.0,1.0
20342366.0,0.0218905471265316,4.604117393493652,0.0,12.489999771118164,0.011408168822526932,11.409401893615723,0.8859026369168357,0.0,0.0,0.0,8.439613526570048,0.8940634595701126,2668.17431640625,-7091709696.0,207.0,0.0,0.0,0.0,1.0,1.0
15929289.0,0.021320736035704613,4.624506950378418,0.0,11.649999618530273,0.01044856384396553,9.670818328857422,0.898572884811417,0.0,0.0,0.0,9.740331491712707,0.9068930041152263,2413.914306640625,-6906184192.0,181.0,0.0,0.0,0.0,1.0,1.0
20384418.0,0.021921224892139435,4.670102596282959,0.0,12.600000381469727,0.011524230241775513,13.413153648376465,0.872829417773238,0.0,0.0,0.0,7.663677130044843,0.884575569358178,2297.78564453125,-7715974144.0,223.0,0.0,0.0,0.0,1.0,1.0
32417008.0,0.021779825910925865,4.608526706695557,0.0,14.680000305175781,0.012818438932299614,14.85054874420166,0.8569974554707379,0.0,0.0,0.0,6.378787878787879,0.864476386036961,2054.625732421875,-12867190784.0,264.0,0.0,0.0,0.0,1.0,1.0
17484290.0,0.0211402028799057,4.740276336669922,0.0,12.0600004196167,0.014621499925851822,17.06645393371582,0.8893401015228426,0.0,0.0,0.0,8.716417910447761,0.8970814132104454,2136.44482421875,-7147268352.0,201.0,0.0,0.0,0.0,1.0,1.0
15028614.0,0.020780138671398163,4.654581546783447,0.0,10.890000343322754,0.013334098272025585,13.773179054260254,0.8943377148634984,0.0,0.0,0.0,9.261780104712042,0.9025510204081633,2365.243896484375,-5490379264.0,191.0,0.0,0.0,0.0,1.0,1.0
27758402.0,0.021066248416900635,4.816530704498291,0.0,15.0600004196167,0.014034735038876534,14.66260814666748,0.8652589240824535,0.0,0.0,0.0,6.856573705179283,0.8727180527383367,2301.5224609375,-9328871680.0,251.0,0.0,0.0,0.0,1.0,1.0
23123984.0,0.021602028980851173,4.700840473175049,0.0,14.789999961853027,0.011249493807554245,18.351316452026367,0.8429079816980173,0.0,0.0,0.0,5.838028169014085,0.8537590113285273,2247.331298828125,-9523747584.0,284.0,0.0,0.0,0.0,1.0,1.0
15733356.0,0.021132759749889374,4.7399187088012695,0.0,12.130000114440918,0.012608775869011879,16.489459991455078,0.9013091641490433,0.0,0.0,0.0,9.728260869565217,0.9067882472137792,2711.522705078125,-6754855424.0,184.0,0.0,0.0,0.0,1.0,1.0
19489758.0,0.020903155207633972,4.552196502685547,0.0,14.550000190734863,0.013443310745060444,18.21601104736328,0.8567088607594937,0.0,0.0,0.0,6.289962825278811,0.8628250892401835,2553.64306640625,-7092090880.0,269.0,0.0,0.0,0.0,1.0,1.0
25996994.0,0.021338030695915222,4.49321985244751,0.0,13.380000114440918,0.012091596610844135,13.018668174743652,0.8619460010188487,0.0,0.0,0.0,6.409090909090909,0.8650306748466258,2513.8037109375,-11064567552.0,264.0,0.0,0.0,0.0,1.0,1.0
23638134.0,0.021138012409210205,4.6994829177856445,0.0,12.75,0.011408376507461071,17.246604919433594,0.8863521055301877,0.0,0.0,0.0,8.163551401869158,0.8908720040795512,2362.32373046875,-8719430144.0,214.0,0.0,0.0,0.0,1.0,1.0
18259106.0,0.021235669031739235,4.704045295715332,0.0,12.970000267028809,0.012992709875106812,17.785112380981445,0.8847526772055074,0.0,0.0,0.0,7.780269058295964,0.8861082737487231,2223.44775390625,-7797608448.0,223.0,0.0,0.0,0.0,1.0,1.0
18634500.0,0.021520620211958885,4.876070022583008,0.0,13.319999694824219,0.015541370958089828,11.716227531433105,0.8695431472081219,0.0,0.0,0.0,6.9918367346938775,0.8748723186925434,1964.7928466796875,-7206356992.0,245.0,0.0,0.0,0.0,1.0,1.0
19287816.0,0.021202463656663895,4.710386276245117,0.0,14.069999694824219,0.012862947769463062,17.28545379638672,0.8559018906489525,0.0,0.0,0.0,6.203703703703703,0.8611825192802056,2082.389892578125,-7713879808.0,270.0,0.0,0.0,0.0,1.0,1.0
19286864.0,0.021070456132292747,4.722663879394531,0.0,12.90999984741211,0.01152160856872797,10.888285636901855,0.8709841917389087,0.0,0.0,0.0,7.0578512396694215,0.8758974358974358,2441.58642578125,-7593417984.0,242.0,0.0,0.0,0.0,1.0,1.0
19573234.0,0.021097572520375252,4.480257511138916,0.0,13.329999923706055,0.011636306531727314,13.847888946533203,0.8633130081300813,0.0,0.0,0.0,6.823293172690763,0.87217659137577,2527.464599609375,-7349597440.0,249.0,0.0,0.0,0.0,1.0,1.0
21981672.0,0.021428007632493973,4.699885368347168,0.0,15.289999961853027,0.011436705477535725,13.290093421936035,0.8764556962025316,0.0,0.0,0.0,7.727678571428571,0.8854219948849105,2381.13427734375,-8028400384.0,224.0,0.0,0.0,0.0,1.0,1.0
22640320.0,0.021450357511639595,4.80189323425293,0.0,12.920000076293945,0.011929024010896683,14.197437286376953,0.8867924528301887,0.0,0.0,0.0,8.52450980392157,0.8950077200205867,2460.54443359375,-7890756096.0,204.0,0.0,0.0,0.0,1.0,1.0
20321896.0,0.021760836243629456,4.7950615882873535,0.0,13.789999961853027,0.012790405191481113,17.372426986694336,0.877210712481051,0.0,0.0,0.0,7.68141592920354,0.8848114169215087,2818.17431640625,-8964006400.0,226.0,0.0,0.0,0.0,1.0,1.0
23590278.0,0.02105672098696232,4.376115798950195,0.0,12.40999984741211,0.011732431128621101,13.82658863067627,0.8802030456852792,0.0,0.0,0.0,7.8108108108108105,0.8865030674846626,2328.55126953125,-8437742848.0,222.0,0.0,0.0,0.0,1.0,1.0
17512550.0,0.021270178258419037,4.596980094909668,0.0,12.109999656677246,0.011594604700803757,16.17662239074707,0.8879878357830715,0.0,0.0,0.0,8.342857142857143,0.8929663608562691,2269.685546875,-6977650688.0,210.0,0.0,0.0,0.0,1.0,1.0
23699446.0,0.021403320133686066,4.952417373657227,0.0,15.239999771118164,0.01240625511854887,21.853471755981445,0.8488549618320611,0.0,0.0,0.0,5.893992932862191,0.8549461814454126,2345.0390625,-9391978752.0,283.0,0.0,0.0,0.0,1.0,1.0
22524454.0,0.02118721231818199,4.855806827545166,0.0,12.25,0.011318310163915157,18.53520393371582,0.8735279057859703,0.0,0.0,0.0,7.2905982905982905,0.8793814432989691,2614.243408203125,-9535496192.0,234.0,0.0,0.0,0.0,1.0,1.0
13536188.0,0.021361101418733597,4.734054088592529,0.0,12.619999885559082,0.012546186335384846,17.770206451416016,0.8682328907048008,0.0,0.0,0.0,7.142857142857143,0.8771929824561403,2223.514892578125,-6412645888.0,238.0,0.0,0.0,0.0,1.0,1.0
27292816.0,0.021642344072461128,4.9325642585754395,0.0,14.15999984741211,0.01139621902257204,16.67796516418457,0.8510963793982662,0.0,0.0,0.0,5.960714285714285,0.8563365828630066,2252.885009765625,-11802895360.0,280.0,0.0,0.0,0.0,1.0,1.0
19843938.0,0.021204810589551926,4.890827655792236,0.0,14.260000228881836,0.012567353434860706,17.14557647705078,0.8547400611620795,0.0,0.0,0.0,6.257462686567164,0.8622107969151671,2143.46044921875,-7299341568.0,268.0,0.0,0.0,0.0,1.0,1.0
23191960.0,0.02128555253148079,4.806651592254639,0.0,14.09000015258789,0.012363418936729431,13.617764472961426,0.8716904276985743,0.0,0.0,0.0,7.074380165289257,0.8761514841351075,2341.118896484375,-8844872960.0,242.0,0.0,0.0,0.0,1.0,1.0
18218262.0,0.021693184971809387,4.578359603881836,0.0,12.229999542236328,0.015373759903013706,20.60669708251953,0.8612099644128114,0.0,0.0,0.0,6.490421455938697,0.8664961636828644,2671.031494140625,-7822336256.0,261.0,0.0,0.0,0.0,1.0,1.0
17765376.0,0.020731739699840546,4.9472126960754395,0.0,12.0,0.01137594599276781,21.603918075561523,0.867175572519084,0.0,0.0,0.0,7.041322314049586,0.8756423432682425,2508.5,-7454642944.0,242.0,0.0,0.0,0.0,1.0,1.0
26206182.0,0.020872745662927628,4.726491928100586,0.0,14.1899995803833,0.012804891914129257,17.99858283996582,0.8654434250764526,0.0,0.0,0.0,6.819277108433735,0.8721109399075501,1944.9288330078125,-9830730240.0,249.0,0.0,0.0,0.0,1.0,1.0
23491450.0,0.02075648307800293,4.645678997039795,0.0,12.890000343322754,0.012124859727919102,22.589923858642578,0.8816056910569106,0.0,0.0,0.0,7.850678733031674,0.8870143149284253,1835.7017822265625,-9051653888.0,221.0,0.0,0.0,0.0,1.0,1.0
21608596.0,0.021811053156852722,4.469135284423828,0.0,12.880000114440918,0.013346091844141483,11.614376068115234,0.8589613034623218,0.0,0.0,0.0,6.342105263157895,0.8637992831541219,2339.39111328125,-12671306752.0,266.0,0.0,0.0,0.0,1.0,1.0
18079554.0,0.021479561924934387,4.607181549072266,0.0,13.09000015258789,0.014239814132452011,12.196433067321777,0.88545362392296,0.0,0.0,0.0,8.050691244239632,0.889511201629328,2336.5615234375,-7307135488.0,217.0,0.0,0.0,0.0,1.0,1.0
26122472.0,0.021645210683345795,4.739573001861572,0.0,12.210000038146973,0.013053489848971367,20.273151397705078,0.8479712378017463,0.0,0.0,0.0,5.8546099290780145,0.8541127780651836,2476.681884765625,-9900621312.0,282.0,0.0,0.0,0.0,1.0,1.0
21470918.0,0.021295929327607155,4.919626235961914,0.0,14.229999542236328,0.010766415856778622,15.45521354675293,0.8653455284552846,0.0,0.0,0.0,6.812,0.8719918074756784,2141.257080078125,-8039972864.0,250.0,0.0,0.0,0.0,1.0,1.0
13424460.0,0.021165864542126656,4.829822540283203,0.0,13.15999984741211,0.008652105927467346,17.992740631103516,0.88545362392296,0.0,0.0,0.0,8.163551401869158,0.8908720040795512,2619.01318359375,-5903776896.0,214.0,0.0,0.0,0.0,1.0,1.0
23247270.0,0.021158218383789062,4.86062479019165,0.0,13.399999618530273,0.012780804187059402,14.884591102600098,0.8665987780040734,0.0,0.0,0.0,6.700787401574803,0.8701431492842536,2463.19140625,-11372286976.0,254.0,0.0,0.0,0.0,1.0,1.0
18698010.0,0.02134070359170437,4.586759567260742,0.0,13.25,0.012215632013976574,12.378137588500977,0.8714574898785425,0.0,0.0,0.0,7.327659574468085,0.8799182422074604,2298.285888671875,-8403870976.0,235.0,0.0,0.0,0.0,1.0,1.0
10824403.0,0.021328618749976158,4.612152576446533,0.0,11.479999542236328,0.012052210979163647,11.913482666015625,0.8832565284178188,0.0,0.0,0.0,7.949308755760368,0.888259526261586,2428.234375,-7149901824.0,217.0,0.0,0.0,0.0,1.0,1.0
17953880.0,0.021214516833424568,4.617375373840332,0.0,13.329999923706055,0.012139859609305859,25.881675720214844,0.8908075165058406,0.0,0.0,0.0,8.55609756097561,0.8953547728432873,2459.859375,-6277565952.0,205.0,0.0,0.0,0.0,1.0,1.0
19975306.0,0.02150641940534115,4.808504581451416,0.0,13.140000343322754,0.01154340710490942,12.691160202026367,0.8679245283018868,0.0,0.0,0.0,7.004115226337449,0.8750642673521851,2517.88818359375,-7757884160.0,243.0,0.0,0.0,0.0,1.0,1.0
21859648.0,0.02164778672158718,4.642223834991455,0.0,13.649999618530273,0.012631595134735107,12.591368675231934,0.8711156393275599,0.0,0.0,0.0,7.276595744680851,0.8791773778920309,2296.04052734375,-8549885440.0,235.0,0.0,0.0,0.0,1.0,1.0
20114658.0,0.021649932488799095,4.655607223510742,0.0,13.100000381469727,0.01101701334118843,22.0902099609375,0.8616803278688525,0.0,0.0,0.0,6.5703125,0.8679050567595459,2405.19873046875,-7188693248.0,256.0,0.0,0.0,0.0,1.0,1.0
23210804.0,0.021239476278424263,4.715673446655273,0.0,13.479999542236328,0.01378689892590046,19.394062042236328,0.8618219037871033,0.0,0.0,0.0,6.5271317829457365,0.8671472708547889,2233.10693359375,-8977641216.0,258.0,0.0,0.0,0.0,1.0,1.0
16455324.0,0.021858273074030876,4.433620452880859,0.0,11.550000190734863,0.011568622663617134,13.316648483276367,0.8710174717368961,0.0,0.0,0.0,6.890243902439025,0.8732612055641422,2404.13720703125,-6422113792.0,246.0,0.0,0.0,0.0,1.0,1.0
25188652.0,0.021453607827425003,4.792709827423096,0.0,13.630000114440918,0.011774120852351189,15.847105026245117,0.8693441789527199,0.0,0.0,0.0,6.923076923076923,0.8737864077669902,2075.512451171875,-9033445888.0,247.0,0.0,0.0,0.0,1.0,1.0
17461572.0,0.021315788850188255,4.9695563316345215,0.0,11.960000038146973,0.012429283931851387,12.20248031616211,0.8706896551724138,0.0,0.0,0.0,7.400862068965517,0.8809645972293484,3078.1083984375,-6641452800.0,232.0,0.0,0.0,0.0,1.0,1.0
20301168.0,0.021328754723072052,4.777594089508057,0.0,12.149999618530273,0.013713793829083443,18.917335510253906,0.8613402061855671,0.0,0.0,0.0,6.684,0.8698594482040604,1965.327880859375,-8616198656.0,250.0,0.0,0.0,0.0,1.0,1.0
12332113.0,0.02143321931362152,4.685774803161621,0.0,11.75,0.01180677767843008,8.858111381530762,0.8679631525076765,0.0,0.0,0.0,6.922448979591837,0.8737764039155075,2381.79052734375,-6036496256.0,245.0,0.0,0.0,0.0,1.0,1.0
12359240.0,0.02140268124639988,4.697360038757324,0.0,13.520000457763672,0.013800669461488724,20.036277770996094,0.8632872503840245,0.0,0.0,0.0,6.534883720930233,0.8672839506172839,2016.130126953125,-6237159680.0,258.0,0.0,0.0,0.0,1.0,1.0
19827102.0,0.021670861169695854,4.607301712036133,0.0,12.5600004196167,0.013205562718212605,22.91573715209961,0.8761467889908257,0.0,0.0,0.0,7.283898305084746,0.8792838874680307,2157.320068359375,-7532583424.0,236.0,0.0,0.0,0.0,1.0,1.0
20902410.0,0.021914107725024223,4.551661968231201,0.0,14.4399995803833,0.011937758885324001,13.794665336608887,0.8577256501784803,0.0,0.0,0.0,6.395437262357414,0.8647814910025707,2459.47705078125,-7612719360.0,263.0,0.0,0.0,0.0,1.0,1.0
14261605.0,0.020697837695479393,4.781546115875244,0.0,11.630000114440918,0.011293825693428516,23.78640365600586,0.8764675855028076,0.0,0.0,0.0,7.465217391304348,0.881869542886492,2152.468505859375,-8341414656.0,230.0,0.0,0.0,0.0,1.0,1.0
15713129.0,0.021222753450274467,4.617287635803223,0.0,11.899999618530273,0.013395802117884159,17.160425186157227,0.8753830439223698,0.0,0.0,0.0,7.452173913043478,0.8816872427983539,2088.75,-6655951104.0,230.0,0.0,0.0,0.0,1.0,1.0
21226910.0,0.021522289142012596,4.880144119262695,0.0,14.550000190734863,0.012695100158452988,15.522550582885742,0.8526422764227642,0.0,0.0,0.0,6.237918215613383,0.861838726245506,2108.70947265625,-7531536896.0,269.0,0.0,0.0,0.0,1.0,1.0
18468952.0,0.021515769883990288,4.702721118927002,0.0,12.960000038146973,0.012875854969024658,25.728971481323242,0.8538579458354625,0.0,0.0,0.0,6.166051660516605,0.860453141091658,2260.8076171875,-12764133376.0,271.0,0.0,0.0,0.0,1.0,1.0
21450018.0,0.021027948707342148,4.586668968200684,0.0,13.399999618530273,0.013900326564908028,14.428715705871582,0.8523076923076923,0.0,0.0,0.0,6.0,0.8571428571428571,2744.73583984375,-10353693440.0,277.0,0.0,0.0,0.0,1.0,1.0
24647442.0,0.02138158306479454,4.6551337242126465,0.0,14.779999732971191,0.009513608179986477,21.75130844116211,0.833676622039135,0.0,0.0,0.0,5.239482200647249,0.8397302904564315,2434.82080078125,-9906069504.0,309.0,0.0,0.0,0.0,1.0,1.0
18209488.0,0.022054504603147507,4.769119739532471,0.0,11.369999885559082,0.011259353719651699,18.268281936645508,0.8958017197774406,0.0,0.0,0.0,9.035714285714286,0.900355871886121,2723.55615234375,-6639968768.0,196.0,0.0,0.0,0.0,1.0,1.0
21418094.0,0.021498918533325195,4.838294506072998,0.0,13.380000114440918,0.010204135440289974,18.53492546081543,0.8717038539553753,0.0,0.0,0.0,7.045081967213115,0.8757004584819155,1963.4014892578125,-7731842560.0,244.0,0.0,0.0,0.0,1.0,1.0
19106892.0,0.02156623639166355,4.613980293273926,0.0,12.680000305175781,0.014904854819178581,18.081632614135742,0.8904737646459501,0.0,0.0,0.0,8.28436018957346,0.8922919857069934,2303.380126953125,-8707722240.0,211.0,0.0,0.0,0.0,1.0,1.0
17858650.0,0.021272674202919006,4.741257667541504,0.0,12.430000305175781,0.01134541630744934,25.534696578979492,0.8735339112697603,0.0,0.0,0.0,7.227848101265823,0.8784615384615385,2310.215576171875,-7066690560.0,237.0,0.0,0.0,0.0,1.0,1.0
25961654.0,0.021316198632121086,4.611567497253418,0.0,16.25,0.012633946724236012,13.886452674865723,0.8311359026369168,0.0,0.0,0.0,5.203174603174603,0.838792221084954,2241.200439453125,-9510951424.0,315.0,0.0,0.0,0.0,1.0,1.0
23690506.0,0.02112639509141445,4.625245571136475,0.0,14.859999656677246,0.013056631200015545,11.895137786865234,0.852002027369488,0.0,0.0,0.0,5.98220640569395,0.8567787971457697,2628.2890625,-9194802944.0,281.0,0.0,0.0,0.0,1.0,1.0
20968086.0,0.021349234506487846,4.830080986022949,0.0,13.680000305175781,0.011609476059675217,29.01304817199707,0.884830035514967,0.0,0.0,0.0,8.036866359447005,0.8893421723610403,2426.409912109375,-8104386816.0,217.0,0.0,0.0,0.0,1.0,1.0
21517862.0,0.021567557007074356,5.009399890899658,0.0,12.420000076293945,0.01160130463540554,19.075347900390625,0.894790085988872,0.0,0.0,0.0,9.459893048128341,0.90439672801636,2348.882568359375,-8254634496.0,187.0,0.0,0.0,0.0,1.0,1.0
19222036.0,0.021412832662463188,4.811463356018066,0.0,13.380000114440918,0.011360741220414639,9.831435203552246,0.8724696356275303,0.0,0.0,0.0,7.153526970954357,0.87735368956743,2349.48828125,-7716130304.0,241.0,0.0,0.0,0.0,1.0,1.0
18896122.0,0.021458227187395096,4.798077583312988,0.0,13.229999542236328,0.014012141153216362,19.87246322631836,0.8848484848484849,0.0,0.0,0.0,8.148837209302325,0.8906964921199797,2567.17626953125,-6873594880.0,215.0,0.0,0.0,0.0,1.0,1.0
16396324.0,0.022117257118225098,4.661795139312744,0.0,13.069999694824219,0.012145346961915493,20.605175018310547,0.8739152628892292,0.0,0.0,0.0,7.163179916317992,0.8774987186058432,2225.754150390625,-6619747584.0,239.0,0.0,0.0,0.0,1.0,1.0
16600517.0,0.021063948050141335,4.969703197479248,0.0,12.270000457763672,0.012109804898500443,10.982595443725586,0.8730886850152905,0.0,0.0,0.0,7.227848101265823,0.8784615384615385,2240.45166015625,-6818954752.0,237.0,0.0,0.0,0.0,1.0,1.0
20762554.0,0.021484946832060814,4.6514811515808105,0.0,14.149999618530273,0.014033915475010872,12.646965026855469,0.8650431253170979,0.0,0.0,0.0,6.66015625,0.8694543600203978,2371.730712890625,-7731844096.0,256.0,0.0,0.0,0.0,1.0,1.0
28907874.0,0.0216724444180727,4.490932941436768,0.0,14.529999732971191,0.013467937707901001,14.829254150390625,0.8588175331294597,0.0,0.0,0.0,6.334586466165414,0.8636596617119426,2104.748046875,-12757293568.0,266.0,0.0,0.0,0.0,1.0,1.0
28354642.0,0.021936975419521332,4.675660610198975,0.0,16.440000534057617,0.010975345969200134,19.805910110473633,0.8091603053435115,0.0,0.0,0.0,4.416666666666667,0.8153846153846154,1962.11181640625,-10694939648.0,360.0,0.0,0.0,0.0,1.0,1.0
21591186.0,0.02165061980485916,4.553549766540527,0.0,12.640000343322754,0.012098753824830055,17.400514602661133,0.8465092402464066,0.0,0.0,0.0,5.868327402135232,0.8544041450777202,2475.65478515625,-8886624256.0,281.0,0.0,0.0,0.0,1.0,1.0
26220214.0,0.021441783756017685,4.590969085693359,0.0,12.449999809265137,0.012471902184188366,23.582406997680664,0.8760204081632653,0.0,0.0,0.0,7.400862068965517,0.8809645972293484,2477.384033203125,-9844447232.0,232.0,0.0,0.0,0.0,1.0,1.0
19189264.0,0.022037558257579803,4.612492561340332,0.0,13.4399995803833,0.012468848377466202,18.157087326049805,0.8672792240939254,0.0,0.0,0.0,7.138655462184874,0.8771295818275684,2359.94677734375,-8949789952.0,238.0,0.0,0.0,0.0,1.0,1.0
19068698.0,0.02149021625518799,4.7980217933654785,0.0,12.640000343322754,0.014684860594570637,14.078493118286133,0.8803852002027369,0.0,0.0,0.0,7.618421052631579,0.8839694656488549,2400.110595703125,-7018523136.0,228.0,0.0,0.0,0.0,1.0,1.0
33807176.0,0.02110019512474537,4.626403331756592,0.0,14.760000228881836,0.01641709916293621,22.484554290771484,0.8644153225806451,0.0,0.0,0.0,6.86,0.8727735368956743,2256.388916015625,-11929061120.0,250.0,0.0,0.0,0.0,1.0,1.0
18135514.0,0.021782035008072853,4.893952369689941,0.0,13.949999809265137,0.011969675309956074,19.70844268798828,0.8706543967280164,0.0,0.0,0.0,6.979508196721311,0.8746789933230611,2144.615966796875,-7035958016.0,244.0,0.0,0.0,0.0,1.0,1.0
22456660.0,0.02157733030617237,4.6007080078125,0.0,13.460000038146973,0.010449038818478584,16.572946548461914,0.8627049180327869,0.0,0.0,0.0,6.763052208835341,0.8711846870150026,2019.940673828125,-10839617024.0,249.0,0.0,0.0,0.0,1.0,1.0
20711934.0,0.021689243614673615,4.575930118560791,0.0,11.960000038146973,0.01142879668623209,14.338212966918945,0.8779366700715016,0.0,0.0,0.0,7.441558441558442,0.8815384615384615,2259.56982421875,-7859408384.0,231.0,0.0,0.0,0.0,1.0,1.0
18485266.0,0.021602315828204155,4.499804496765137,0.0,12.8100004196167,0.013573268428444862,14.94510269165039,0.8734756097560976,0.0,0.0,0.0,7.674107142857143,0.8847143592382913,2672.59033203125,-6950406912.0,224.0,0.0,0.0,0.0,1.0,1.0
19270882.0,0.021909194067120552,4.611751556396484,0.0,13.520000457763672,0.012474896386265755,16.379640579223633,0.8933265925176946,0.0,0.0,0.0,8.924242424242424,0.899236641221374,2332.6884765625,-6972286720.0,198.0,0.0,0.0,0.0,1.0,1.0
18420290.0,0.02135319449007511,4.912656784057617,0.0,14.960000038146973,0.010719245299696922,17.946577072143555,0.8669028340080972,0.0,0.0,0.0,6.935222672064778,0.8739795918367347,2295.831787109375,-6952164352.0,247.0,0.0,0.0,0.0,1.0,1.0
14994563.0,0.021579502150416374,4.907886505126953,0.0,12.069999694824219,0.012605447322130203,13.451987266540527,0.8947100712105799,0.0,0.0,0.0,9.06701030927835,0.9006656426011265,2185.7734375,-6999820288.0,194.0,0.0,0.0,0.0,1.0,1.0
23532920.0,0.021364780142903328,4.855741500854492,0.0,13.760000228881836,0.011781027540564537,13.590709686279297,0.8748091603053435,0.0,0.0,0.0,7.506550218340611,0.8824435318275154,2280.75439453125,-8964724224.0,229.0,0.0,0.0,0.0,1.0,1.0
20410644.0,0.021809425204992294,4.534958362579346,0.0,13.09000015258789,0.013236727565526962,13.385480880737305,0.8767123287671232,0.0,0.0,0.0,7.2301255230125525,0.8784951703101169,2038.0260009765625,-8840698368.0,239.0,0.0,0.0,0.0,1.0,1.0
19858488.0,0.02147037908434868,4.789280414581299,0.0,12.979999542236328,0.015319837257266045,13.892606735229492,0.8686505900461775,0.0,0.0,0.0,7.235042735042735,0.8785677218474313,2466.98046875,-8066531840.0,234.0,0.0,0.0,0.0,1.0,1.0
17202876.0,0.021530158817768097,4.744843482971191,0.0,12.649999618530273,0.013496671803295612,13.968074798583984,0.8930562595032945,0.0,0.0,0.0,9.035897435897436,0.9003576903423608,2079.4072265625,-7716093696.0,195.0,0.0,0.0,0.0,1.0,1.0
20604660.0,0.021874187514185905,4.448561191558838,0.0,13.010000228881836,0.010812150314450264,15.141189575195312,0.8693441789527199,0.0,0.0,0.0,6.951219512195122,0.8742331288343558,2214.01904296875,-10047424768.0,246.0,0.0,0.0,0.0,1.0,1.0
18149972.0,0.021617580205202103,4.746344566345215,0.0,12.829999923706055,0.011031698435544968,15.335941314697266,0.8708036622583927,0.0,0.0,0.0,7.133333333333334,0.8770491803278688,2335.0869140625,-8253242368.0,240.0,0.0,0.0,0.0,1.0,1.0
20714562.0,0.02141915075480938,4.810758113861084,0.0,13.9399995803833,0.010417088866233826,24.26043701171875,0.8845569620253164,0.0,0.0,0.0,8.31904761904762,0.8926928972917731,2154.59130859375,-7823622912.0,210.0,0.0,0.0,0.0,1.0,1.0
14834527.0,0.021443109959363937,4.824304103851318,0.0,12.65999984741211,0.01567869633436203,13.066280364990234,0.8816056910569106,0.0,0.0,0.0,8.107476635514018,0.8902001026167266,2134.5302734375,-6594818304.0,214.0,0.0,0.0,0.0,1.0,1.0
21689236.0,0.021661316975951195,4.701974391937256,0.0,14.0,0.012090453878045082,23.286602020263672,0.8488549618320611,0.0,0.0,0.0,5.978494623655914,0.8567026194144838,1894.322998046875,-8531168512.0,279.0,0.0,0.0,0.0,1.0,1.0
25545208.0,0.02127826400101185,5.042176723480225,0.0,13.960000038146973,0.012417620047926903,15.605937004089355,0.8646153846153846,0.0,0.0,0.0,6.853658536585366,0.8726708074534162,2307.99609375,-9801535744.0,246.0,0.0,0.0,0.0,1.0,1.0
26219806.0,0.021769430488348007,4.682152271270752,0.0,14.869999885559082,0.015399932861328125,13.531067848205566,0.8492103922567499,0.0,0.0,0.0,5.788194444444445,0.852685421994885,2069.33935546875,-10215043328.0,288.0,0.0,0.0,0.0,1.0,1.0
19615760.0,0.02096657268702984,4.835718154907227,0.0,12.359999656677246,0.011070368811488152,13.573253631591797,0.8537590113285273,0.0,0.0,0.0,6.0510948905109485,0.8581780538302277,2800.9892578125,-7929180928.0,274.0,0.0,0.0,0.0,1.0,1.0
13862986.0,0.021767351776361465,4.696596145629883,0.0,11.300000190734863,0.012198996730148792,14.123897552490234,0.8795731707317073,0.0,0.0,0.0,7.592105263157895,0.8836140888208269,2412.103515625,-6899747072.0,228.0,0.0,0.0,0.0,1.0,1.0
23507500.0,0.02168862335383892,4.949422359466553,0.0,11.300000190734863,0.013824980705976486,19.11693000793457,0.8741755454084221,0.0,0.0,0.0,7.239495798319328,0.8786333503314635,1963.627197265625,-8828645376.0,238.0,0.0,0.0,0.0,1.0,1.0
15921005.0,0.021286020055413246,4.821533679962158,0.0,12.75,0.012179942801594734,15.249799728393555,0.8487351574599896,0.0,0.0,0.0,5.871428571428571,0.8544698544698545,2667.27880859375,-6893097984.0,280.0,0.0,0.0,0.0,1.0,1.0
22126738.0,0.021122772246599197,4.586755275726318,0.0,12.279999732971191,0.013080628588795662,13.649518013000488,0.8549540347293156,0.0,0.0,0.0,6.065217391304348,0.8584615384615385,2354.309326171875,-8935024384.0,276.0,0.0,0.0,0.0,1.0,1.0
27417204.0,0.021937508136034012,4.642541408538818,0.0,15.149999618530273,0.011812437325716019,18.035968780517578,0.8267957208354559,0.0,0.0,0.0,4.873873873873874,0.8297546012269938,2307.880859375,-10172884736.0,333.0,0.0,0.0,0.0,1.0,1.0
21333446.0,0.021676992997527122,4.679065704345703,0.0,14.739999771118164,0.011418486945331097,13.360909461975098,0.8301595470921256,0.0,0.0,0.0,5.072327044025157,0.8353184878301398,1900.827392578125,-9554706176.0,318.0,0.0,0.0,0.0,1.0,1.0
20321570.0,0.02145965024828911,4.618864059448242,0.0,11.75,0.011675486341118813,17.194028854370117,0.8862366683595734,0.0,0.0,0.0,8.270142180094787,0.8921267893660532,2221.972900390625,-8257961984.0,211.0,0.0,0.0,0.0,1.0,1.0
15192900.0,0.02140226401388645,4.666077136993408,0.0,13.279999732971191,0.011418129317462444,12.175743103027344,0.8817533129459735,0.0,0.0,0.0,7.757847533632287,0.8858166922683052,1872.8653564453125,-6073795072.0,223.0,0.0,0.0,0.0,1.0,1.0
18547064.0,0.02137742191553116,4.720747947692871,0.0,12.270000457763672,0.014143710024654865,19.482437133789062,0.8711156393275599,0.0,0.0,0.0,7.402597402597403,0.8809891808346213,2132.980224609375,-8078134272.0,231.0,0.0,0.0,0.0,1.0,1.0
21722816.0,0.02117987722158432,4.674503326416016,0.0,12.4399995803833,0.011937306262552738,12.612800598144531,0.8694543600203978,0.0,0.0,0.0,7.016460905349795,0.8752566735112937,2386.211181640625,-7966325248.0,243.0,0.0,0.0,0.0,1.0,1.0
19380868.0,0.021768908947706223,4.596019268035889,0.0,13.569999694824219,0.011002144776284695,16.821773529052734,0.8581632653061224,0.0,0.0,0.0,6.544747081712062,0.8674574522949974,2246.74169921875,-6800201984.0,257.0,0.0,0.0,0.0,1.0,1.0
21787198.0,0.021566644310951233,4.573636054992676,0.0,12.699999809265137,0.014275625348091125,11.57214641571045,0.8902439024390244,0.0,0.0,0.0,8.673267326732674,0.8966223132036848,2011.03466796875,-7114398720.0,202.0,0.0,0.0,0.0,1.0,1.0
27622538.0,0.020961031317710876,4.834377288818359,0.0,14.75,0.013151627033948898,15.539888381958008,0.8588832487309644,0.0,0.0,0.0,6.384905660377359,0.8645886561062851,1980.8326416015625,-7953552384.0,265.0,0.0,0.0,0.0,1.0,1.0
23049884.0,0.021473634988069534,4.8373894691467285,0.0,15.210000038146973,0.013227439485490322,14.256755828857422,0.8750632271117855,0.0,0.0,0.0,7.178423236514523,0.8777270421106037,2103.103759765625,-7728550400.0,241.0,0.0,0.0,0.0,1.0,1.0
14469060.0,0.0217237900942564,4.904266357421875,0.0,13.0,0.012407667934894562,16.21343421936035,0.8751274209989807,0.0,0.0,0.0,7.465217391304348,0.881869542886492,2524.68310546875,-5774712320.0,230.0,0.0,0.0,0.0,1.0,1.0
29864578.0,0.021370749920606613,4.661789417266846,0.0,14.029999732971191,0.01085717137902975,14.812918663024902,0.8714430894308943,0.0,0.0,0.0,7.05761316872428,0.8758937691521961,2237.2841796875,-10131950080.0,243.0,0.0,0.0,0.0,1.0,1.0
14742916.0,0.021855296567082405,4.838647365570068,0.0,12.989999771118164,0.010331357829272747,16.893959045410156,0.8940162271805274,0.0,0.0,0.0,9.087628865979381,0.9008686765457332,2366.8291015625,-5724570112.0,194.0,0.0,0.0,0.0,1.0,1.0
25847782.0,0.020785382017493248,4.586854457855225,0.0,14.380000114440918,0.012546638958156109,13.41357707977295,0.87735368956743,0.0,0.0,0.0,7.696428571428571,0.8850102669404517,1972.69677734375,-8959660544.0,224.0,0.0,0.0,0.0,1.0,1.0
16588749.0,0.02096044272184372,4.84144401550293,0.0,11.84000015258789,0.013034794479608536,15.82213306427002,0.8892291985706994,0.0,0.0,0.0,8.58128078817734,0.8956298200514139,2351.929443359375,-6627710464.0,203.0,0.0,0.0,0.0,1.0,1.0
17557004.0,0.020945217460393906,4.408471584320068,0.0,12.270000457763672,0.012593142688274384,14.015347480773926,0.8854378818737271,0.0,0.0,0.0,8.280952380952382,0.892252437147255,2387.341064453125,-7064964096.0,210.0,0.0,0.0,0.0,1.0,1.0
15779991.0,0.021598774939775467,4.843266010284424,0.0,13.199999809265137,0.010817240923643112,15.884109497070312,0.8614519427402862,0.0,0.0,0.0,6.505791505791506,0.8667695473251029,2549.419921875,-7565785856.0,259.0,0.0,0.0,0.0,1.0,1.0
21710382.0,0.02165704034268856,4.990800380706787,0.0,14.630000114440918,0.012143431231379509,13.406780242919922,0.8468923698837797,0.0,0.0,0.0,5.839721254355401,0.8537952114111055,2369.68505859375,-8199535616.0,287.0,0.0,0.0,0.0,1.0,1.0
18764984.0,0.021731311455368996,4.828836917877197,0.0,14.869999885559082,0.014918936416506767,21.046743392944336,0.8470168281489037,0.0,0.0,0.0,5.953405017921147,0.8561855670103092,2208.88623046875,-8891533056.0,279.0,0.0,0.0,0.0,1.0,1.0
18900684.0,0.021285686641931534,4.662225246429443,0.0,13.609999656677246,0.014451680704951286,18.343116760253906,0.8583037074657186,0.0,0.0,0.0,6.575875486381323,0.8680020544427324,2246.753173828125,-8048358912.0,257.0,0.0,0.0,0.0,1.0,1.0
18075820.0,0.021221669390797615,4.76522970199585,0.0,13.430000305175781,0.01354152336716652,13.43055248260498,0.8704268292682927,0.0,0.0,0.0,7.049382716049383,0.8757668711656442,2136.825439453125,-8278012672.0,243.0,0.0,0.0,0.0,1.0,1.0
17019468.0,0.02166181243956089,4.944983005523682,0.0,12.3100004196167,0.011238165199756622,12.973589897155762,0.8948443083205717,0.0,0.0,0.0,8.898477157360405,0.898974358974359,2444.84521484375,-6733297920.0,197.0,0.0,0.0,0.0,1.0,1.0
22525286.0,0.02136261947453022,4.5647358894348145,0.0,13.0600004196167,0.013261465355753899,12.611034393310547,0.8677141409021795,0.0,0.0,0.0,7.074380165289257,0.8761514841351075,2149.994384765625,-9036858368.0,242.0,0.0,0.0,0.0,1.0,1.0
17092360.0,0.02095533162355423,4.669149875640869,0.0,12.989999771118164,0.011371275410056114,16.38466453552246,0.89737108190091,0.0,0.0,0.0,9.441489361702128,0.9042282221090168,2103.66259765625,-7282174464.0,188.0,0.0,0.0,0.0,1.0,1.0
21623390.0,0.020965872332453728,4.653562545776367,0.0,13.34000015258789,0.01187606155872345,14.64185619354248,0.8677601230138391,0.0,0.0,0.0,6.826612903225806,0.8722308088614117,2381.64990234375,-8272350976.0,248.0,0.0,0.0,0.0,1.0,1.0
18249106.0,0.02162785455584526,4.696843147277832,0.0,13.199999809265137,0.013469899073243141,7.743356704711914,0.8772196854388635,0.0,0.0,0.0,7.788288288288288,0.8862121988723731,2105.65869140625,-7262856960.0,222.0,0.0,0.0,0.0,1.0,1.0
19484044.0,0.02173043042421341,4.659438610076904,0.0,13.800000190734863,0.011297629214823246,18.39536476135254,0.8670725520040589,0.0,0.0,0.0,7.180672268907563,0.8777606574216744,2177.7255859375,-9351334400.0,238.0,0.0,0.0,0.0,1.0,1.0
20346154.0,0.021411532536149025,4.8661274909973145,0.0,13.470000267028809,0.013158389367163181,14.088482856750488,0.8921518987341772,0.0,0.0,0.0,9.129533678756477,0.9012787723785166,2526.5927734375,-7924946432.0,193.0,0.0,0.0,0.0,1.0,1.0
18079800.0,0.021387744694948196,4.691412925720215,0.0,12.520000457763672,0.012991467490792274,12.760750770568848,0.8806272129489124,0.0,0.0,0.0,7.772321428571429,0.8860050890585242,2375.2548828125,-6891020288.0,224.0,0.0,0.0,0.0,1.0,1.0
23276710.0,0.021970707923173904,4.813694953918457,0.0,12.529999732971191,0.009195753373205662,20.555797576904297,0.8892839004570848,0.0,0.0,0.0,8.843434343434344,0.8984094407388404,2370.0546875,-9260042752.0,198.0,0.0,0.0,0.0,1.0,1.0
17290636.0,0.022159311920404434,4.188422679901123,0.0,11.6899995803833,0.012423224747180939,16.384353637695312,0.8723731419784726,0.0,0.0,0.0,7.242553191489361,0.8786783686112545,2422.875244140625,-8065482496.0,235.0,0.0,0.0,0.0,1.0,1.0
19011258.0,0.02131209895014763,4.377912998199463,0.0,11.600000381469727,0.011181480251252651,15.761771202087402,0.8731608320649417,0.0,0.0,0.0,7.200836820083682,0.878061224489796,2580.14599609375,-7156749056.0,239.0,0.0,0.0,0.0,1.0,1.0
18810520.0,0.02131902426481247,4.467033386230469,0.0,12.399999618530273,0.009410452097654343,18.368833541870117,0.895748987854251,0.0,0.0,0.0,9.833333333333334,0.9076923076923077,2482.99853515625,-7449117440.0,180.0,0.0,0.0,0.0,1.0,1.0
16037693.0,0.0217079259455204,4.5512566566467285,0.0,13.34000015258789,0.011910196393728256,12.437976837158203,0.8879310344827587,0.0,0.0,0.0,8.458937198067632,0.8942798774259448,2087.80126953125,-6378089472.0,207.0,0.0,0.0,0.0,1.0,1.0
14591210.0,0.021953914314508438,4.687695503234863,0.0,12.289999961853027,0.012370962649583817,11.224016189575195,0.8613810741687979,0.0,0.0,0.0,6.476923076923077,0.8662551440329218,2344.298583984375,-8363718400.0,260.0,0.0,0.0,0.0,1.0,1.0
28361664.0,0.02182152308523655,4.339451789855957,0.0,14.949999809265137,0.014327115379273891,20.269460678100586,0.8367451381780963,0.0,0.0,0.0,5.29126213592233,0.8410493827160493,2660.0146484375,-11908149504.0,309.0,0.0,0.0,0.0,1.0,1.0
20099920.0,0.020825428888201714,4.809708118438721,0.0,12.829999923706055,0.011231668293476105,15.24240779876709,0.8888888888888888,0.0,0.0,0.0,8.303317535545023,0.8925114620478859,2506.9267578125,-7640624384.0,211.0,0.0,0.0,0.0,1.0,1.0
17108634.0,0.021251723170280457,4.688343524932861,0.0,11.779999732971191,0.010198596864938736,16.145225524902344,0.8816872427983539,0.0,0.0,0.0,7.862385321100917,0.8871635610766045,2413.71484375,-7594120960.0,218.0,0.0,0.0,0.0,1.0,1.0
18656852.0,0.02116856537759304,4.828172206878662,0.0,12.75,0.010953820310533047,26.232986450195312,0.8823828920570265,0.0,0.0,0.0,7.841628959276018,0.8868986693961105,2173.0712890625,-6657074944.0,221.0,0.0,0.0,0.0,1.0,1.0
21994630.0,0.021444279700517654,4.716897010803223,0.0,13.539999961853027,0.012165260501205921,25.16515350341797,0.8416196822142491,0.0,0.0,0.0,5.604095563139932,0.8485788113695091,2305.90576171875,-7599233024.0,293.0,0.0,0.0,0.0,1.0,1.0
15873276.0,0.021219199523329735,4.6890950202941895,0.0,11.890000343322754,0.012317928485572338,20.79500961303711,0.8888888888888888,0.0,0.0,0.0,8.76,0.8975409836065574,2604.1513671875,-6580611328.0,200.0,0.0,0.0,0.0,1.0,1.0
21493328.0,0.021251969039440155,4.750275611877441,0.0,12.449999809265137,0.011163486167788506,17.007394790649414,0.8811830698623151,0.0,0.0,0.0,8.074766355140186,0.8898043254376931,2169.252197265625,-8140472832.0,214.0,0.0,0.0,0.0,1.0,1.0
16659256.0,0.021183015778660774,4.933517932891846,0.0,12.34000015258789,0.014901924878358841,16.188026428222656,0.8515864892528148,0.0,0.0,0.0,5.942857142857143,0.8559670781893004,2381.625732421875,-7703942656.0,280.0,0.0,0.0,0.0,1.0,1.0
21761818.0,0.02152072638273239,4.6527581214904785,0.0,14.720000267028809,0.012928374111652374,14.38438892364502,0.8700050581689428,0.0,0.0,0.0,7.049180327868853,0.8757637474541752,2251.11474609375,-10375028736.0,244.0,0.0,0.0,0.0,1.0,1.0
22772478.0,0.021443767473101616,4.856284141540527,0.0,15.539999961853027,0.010444766841828823,24.8665714263916,0.8568527918781725,0.0,0.0,0.0,6.442748091603053,0.8656410256410256,1935.3101806640625,-7699326720.0,262.0,0.0,0.0,0.0,1.0,1.0
19478430.0,0.021425748243927956,4.5474090576171875,0.0,13.25,0.013477123342454433,25.319965362548828,0.8768373035985808,0.0,0.0,0.0,7.489177489177489,0.8822029576746558,2403.57763671875,-7068045056.0,231.0,0.0,0.0,0.0,1.0,1.0
16562084.0,0.02111366018652916,4.821330547332764,0.0,11.779999732971191,0.010837852954864502,19.442041397094727,0.8875318066157761,0.0,0.0,0.0,8.384615384615385,0.8934426229508197,2750.8056640625,-8249638912.0,208.0,0.0,0.0,0.0,1.0,1.0
25160212.0,0.021472161635756493,4.630473613739014,0.0,14.420000076293945,0.012188217602670193,20.55595588684082,0.8758236188545362,0.0,0.0,0.0,7.448275862068965,0.8816326530612245,2402.079345703125,-10962350848.0,232.0,0.0,0.0,0.0,1.0,1.0
20671886.0,0.021067790687084198,4.803226470947266,0.0,12.760000228881836,0.013928700238466263,27.004230499267578,0.8548636129696345,0.0,0.0,0.0,6.106617647058823,0.859286083807553,1781.826171875,-9256565248.0,272.0,0.0,0.0,0.0,1.0,1.0
21141820.0,0.02140045166015625,4.786003112792969,0.0,13.329999923706055,0.01228377316147089,17.546588897705078,0.8649337410805301,0.0,0.0,0.0,6.681102362204724,0.8698103536647873,2076.60888671875,-8142743296.0,254.0,0.0,0.0,0.0,1.0,1.0
20926644.0,0.021260209381580353,4.64909029006958,0.0,13.1899995803833,0.014021173119544983,15.18923282623291,0.881578947368421,0.0,0.0,0.0,7.882352941176471,0.8874172185430463,2392.309814453125,-10226030592.0,221.0,0.0,0.0,0.0,1.0,1.0
21106612.0,0.021592745557427406,4.5016326904296875,0.0,15.180000305175781,0.013769501820206642,19.731876373291016,0.8735457764289327,0.0,0.0,0.0,7.256302521008403,0.878880407124682,1934.7711181640625,-7499676416.0,238.0,0.0,0.0,0.0,1.0,1.0
19705090.0,0.02114197239279747,4.63491678237915,0.0,14.210000038146973,0.01473310962319374,20.293699264526367,0.8903486609398686,0.0,0.0,0.0,8.430622009569378,0.8939624556062912,2395.872314453125,-7654372608.0,209.0,0.0,0.0,0.0,1.0,1.0
15954432.0,0.021750137209892273,4.660933017730713,0.0,12.90999984741211,0.012698390521109104,11.71878433227539,0.8810371123538383,0.0,0.0,0.0,7.841628959276018,0.8868986693961105,2351.01953125,-6344543232.0,221.0,0.0,0.0,0.0,1.0,1.0
24374802.0,0.02165292575955391,4.685429573059082,0.0,15.470000267028809,0.013635414652526379,14.234766960144043,0.8290076335877863,0.0,0.0,0.0,5.187898089171974,0.8383942357179619,2603.9462890625,-10371508992.0,314.0,0.0,0.0,0.0,1.0,1.0
16469033.0,0.021243145689368248,4.5999274253845215,0.0,13.119999885559082,0.012500354088842869,13.654373168945312,0.8718338399189463,0.0,0.0,0.0,7.082304526748971,0.8762729124236253,2277.5302734375,-6471973120.0,243.0,0.0,0.0,0.0,1.0,1.0
18179448.0,0.022231733426451683,4.6255927085876465,0.0,13.630000114440918,0.012327496893703938,24.003570556640625,0.8586734693877551,0.0,0.0,0.0,6.233333333333333,0.8617511520737328,2323.40869140625,-7167988736.0,270.0,0.0,0.0,0.0,1.0,1.0
21441616.0,0.021757015958428383,4.694393157958984,0.0,15.279999732971191,0.013182602822780609,16.071687698364258,0.8593117408906883,0.0,0.0,0.0,6.874493927125506,0.8730077120822622,1756.7308349609375,-7219469824.0,247.0,0.0,0.0,0.0,1.0,1.0
23019660.0,0.021100081503391266,4.808366298675537,0.0,13.4399995803833,0.012343999929726124,13.437677383422852,0.8730319959370239,0.0,0.0,0.0,7.253164556962025,0.8788343558282209,2198.27685546875,-8241399296.0,237.0,0.0,0.0,0.0,1.0,1.0
18343224.0,0.021197650581598282,4.795761585235596,0.0,13.770000457763672,0.012787899933755398,11.619577407836914,0.8391215526046987,0.0,0.0,0.0,5.404605263157895,0.8438623523369286,2764.62548828125,-8518140416.0,304.0,0.0,0.0,0.0,1.0,1.0
22501638.0,0.021207857877016068,4.70158052444458,0.0,14.960000038146973,0.011815101839601994,26.073226928710938,0.8664627930682977,0.0,0.0,0.0,6.995884773662551,0.8749356664951107,2261.7333984375,-7974097152.0,243.0,0.0,0.0,0.0,1.0,1.0
21973496.0,0.021512765437364578,4.738048076629639,0.0,15.09000015258789,0.015283352695405483,9.64218521118164,0.8634517766497461,0.0,0.0,0.0,6.858870967741935,0.8727552591072345,2212.67236328125,-7548377344.0,248.0,0.0,0.0,0.0,1.0,1.0
23967476.0,0.021974990144371986,4.633821487426758,0.0,14.979999542236328,0.011255615390837193,12.204591751098633,0.8553971486761711,0.0,0.0,0.0,6.363636363636363,0.8641975308641975,2264.158203125,-9743635200.0,264.0,0.0,0.0,0.0,1.0,1.0
22275910.0,0.02133113332092762,4.67606258392334,0.0,12.680000305175781,0.011580908671021461,11.799467086791992,0.8650025471217524,0.0,0.0,0.0,6.902439024390244,0.8734567901234568,2098.831787109375,-8371905536.0,246.0,0.0,0.0,0.0,1.0,1.0
26945320.0,0.021253976970911026,5.071133613586426,0.0,13.260000228881836,0.01630181446671486,16.479936599731445,0.8484069886947585,0.0,0.0,0.0,5.938848920863309,0.855883877656817,2284.313232421875,-8839134464.0,278.0,0.0,0.0,0.0,1.0,1.0
22808546.0,0.021165773272514343,4.8108367919921875,0.0,14.34000015258789,0.011623655445873737,22.848182678222656,0.8722109533468559,0.0,0.0,0.0,7.020408163265306,0.8753180661577609,2069.7109375,-8078200320.0,245.0,0.0,0.0,0.0,1.0,1.0
16281810.0,0.020926838740706444,4.626397609710693,0.0,11.869999885559082,0.014111421070992947,21.080299377441406,0.8995943204868154,0.0,0.0,0.0,9.53763440860215,0.9051020408163265,2436.129150390625,-6233488384.0,186.0,0.0,0.0,0.0,1.0,1.0
17522486.0,0.021121248602867126,4.723267078399658,0.0,11.329999923706055,0.014059384353458881,16.46404457092285,0.8748723186925434,0.0,0.0,0.0,7.167364016736402,0.8775614754098361,2465.707275390625,-7186834688.0,239.0,0.0,0.0,0.0,1.0,1.0
16969256.0,0.021535879001021385,4.883044242858887,0.0,14.029999732971191,0.014066583476960659,15.2110595703125,0.8323907455012853,0.0,0.0,0.0,5.22258064516129,0.8392949714878175,2142.51513671875,-7520595456.0,310.0,0.0,0.0,0.0,1.0,1.0
16775880.0,0.021024590358138084,4.765242099761963,0.0,14.0,0.012526510283350945,9.882952690124512,0.8552429667519181,0.0,0.0,0.0,6.124542124542124,0.8596401028277635,2454.5087890625,-6879161600.0,273.0,0.0,0.0,0.0,1.0,1.0
16830580.0,0.021450774744153023,4.465124607086182,0.0,12.970000267028809,0.01340815145522356,17.392932891845703,0.8738601823708206,0.0,0.0,0.0,7.2175732217573225,0.8783095723014257,2361.5205078125,-6916436480.0,239.0,0.0,0.0,0.0,1.0,1.0
25360906.0,0.02129030041396618,4.46005916595459,0.0,15.229999542236328,0.014813938178122044,15.389720916748047,0.8668354430379747,0.0,0.0,0.0,6.74015748031496,0.8708036622583927,2075.542724609375,-9560565248.0,254.0,0.0,0.0,0.0,1.0,1.0
29208250.0,0.021798886358737946,4.77047061920166,0.0,13.109999656677246,0.010956823825836182,18.89935302734375,0.888663967611336,0.0,0.0,0.0,8.322274881516588,0.8927300457549567,2015.897216796875,-9567313664.0,211.0,0.0,0.0,0.0,1.0,1.0
17806884.0,0.020849773660302162,4.576375961303711,0.0,11.390000343322754,0.013655759394168854,12.393299102783203,0.8771035186129525,0.0,0.0,0.0,7.853881278538813,0.887055183084064,2164.941162109375,-7033663488.0,219.0,0.0,0.0,0.0,1.0,1.0
21747064.0,0.02124982327222824,4.612678527832031,0.0,13.720000267028809,0.011250393465161324,12.854576110839844,0.8744280630401627,0.0,0.0,0.0,7.35042735042735,0.8802456499488229,2165.632080078125,-8648371712.0,234.0,0.0,0.0,0.0,1.0,1.0
23118986.0,0.021205468103289604,4.667304515838623,0.0,14.600000381469727,0.01174079068005085,18.2558536529541,0.8319672131147541,0.0,0.0,0.0,5.289902280130293,0.8410150181253236,1939.5518798828125,-8944879360.0,307.0,0.0,0.0,0.0,1.0,1.0
16898622.0,0.02111148275434971,4.68966817855835,0.0,13.579999923706055,0.011648846790194511,23.511798858642578,0.8704742478327384,0.0,0.0,0.0,7.08298755186722,0.8762833675564682,2290.682861328125,-6881486080.0,241.0,0.0,0.0,0.0,1.0,1.0
16807444.0,0.021539123728871346,4.648247241973877,0.0,11.899999618530273,0.011053420603275299,21.982284545898438,0.884028484231943,0.0,0.0,0.0,7.972477064220183,0.8885480572597138,2270.462158203125,-7602030080.0,218.0,0.0,0.0,0.0,1.0,1.0
18764840.0,0.021473132073879242,4.729990482330322,0.0,13.130000114440918,0.012722843326628208,22.95590591430664,0.8619460010188487,0.0,0.0,0.0,6.635294117647059,0.8690292758089369,2019.0260009765625,-7371275520.0,255.0,0.0,0.0,0.0,1.0,1.0
20391088.0,0.0215445663779974,4.7633466720581055,0.0,14.460000038146973,0.012005684897303581,12.573406219482422,0.8726534753932014,0.0,0.0,0.0,7.226890756302521,0.8784473953013279,2419.03271484375,-7786569216.0,238.0,0.0,0.0,0.0,1.0,1.0
24217810.0,0.021253861486911774,4.884747505187988,0.0,15.239999771118164,0.009613212198019028,10.797306060791016,0.8567073170731707,0.0,0.0,0.0,6.314606741573034,0.8632872503840245,1994.98974609375,-8249846784.0,267.0,0.0,0.0,0.0,1.0,1.0
26238464.0,0.02139621414244175,4.872204303741455,0.0,14.050000190734863,0.011896873824298382,19.9442081451416,0.84,0.0,0.0,0.0,5.405940594059406,0.8438948995363215,2224.31005859375,-9134420992.0,303.0,0.0,0.0,0.0,1.0,1.0
20335688.0,0.021399585530161858,4.551917552947998,0.0,13.319999694824219,0.012483151629567146,16.79209327697754,0.8681262729124236,0.0,0.0,0.0,6.930894308943089,0.8739108149666838,2334.594482421875,-8213364480.0,246.0,0.0,0.0,0.0,1.0,1.0
17992902.0,0.021843209862709045,4.552035331726074,0.0,14.119999885559082,0.012221742421388626,13.211377143859863,0.8402848423194303,0.0,0.0,0.0,5.736111111111111,0.8515463917525773,2081.82177734375,-7115437568.0,288.0,0.0,0.0,0.0,1.0,1.0
24050412.0,0.0214758962392807,4.685357570648193,0.0,14.029999732971191,0.012444742023944855,12.943181037902832,0.8660578386605784,0.0,0.0,0.0,6.7204724409448815,0.8704742478327384,2163.43115234375,-9044598016.0,254.0,0.0,0.0,0.0,1.0,1.0
20049746.0,0.02098994329571724,4.639423370361328,0.0,14.390000343322754,0.011129241436719894,19.85492515563965,0.8614519427402862,0.0,0.0,0.0,6.505791505791506,0.8667695473251029,2540.915771484375,-8279897600.0,259.0,0.0,0.0,0.0,1.0,1.0
16000908.0,0.021284637972712517,4.815554618835449,0.0,12.960000038146973,0.012189808301627636,11.28389835357666,0.8308483290488432,0.0,0.0,0.0,5.003095975232198,0.8334192882929345,2487.446044921875,-9225519104.0,323.0,0.0,0.0,0.0,1.0,1.0
20250136.0,0.020958423614501953,4.584849834442139,0.0,13.569999694824219,0.014653090387582779,23.69048500061035,0.8477261113949923,0.0,0.0,0.0,5.841549295774648,0.853834276891405,2114.626708984375,-10174051328.0,284.0,0.0,0.0,0.0,1.0,1.0
29132528.0,0.02060971036553383,4.621227264404297,0.0,14.670000076293945,0.012824486941099167,17.0906982421875,0.8322182192485846,0.0,0.0,0.0,5.216129032258064,0.8391281785158277,2391.541259765625,-10208531456.0,310.0,0.0,0.0,0.0,1.0,1.0
22666042.0,0.02142583392560482,4.812284469604492,0.0,12.329999923706055,0.01368690188974142,16.754844665527344,0.8690355329949239,0.0,0.0,0.0,7.133333333333334,0.8770491803278688,2512.04296875,-10475001600.0,240.0,0.0,0.0,0.0,1.0,1.0
13173408.0,0.021472487598657608,4.924358367919922,0.0,12.770000457763672,0.011248894967138767,17.761878967285156,0.866869918699187,0.0,0.0,0.0,6.991803278688525,0.8748717948717949,2639.113037109375,-6790593024.0,244.0,0.0,0.0,0.0,1.0,1.0
16750372.0,0.022008242085576057,4.923480033874512,0.0,11.880000114440918,0.012262783013284206,30.938180923461914,0.9028484231943031,0.0,0.0,0.0,9.441489361702128,0.9042282221090168,2091.547119140625,-6771025664.0,188.0,0.0,0.0,0.0,1.0,1.0
16218086.0,0.021640947088599205,4.737532138824463,0.0,12.680000305175781,0.010507095605134964,16.257261276245117,0.8657786885245902,0.0,0.0,0.0,6.926229508196721,0.8738366080661841,2776.713134765625,-7449500416.0,244.0,0.0,0.0,0.0,1.0,1.0
15485619.0,0.02156965248286724,4.554862022399902,0.0,12.420000076293945,0.012559954077005386,10.363968849182129,0.8614519427402862,0.0,0.0,0.0,6.5310077519379846,0.8672156459083891,2689.48876953125,-7232289024.0,258.0,0.0,0.0,0.0,1.0,1.0
34312800.0,0.021685989573597908,4.8311052322387695,0.0,14.5600004196167,0.01273320708423853,19.98247528076172,0.8715225088517956,0.0,0.0,0.0,7.3008474576271185,0.8795303726391016,1861.6357421875,-12423654400.0,236.0,0.0,0.0,0.0,1.0,1.0
27275082.0,0.021201517432928085,4.681663513183594,0.0,14.470000267028809,0.01611468754708767,15.934507369995117,0.8621388748099341,0.0,0.0,0.0,6.542307692307692,0.8674145843957165,2256.738525390625,-10173568512.0,260.0,0.0,0.0,0.0,1.0,1.0
18827134.0,0.02113645151257515,4.914547920227051,0.0,13.25,0.011948482133448124,18.848703384399414,0.8811579481970544,0.0,0.0,0.0,7.643171806167401,0.8843017329255861,1909.778076171875,-7475894784.0,227.0,0.0,0.0,0.0,1.0,1.0
20240310.0,0.020960984751582146,4.732619285583496,0.0,13.569999694824219,0.013550611212849617,19.30388641357422,0.8622267412303,0.0,0.0,0.0,6.650980392156863,0.8692977960020503,2600.70361328125,-7924788480.0,255.0,0.0,0.0,0.0,1.0,1.0
21148926.0,0.021778199821710587,4.834607124328613,0.0,14.0600004196167,0.011461268179118633,22.089296340942383,0.8769700050838841,0.0,0.0,0.0,7.700892857142857,0.8850692662904054,2188.677734375,-8443970048.0,224.0,0.0,0.0,0.0,1.0,1.0
16332155.0,0.02111314795911312,4.83095645904541,0.0,13.399999618530273,0.016036996617913246,18.02027130126953,0.8857725650178481,0.0,0.0,0.0,8.350961538461538,0.8930591259640103,2408.265869140625,-7674760704.0,208.0,0.0,0.0,0.0,1.0,1.0
13165527.0,0.020853649824857712,4.709756851196289,0.0,11.8100004196167,0.012225475162267685,16.969697952270508,0.8884360672440142,0.0,0.0,0.0,8.265402843601896,0.8920716112531969,2532.662109375,-6901808128.0,211.0,0.0,0.0,0.0,1.0,1.0
17010438.0,0.020795322954654694,4.598289489746094,0.0,13.239999771118164,0.010762562975287437,15.564556121826172,0.8987854251012146,0.0,0.0,0.0,9.298429319371728,0.9028978139298424,2530.90478515625,-6491616512.0,191.0,0.0,0.0,0.0,1.0,1.0
21628212.0,0.02111099474132061,4.847622394561768,0.0,14.779999732971191,0.013451505452394485,20.722949981689453,0.8535096642929807,0.0,0.0,0.0,6.404580152671755,0.8649484536082475,2284.255859375,-7538954240.0,262.0,0.0,0.0,0.0,1.0,1.0
26885754.0,0.02121991105377674,4.800339698791504,0.0,14.34000015258789,0.011132903397083282,7.9560065269470215,0.8692346680182463,0.0,0.0,0.0,6.887550200803213,0.8732179226069247,2348.98486328125,-9669002752.0,249.0,0.0,0.0,0.0,1.0,1.0
19895092.0,0.021206675097346306,4.742059707641602,0.0,12.369999885559082,0.01044359803199768,15.19182014465332,0.8851042196237926,0.0,0.0,0.0,8.097674418604651,0.8900817995910021,2212.6875,-7991204864.0,215.0,0.0,0.0,0.0,1.0,1.0
17841388.0,0.020980902016162872,4.757854461669922,0.0,13.470000267028809,0.012941805645823479,10.077144622802734,0.875886524822695,0.0,0.0,0.0,7.484848484848484,0.8821428571428571,1981.326171875,-6695607808.0,231.0,0.0,0.0,0.0,1.0,1.0
12576768.0,0.0218692347407341,4.868257522583008,0.0,10.90999984741211,0.012477599084377289,12.796483993530273,0.8869565217391304,0.0,0.0,0.0,8.336538461538462,0.8928939237899073,2438.108154296875,-6348894208.0,208.0,0.0,0.0,0.0,1.0,1.0
21952602.0,0.02153369039297104,4.7135844230651855,0.0,14.789999961853027,0.013305561617016792,14.661442756652832,0.8547314578005115,0.0,0.0,0.0,6.211895910780669,0.8613402061855671,2581.4765625,-8972243456.0,269.0,0.0,0.0,0.0,1.0,1.0
26057922.0,0.021453142166137695,4.710327625274658,0.0,14.140000343322754,0.0121085150167346,25.387380599975586,0.8545918367346939,0.0,0.0,0.0,6.203703703703703,0.8611825192802056,2226.634521484375,-9487490816.0,270.0,0.0,0.0,0.0,1.0,1.0
22620830.0,0.021432243287563324,5.025444507598877,0.0,13.170000076293945,0.015232503414154053,13.945555686950684,0.8400205761316872,0.0,0.0,0.0,5.498316498316498,0.8461139896373057,2216.20849609375,-9048374784.0,297.0,0.0,0.0,0.0,1.0,1.0
17375444.0,0.021724309772253036,4.84440803527832,0.0,11.5600004196167,0.013038025237619877,10.467395782470703,0.8730808597748209,0.0,0.0,0.0,7.353448275862069,0.8802889576883385,2554.58056640625,-7719697152.0,232.0,0.0,0.0,0.0,1.0,1.0
20150302.0,0.021153107285499573,4.829219818115234,0.0,13.100000381469727,0.011450055986642838,11.703784942626953,0.8555442522889115,0.0,0.0,0.0,6.444444444444445,0.8656716417910447,2209.473388671875,-7490638592.0,261.0,0.0,0.0,0.0,1.0,1.0
17839876.0,0.021069815382361412,4.500665664672852,0.0,12.880000114440918,0.011678766459226608,11.447914123535156,0.8752545824847251,0.0,0.0,0.0,7.253164556962025,0.8788343558282209,2130.25927734375,-6993847808.0,237.0,0.0,0.0,0.0,1.0,1.0
17862812.0,0.02149122953414917,4.99407434463501,0.0,13.5,0.013138470239937305,8.462356567382812,0.8924403855910705,0.0,0.0,0.0,8.580487804878048,0.8956211812627292,2241.1435546875,-6864014336.0,205.0,0.0,0.0,0.0,1.0,1.0
19824486.0,0.021560287103056908,4.546574592590332,0.0,13.850000381469727,0.014806398190557957,12.90372371673584,0.8514548238897397,0.0,0.0,0.0,5.978494623655914,0.8567026194144838,2601.818359375,-7809259264.0,279.0,0.0,0.0,0.0,1.0,1.0
19617314.0,0.021550538018345833,4.508639812469482,0.0,13.520000457763672,0.013812841847538948,13.598156929016113,0.8787417554540842,0.0,0.0,0.0,7.83710407239819,0.8868407578084997,2307.235107421875,-7429732096.0,221.0,0.0,0.0,0.0,1.0,1.0
19090388.0,0.021495699882507324,4.718739986419678,0.0,11.6899995803833,0.013768328353762627,18.58750343322754,0.9043037974683544,0.0,0.0,0.0,9.759562841530055,0.9070594210259014,2456.38232421875,-7262295040.0,183.0,0.0,0.0,0.0,1.0,1.0
16273335.0,0.021566856652498245,4.829931259155273,0.0,12.25,0.011455723084509373,12.245660781860352,0.8655804480651731,0.0,0.0,0.0,6.995884773662551,0.8749356664951107,2301.1767578125,-6884394496.0,243.0,0.0,0.0,0.0,1.0,1.0
22909950.0,0.021828627213835716,4.591442584991455,0.0,13.670000076293945,0.0110098235309124,17.79032325744629,0.8564838544336237,0.0,0.0,0.0,6.35361216730038,0.8640124095139607,2257.912353515625,-8775961088.0,263.0,0.0,0.0,0.0,1.0,1.0
18079414.0,0.021545428782701492,5.080646991729736,0.0,14.710000038146973,0.010324176400899887,17.333646774291992,0.8701166920345003,0.0,0.0,0.0,7.297872340425532,0.8794871794871795,2395.66162109375,-6890398976.0,235.0,0.0,0.0,0.0,1.0,1.0
14355996.0,0.02081800252199173,4.736163139343262,0.0,11.609999656677246,0.012087300419807434,20.032840728759766,0.878061224489796,0.0,0.0,0.0,7.787330316742081,0.8861997940267765,2393.379150390625,-8190002432.0,221.0,0.0,0.0,0.0,1.0,1.0
22831946.0,0.02174818515777588,4.720937728881836,0.0,14.050000190734863,0.014195190742611885,13.703157424926758,0.8433179723502304,0.0,0.0,0.0,5.6020408163265305,0.848531684698609,2301.4521484375,-9542056960.0,294.0,0.0,0.0,0.0,1.0,1.0
26874502.0,0.021719517186284065,4.680086612701416,0.0,14.020000457763672,0.012994106858968735,16.721858978271484,0.8660531697341514,0.0,0.0,0.0,6.914285714285715,0.8736462093862816,1960.386474609375,-10888201984.0,245.0,0.0,0.0,0.0,1.0,1.0
24513716.0,0.021255044266581535,4.974926948547363,0.0,15.4399995803833,0.012347549200057983,12.354005813598633,0.8492871690427699,0.0,0.0,0.0,5.873239436619718,0.8545081967213115,1976.8900146484375,-8724165120.0,284.0,0.0,0.0,0.0,1.0,1.0
24619236.0,0.02125013805925846,4.602633953094482,0.0,14.569999694824219,0.015428434126079082,19.809572219848633,0.8646998982706002,0.0,0.0,0.0,6.719367588932807,0.8704557091653866,1923.8941650390625,-9365171712.0,253.0,0.0,0.0,0.0,1.0,1.0
24405166.0,0.021066727116703987,4.87969446182251,0.0,16.1200008392334,0.017120424658060074,12.853536605834961,0.8437025796661608,0.0,0.0,0.0,6.0,0.8571428571428571,2375.12548828125,-10077237760.0,278.0,0.0,0.0,0.0,1.0,1.0
20088438.0,0.02149367332458496,4.98776388168335,0.0,14.079999923706055,0.014491627924144268,12.79201602935791,0.849616368286445,0.0,0.0,0.0,5.890070921985815,0.8548636129696345,2195.9169921875,-8530585088.0,282.0,0.0,0.0,0.0,1.0,1.0
20420514.0,0.0213937871158123,4.659278392791748,0.0,16.639999389648438,0.01080139260739088,12.840991973876953,0.8279022403258656,0.0,0.0,0.0,5.129337539432177,0.8368502316006176,2404.0458984375,-7693885440.0,317.0,0.0,0.0,0.0,1.0,1.0
21064154.0,0.0217913668602705,4.821814060211182,0.0,15.130000114440918,0.012323630973696709,13.747784614562988,0.8369120654396728,0.0,0.0,0.0,5.297734627831715,0.8412127440904419,2330.144287109375,-9068143104.0,309.0,0.0,0.0,0.0,1.0,1.0
25612168.0,0.021539773792028427,4.616175174713135,0.0,13.760000228881836,0.012342197820544243,15.18836498260498,0.8841679312089024,0.0,0.0,0.0,8.323809523809524,0.8927477017364658,2458.588623046875,-8936082688.0,210.0,0.0,0.0,0.0,1.0,1.0
19278254.0,0.02158978022634983,4.702925205230713,0.0,14.729999542236328,0.010028821416199207,17.713905334472656,0.8531969309462916,0.0,0.0,0.0,6.223880597014926,0.8615702479338843,2080.197021484375,-7845308928.0,268.0,0.0,0.0,0.0,1.0,1.0
18161154.0,0.021438907831907272,4.713123321533203,0.0,12.949999809265137,0.011631704866886139,12.273880004882812,0.8871951219512195,0.0,0.0,0.0,8.083333333333334,0.8899082568807339,2752.271728515625,-7493463552.0,216.0,0.0,0.0,0.0,1.0,1.0
17720512.0,0.02112436294555664,4.942790985107422,0.0,13.479999542236328,0.011364903301000595,19.139192581176758,0.8609271523178808,0.0,0.0,0.0,6.377358490566038,0.8644501278772379,2317.948974609375,-6817178624.0,265.0,0.0,0.0,0.0,1.0,1.0
26980506.0,0.021573875099420547,4.7777419090271,0.0,14.619999885559082,0.012874547392129898,18.75743865966797,0.8747474747474747,0.0,0.0,0.0,7.732142857142857,0.885480572597137,1969.3233642578125,-9229438464.0,224.0,0.0,0.0,0.0,1.0,1.0
21880970.0,0.02184353396296501,4.621084213256836,0.0,13.640000343322754,0.011364146135747433,11.75283432006836,0.862086513994911,0.0,0.0,0.0,6.515384615384615,0.8669396110542477,2116.25439453125,-8252748544.0,260.0,0.0,0.0,0.0,1.0,1.0
17639622.0,0.02152535691857338,4.807966232299805,0.0,12.569999694824219,0.015625396743416786,12.8274507522583,0.8547973319651103,0.0,0.0,0.0,6.14760147601476,0.8600929272070211,2343.572021484375,-8292031232.0,271.0,0.0,0.0,0.0,1.0,1.0
22423982.0,0.021374044939875603,4.897773265838623,0.0,15.25,0.012998138554394245,14.359551429748535,0.84026369168357,0.0,0.0,0.0,5.73356401384083,0.8514902363823227,2263.98388671875,-8426374656.0,289.0,0.0,0.0,0.0,1.0,1.0
25340572.0,0.021502576768398285,4.730606555938721,0.0,13.010000228881836,0.012470669113099575,20.07577896118164,0.8578706062149771,0.0,0.0,0.0,6.501930501930502,0.8667009778692744,2149.8525390625,-8118003712.0,259.0,0.0,0.0,0.0,1.0,1.0
17374394.0,0.02150605246424675,4.46407413482666,0.0,14.770000457763672,0.011068363673985004,13.421627044677734,0.8830971659919028,0.0,0.0,0.0,8.231132075471699,0.8916709248850281,2033.533203125,-6232124160.0,212.0,0.0,0.0,0.0,1.0,1.0
24663324.0,0.02145976945757866,4.755800247192383,0.0,16.959999084472656,0.012628067284822464,16.88505744934082,0.8091095189355169,0.0,0.0,0.0,4.416201117318436,0.815368746776689,2314.99169921875,-10366026752.0,358.0,0.0,0.0,0.0,1.0,1.0
20675882.0,0.02121453545987606,4.885077953338623,0.0,13.779999732971191,0.011769764125347137,20.551607131958008,0.8685279187817259,0.0,0.0,0.0,7.129166666666666,0.8769861609431061,2032.390380859375,-9012155392.0,240.0,0.0,0.0,0.0,1.0,1.0
16748548.0,0.021549968048930168,4.917354583740234,0.0,14.369999885559082,0.01503051444888115,17.697900772094727,0.8679245283018868,0.0,0.0,0.0,6.808,0.8719262295081968,1726.46826171875,-6201021184.0,250.0,0.0,0.0,0.0,1.0,1.0
17702816.0,0.021153371781110764,4.799254894256592,0.0,14.899999618530273,0.01161421462893486,14.922232627868652,0.8287917737789203,0.0,0.0,0.0,5.085173501577287,0.8356661482633488,2289.73583984375,-8497037056.0,317.0,0.0,0.0,0.0,1.0,1.0
19561612.0,0.021719522774219513,4.7756571769714355,0.0,13.930000305175781,0.013139930553734303,30.38663673400879,0.8802638254693049,0.0,0.0,0.0,7.815315315315315,0.886561062851303,2558.654296875,-7065550848.0,222.0,0.0,0.0,0.0,1.0,1.0
23889776.0,0.02136123925447464,4.530422210693359,0.0,14.680000305175781,0.011738566681742668,14.789722442626953,0.8569979716024341,0.0,0.0,0.0,6.236162361623617,0.8618052014278429,2285.544921875,-10561046528.0,271.0,0.0,0.0,0.0,1.0,1.0
14150162.0,0.021448297426104546,4.626669883728027,0.0,11.800000190734863,0.013187815435230732,15.242021560668945,0.8748723186925434,0.0,0.0,0.0,7.32051282051282,0.8798151001540832,2262.08544921875,-6049337856.0,234.0,0.0,0.0,0.0,1.0,1.0
14013633.0,0.02150227129459381,4.565304756164551,0.0,12.359999656677246,0.011040455661714077,13.908867835998535,0.867827868852459,0.0,0.0,0.0,7.087866108786611,0.8763579927573719,2758.76806640625,-6309558272.0,239.0,0.0,0.0,0.0,1.0,1.0
16138159.0,0.02099779061973095,4.529878616333008,0.0,12.529999732971191,0.012020409107208252,14.51622486114502,0.8548717948717949,0.0,0.0,0.0,6.290566037735849,0.8628364389233955,2500.13330078125,-7329583616.0,265.0,0.0,0.0,0.0,1.0,1.0
20521534.0,0.021865660324692726,4.853737831115723,0.0,13.699999809265137,0.012975138612091541,22.178234100341797,0.8647416413373861,0.0,0.0,0.0,6.828,0.8722534491568728,2629.23681640625,-9415319040.0,250.0,0.0,0.0,0.0,1.0,1.0
18037396.0,0.021688852459192276,4.939607620239258,0.0,13.329999923706055,0.010673264972865582,17.986915588378906,0.8749367088607595,0.0,0.0,0.0,7.545851528384279,0.8829841594276955,2248.358154296875,-6439019776.0,229.0,0.0,0.0,0.0,1.0,1.0
20590862.0,0.02116572856903076,4.644320011138916,0.0,11.90999984741211,0.014284852892160416,15.28233528137207,0.8917815211842777,0.0,0.0,0.0,8.735,0.8972778633795583,2408.7734375,-9087686144.0,200.0,0.0,0.0,0.0,1.0,1.0
15781527.0,0.02143845520913601,4.828261852264404,0.0,13.140000343322754,0.014258007518947124,12.500971794128418,0.8900709219858156,0.0,0.0,0.0,8.655172413793103,0.8964285714285715,2028.3184814453125,-6713485312.0,203.0,0.0,0.0,0.0,1.0,1.0
26021886.0,0.021298490464687347,4.6253461837768555,0.0,14.619999885559082,0.01494432333856821,21.795827865600586,0.8392036753445635,0.0,0.0,0.0,5.425742574257426,0.8443759630200308,2368.744384765625,-9715105792.0,303.0,0.0,0.0,0.0,1.0,1.0
16362222.0,0.021046534180641174,4.992525100708008,0.0,12.420000076293945,0.012169096618890762,20.033029556274414,0.8879878357830715,0.0,0.0,0.0,8.423076923076923,0.8938775510204081,2377.251708984375,-7657014272.0,208.0,0.0,0.0,0.0,1.0,1.0
13873412.0,0.021264001727104187,4.827433109283447,0.0,11.970000267028809,0.014105028472840786,19.263320922851562,0.8869168356997972,0.0,0.0,0.0,8.408653846153847,0.8937148696985181,2274.809326171875,-5990063360.0,208.0,0.0,0.0,0.0,1.0,1.0
17777090.0,0.020702622830867767,4.662081718444824,0.0,12.09000015258789,0.013811727054417133,13.363389015197754,0.8612244897959184,0.0,0.0,0.0,6.67193675889328,0.8696548171045853,2298.96923828125,-7169165824.0,253.0,0.0,0.0,0.0,1.0,1.0
13284312.0,0.021354053169488907,4.8604583740234375,0.0,12.5600004196167,0.011517966166138649,15.039766311645508,0.8838153221714865,0.0,0.0,0.0,8.14018691588785,0.8905930470347648,2150.82470703125,-5194710656.0,214.0,0.0,0.0,0.0,1.0,1.0
16517038.0,0.021790506318211555,4.702141284942627,0.0,12.210000038146973,0.014100555330514908,12.302425384521484,0.8852209243270696,0.0,0.0,0.0,8.339712918660288,0.8929303278688525,2756.3984375,-7199441920.0,209.0,0.0,0.0,0.0,1.0,1.0
19381752.0,0.021452562883496284,4.890453338623047,0.0,13.529999732971191,0.01399491261690855,15.888325691223145,0.8609842719431761,0.0,0.0,0.0,6.603112840466926,0.868474923234391,2377.751708984375,-8496638720.0,257.0,0.0,0.0,0.0,1.0,1.0
15038915.0,0.021639378741383553,4.7370991706848145,0.0,14.1899995803833,0.013079850934445858,20.00118064880371,0.8470588235294118,0.0,0.0,0.0,5.956834532374101,0.8562564632885212,2056.576904296875,-7239582976.0,278.0,0.0,0.0,0.0,1.0,1.0
16151229.0,0.021227706223726273,4.743871212005615,0.0,13.220000267028809,0.012350385077297688,15.125871658325195,0.8777890466531441,0.0,0.0,0.0,7.558951965065503,0.8831632653061224,2008.906005859375,-6717639680.0,229.0,0.0,0.0,0.0,1.0,1.0
24165632.0,0.021562034264206886,4.45938777923584,0.0,14.460000038146973,0.013383280485868454,18.77361297607422,0.8507386653082017,0.0,0.0,0.0,5.798611111111111,0.8529111338100103,2346.056884765625,-9293130496.0,288.0,0.0,0.0,0.0,1.0,1.0
22985800.0,0.021929383277893066,4.7443766593933105,0.0,12.59000015258789,0.0159178264439106,19.16630744934082,0.8866396761133604,0.0,0.0,0.0,8.303317535545023,0.8925114620478859,2417.185302734375,-8859920896.0,211.0,0.0,0.0,0.0,1.0,1.0
24381228.0,0.021647974848747253,4.5668158531188965,0.0,13.140000343322754,0.014273366890847683,13.341167449951172,0.883248730964467,0.0,0.0,0.0,7.873303167420814,0.887302396736359,2654.555419921875,-9127259648.0,221.0,0.0,0.0,0.0,1.0,1.0
17898018.0,0.021328074857592583,4.746068954467773,0.0,13.609999656677246,0.012700440362095833,15.788822174072266,0.8489984591679507,0.0,0.0,0.0,5.924731182795699,0.8555900621118012,2198.741943359375,-7370503680.0,279.0,0.0,0.0,0.0,1.0,1.0
19131540.0,0.021570568904280663,4.9288482666015625,0.0,15.970000267028809,0.015447314828634262,13.807682037353516,0.8373983739837398,0.0,0.0,0.0,5.5864406779661016,0.8481729284611426,2207.67626953125,-9135861760.0,295.0,0.0,0.0,0.0,1.0,1.0
20169684.0,0.021939748898148537,4.833636283874512,0.0,12.09000015258789,0.011928235180675983,10.521552085876465,0.8863983698420784,0.0,0.0,0.0,8.130841121495328,0.8904810644831116,2313.67236328125,-10922937344.0,214.0,0.0,0.0,0.0,1.0,1.0
25209380.0,0.021557247266173363,4.717578887939453,0.0,14.529999732971191,0.012460525147616863,11.673903465270996,0.8567800914169629,0.0,0.0,0.0,6.2481481481481485,0.8620337250894226,2295.974609375,-10419848448.0,270.0,0.0,0.0,0.0,1.0,1.0
24537172.0,0.021794045343995094,4.493598461151123,0.0,16.329999923706055,0.01326778158545494,15.471450805664062,0.8468559837728195,0.0,0.0,0.0,5.798611111111111,0.8529111338100103,2286.07275390625,-8056292608.0,288.0,0.0,0.0,0.0,1.0,1.0
19603116.0,0.020671676844358444,4.972155570983887,0.0,13.359999656677246,0.014764492399990559,21.944250106811523,0.873598369011213,0.0,0.0,0.0,7.171548117154812,0.8776241679467486,2147.019287109375,-7621291520.0,239.0,0.0,0.0,0.0,1.0,1.0
25352276.0,0.02085420861840248,4.752784252166748,0.0,15.15999984741211,0.01085696741938591,15.087592124938965,0.8791264601320468,0.0,0.0,0.0,7.558951965065503,0.8831632653061224,2088.03662109375,-9230352128.0,229.0,0.0,0.0,0.0,1.0,1.0
22639856.0,0.02125437557697296,4.903747081756592,0.0,12.970000267028809,0.013729419559240341,15.177032470703125,0.8707204905467553,0.0,0.0,0.0,7.189873417721519,0.8778979907264297,2232.2626953125,-11429548032.0,237.0,0.0,0.0,0.0,1.0,1.0
16155369.0,0.021776990965008736,4.667163372039795,0.0,14.569999694824219,0.012536062858998775,16.892045974731445,0.8510747185261003,0.0,0.0,0.0,5.855633802816901,0.8541345659989728,2079.63427734375,-6819884544.0,284.0,0.0,0.0,0.0,1.0,1.0
21336552.0,0.021512141451239586,4.778982639312744,0.0,15.819999694824219,0.010722752660512924,12.243971824645996,0.8416196822142491,0.0,0.0,0.0,5.547297297297297,0.847265221878225,2359.6494140625,-7268742912.0,296.0,0.0,0.0,0.0,1.0,1.0
16448470.0,0.02195596694946289,4.8588480949401855,0.0,11.630000114440918,0.010323412716388702,16.73828887939453,0.8848700967906266,0.0,0.0,0.0,8.23222748815166,0.8916837782340863,2397.53466796875,-6571418880.0,211.0,0.0,0.0,0.0,1.0,1.0
17214754.0,0.020918777212500572,4.614686489105225,0.0,14.479999542236328,0.012477238662540913,20.829378128051758,0.8645621181262729,0.0,0.0,0.0,6.930612244897959,0.8739063304168811,2351.286865234375,-6307977216.0,245.0,0.0,0.0,0.0,1.0,1.0
16748078.0,0.02120872586965561,4.742931365966797,0.0,13.4399995803833,0.012329497374594212,16.481229782104492,0.8580183861082737,0.0,0.0,0.0,6.363636363636363,0.8641975308641975,2357.876953125,-7679291648.0,264.0,0.0,0.0,0.0,1.0,1.0
15268145.0,0.021475905552506447,4.71921443939209,0.0,11.609999656677246,0.014564433135092258,16.902141571044922,0.8870720490546755,0.0,0.0,0.0,8.46829268292683,0.8943843379701185,2358.66943359375,-7363321600.0,205.0,0.0,0.0,0.0,1.0,1.0
22782644.0,0.021594339981675148,4.879854679107666,0.0,15.140000343322754,0.013013814575970173,22.627058029174805,0.8543046357615894,0.0,0.0,0.0,6.280898876404494,0.8626543209876543,2318.512939453125,-9049461760.0,267.0,0.0,0.0,0.0,1.0,1.0
15564627.0,0.021245870739221573,4.919129371643066,0.0,12.9399995803833,0.010949237272143364,20.50708770751953,0.8680872653475393,0.0,0.0,0.0,7.0995850622406635,0.8765368852459017,2501.363037109375,-6485289472.0,241.0,0.0,0.0,0.0,1.0,1.0
18873802.0,0.021406477317214012,4.699876308441162,0.0,13.770000457763672,0.015057451091706753,14.16335678100586,0.8709349593495935,0.0,0.0,0.0,7.082644628099174,0.876278118609407,2276.656982421875,-7808104448.0,242.0,0.0,0.0,0.0,1.0,1.0
23173468.0,0.021174509078264236,4.644890785217285,0.0,13.729999542236328,0.011492189951241016,11.906064987182617,0.863265306122449,0.0,0.0,0.0,6.661417322834645,0.869475847893114,2112.9921875,-9243111168.0,254.0,0.0,0.0,0.0,1.0,1.0
19109782.0,0.021064674481749535,4.889078140258789,0.0,12.760000228881836,0.012635625898838043,15.05281925201416,0.883248730964467,0.0,0.0,0.0,8.20754716981132,0.8913934426229508,2581.76611328125,-8277806848.0,212.0,0.0,0.0,0.0,1.0,1.0
17444148.0,0.02134634554386139,4.990581512451172,0.0,11.920000076293945,0.01186737883836031,26.825904846191406,0.8930020283975659,0.0,0.0,0.0,9.077319587628866,0.90076726342711,2458.16162109375,-6433990656.0,194.0,0.0,0.0,0.0,1.0,1.0
18694256.0,0.021624170243740082,4.763786792755127,0.0,12.850000381469727,0.014723562635481358,16.48975944519043,0.8410832907511497,0.0,0.0,0.0,5.379084967320262,0.8432377049180327,2231.306396484375,-10005041664.0,306.0,0.0,0.0,0.0,1.0,1.0
23483228.0,0.02137797139585018,4.7475714683532715,0.0,13.5600004196167,0.013322182931005955,15.478779792785645,0.8255933952528379,0.0,0.0,0.0,5.063291139240507,0.8350730688935282,2343.941162109375,-9953957376.0,316.0,0.0,0.0,0.0,1.0,1.0
24231640.0,0.022232625633478165,4.7075653076171875,0.0,14.869999885559082,0.015861481428146362,13.759471893310547,0.8383110195674562,0.0,0.0,0.0,5.4630872483221475,0.8452751817237798,2393.627197265625,-9915895296.0,298.0,0.0,0.0,0.0,1.0,1.0
16446138.0,0.021367039531469345,4.59926700592041,0.0,12.279999732971191,0.011250860057771206,16.788890838623047,0.872057318321392,0.0,0.0,0.0,7.313304721030043,0.879710893133712,2589.61376953125,-7410981376.0,233.0,0.0,0.0,0.0,1.0,1.0
16213179.0,0.021812550723552704,4.473264694213867,0.0,16.3799991607666,0.011971428990364075,12.06698226928711,0.8457230142566191,0.0,0.0,0.0,5.767361111111111,0.8522319138019497,2387.26708984375,-6787048448.0,288.0,0.0,0.0,0.0,1.0,1.0
20946768.0,0.02097390964627266,4.7374372482299805,0.0,14.15999984741211,0.014138784259557724,12.934823989868164,0.8684611477907568,0.0,0.0,0.0,7.095435684647303,0.876473603280369,2080.641845703125,-7662786560.0,241.0,0.0,0.0,0.0,1.0,1.0
16914604.0,0.02143513411283493,4.667316913604736,0.0,11.800000190734863,0.013210240751504898,14.429855346679688,0.872829417773238,0.0,0.0,0.0,7.210970464135021,0.8782117163412128,2421.2451171875,-7687351040.0,237.0,0.0,0.0,0.0,1.0,1.0
20439174.0,0.021590683609247208,4.597590446472168,0.0,14.9399995803833,0.009993546642363071,12.107219696044922,0.8553971486761711,0.0,0.0,0.0,6.222222222222222,0.8615384615384616,2143.5341796875,-7098232576.0,270.0,0.0,0.0,0.0,1.0,1.0
22112162.0,0.021403100341558456,5.026698589324951,0.0,15.6899995803833,0.01246028020977974,18.053321838378906,0.8094992256066081,0.0,0.0,0.0,4.467236467236467,0.8170922355393434,2215.307861328125,-9133432576.0,351.0,0.0,0.0,0.0,1.0,1.0
15298542.0,0.021184545010328293,4.831264495849609,0.0,14.09000015258789,0.010751472786068916,13.238876342773438,0.8496932515337423,0.0,0.0,0.0,5.956989247311828,0.8562596599690881,2091.366455078125,-6728232960.0,279.0,0.0,0.0,0.0,1.0,1.0
20516528.0,0.020861802622675896,4.635363578796387,0.0,10.890000343322754,0.01566305011510849,11.041421890258789,0.8910840932117527,0.0,0.0,0.0,8.928934010152284,0.8992842535787321,2249.35986328125,-10149918208.0,197.0,0.0,0.0,0.0,1.0,1.0
21343288.0,0.021439382806420326,4.843626499176025,0.0,15.079999923706055,0.01443093828856945,19.86834716796875,0.8357070193285859,0.0,0.0,0.0,5.369281045751634,0.8429964084145716,2496.8359375,-8773977600.0,306.0,0.0,0.0,0.0,1.0,1.0
18535554.0,0.021350333467125893,5.020979404449463,0.0,13.25,0.013039348646998405,16.191682815551758,0.8723186925434117,0.0,0.0,0.0,7.146443514644352,0.8772470467385721,2420.5244140625,-7776349696.0,239.0,0.0,0.0,0.0,1.0,1.0
12122497.0,0.021068215370178223,4.695301055908203,0.0,10.350000381469727,0.011138232424855232,15.227876663208008,0.8853046594982079,0.0,0.0,0.0,8.19431279620853,0.8912371134020619,2542.017578125,-5300918656.0,211.0,0.0,0.0,0.0,1.0,1.0
13313580.0,0.021186463534832,4.461338520050049,0.0,11.34000015258789,0.014604677446186543,11.593417167663574,0.8896797153024911,0.0,0.0,0.0,8.663366336633663,0.8965163934426229,2286.06005859375,-5518148864.0,202.0,0.0,0.0,0.0,1.0,1.0
16977556.0,0.02151242457330227,4.800693511962891,0.0,13.09000015258789,0.014067034237086773,14.73520565032959,0.8843606724401426,0.0,0.0,0.0,8.11214953271028,0.8902564102564102,1866.833984375,-6364081408.0,214.0,0.0,0.0,0.0,1.0,1.0
17270922.0,0.021485846489667892,4.849666118621826,0.0,12.649999618530273,0.011131977662444115,18.067256927490234,0.8524421593830335,0.0,0.0,0.0,6.2330827067669174,0.8617463617463618,2548.92822265625,-7290912000.0,266.0,0.0,0.0,0.0,1.0,1.0
24300934.0,0.021813327446579933,4.850237846374512,0.0,15.699999809265137,0.011893820948898792,12.509364128112793,0.8248212461695608,0.0,0.0,0.0,4.969230769230769,0.8324742268041238,2421.999755859375,-9012828928.0,325.0,0.0,0.0,0.0,1.0,1.0
30263670.0,0.020976023748517036,4.762495040893555,0.0,13.289999961853027,0.010531316511332989,12.309701919555664,0.8647959183673469,0.0,0.0,0.0,6.890243902439025,0.8732612055641422,2099.58349609375,-9116841728.0,246.0,0.0,0.0,0.0,1.0,1.0
22346640.0,0.02166374772787094,4.796218395233154,0.0,15.420000076293945,0.013388426974415779,18.49580192565918,0.8665318503538928,0.0,0.0,0.0,6.828685258964144,0.872264631043257,2224.25830078125,-8011002112.0,251.0,0.0,0.0,0.0,1.0,1.0
20722996.0,0.021345119923353195,4.844478130340576,0.0,14.210000038146973,0.011751965619623661,18.486642837524414,0.8756976154236428,0.0,0.0,0.0,7.537117903930131,0.8828644501278773,2482.422607421875,-7693664256.0,229.0,0.0,0.0,0.0,1.0,1.0
27285238.0,0.021877890452742577,4.790825843811035,0.0,12.739999771118164,0.012444525957107544,10.44356918334961,0.8469022017409115,0.0,0.0,0.0,5.803508771929825,0.853017019082001,2038.94384765625,-8986011648.0,285.0,0.0,0.0,0.0,1.0,1.0
16360366.0,0.021739685907959938,4.964179515838623,0.0,14.470000267028809,0.010699973441660404,20.231813430786133,0.8702290076335878,0.0,0.0,0.0,7.215189873417722,0.8782742681047766,2116.906494140625,-8629904384.0,237.0,0.0,0.0,0.0,1.0,1.0
19271976.0,0.021188316866755486,5.017223834991455,0.0,13.09000015258789,0.014824403449892998,13.612056732177734,0.8572162300975861,0.0,0.0,0.0,6.274436090225564,0.8625322997416021,2329.17724609375,-11259801600.0,266.0,0.0,0.0,0.0,1.0,1.0
22185288.0,0.02153402753174305,4.8613786697387695,0.0,15.220000267028809,0.013364591635763645,23.04497718811035,0.8390393459376597,0.0,0.0,0.0,5.45514950166113,0.845084920226454,2133.65283203125,-7996812288.0,301.0,0.0,0.0,0.0,1.0,1.0
21271872.0,0.021507691591978073,4.834534645080566,0.0,13.0,0.015911005437374115,18.569536209106445,0.8809766022380467,0.0,0.0,0.0,7.766816143497758,0.8859335038363171,1721.845947265625,-7177459968.0,223.0,0.0,0.0,0.0,1.0,1.0
22171484.0,0.020970730111002922,4.763453483581543,0.0,14.890000343322754,0.012848335318267345,19.41303253173828,0.851129363449692,0.0,0.0,0.0,6.095588235294118,0.8590673575129534,2588.338623046875,-10291848192.0,272.0,0.0,0.0,0.0,1.0,1.0
17362396.0,0.0210520401597023,4.771183967590332,0.0,12.65999984741211,0.013526704162359238,14.64409351348877,0.8647959183673469,0.0,0.0,0.0,6.94672131147541,0.8741619391438886,2974.357666015625,-6771049728.0,244.0,0.0,0.0,0.0,1.0,1.0
25024038.0,0.021196814253926277,4.751588821411133,0.0,14.6899995803833,0.013794261030852795,17.856868743896484,0.88268156424581,0.0,0.0,0.0,7.864253393665158,0.8871873404798366,2709.676025390625,-8628403712.0,221.0,0.0,0.0,0.0,1.0,1.0
15500571.0,0.021377429366111755,4.633871078491211,0.0,12.859999656677246,0.011171968653798103,16.184200286865234,0.8564814814814815,0.0,0.0,0.0,6.330798479087452,0.8635892116182573,2778.97509765625,-7259164672.0,263.0,0.0,0.0,0.0,1.0,1.0
23433890.0,0.021239638328552246,4.8863043785095215,0.0,12.619999885559082,0.013014335185289383,16.907987594604492,0.8716904276985743,0.0,0.0,0.0,7.074380165289257,0.8761514841351075,2385.560546875,-9586884608.0,242.0,0.0,0.0,0.0,1.0,1.0
14045450.0,0.02146831713616848,4.8196306228637695,0.0,12.539999961853027,0.012228798121213913,14.731048583984375,0.884928716904277,0.0,0.0,0.0,8.236966824644549,0.8917393535146229,2667.909423828125,-6855346176.0,211.0,0.0,0.0,0.0,1.0,1.0
17276982.0,0.02184685505926609,4.639463901519775,0.0,13.229999542236328,0.01560947671532631,20.173629760742188,0.8484693877551021,0.0,0.0,0.0,5.73448275862069,0.851510496671787,2330.18896484375,-7581787136.0,290.0,0.0,0.0,0.0,1.0,1.0
20462160.0,0.02155168540775776,5.100910663604736,0.0,14.229999542236328,0.010760264471173286,16.018348693847656,0.8504624871531347,0.0,0.0,0.0,5.996376811594203,0.8570688762299327,2499.0263671875,-9565676288.0,276.0,0.0,0.0,0.0,1.0,1.0
17015268.0,0.02155255153775215,4.8812971115112305,0.0,12.729999542236328,0.012056958861649036,12.852407455444336,0.8625447112927951,0.0,0.0,0.0,6.698412698412699,0.8701030927835052,2211.6162109375,-6442145536.0,252.0,0.0,0.0,0.0,1.0,1.0
21312410.0,0.021165382117033005,4.8202619552612305,0.0,14.239999771118164,0.013276896439492702,11.670077323913574,0.8701825557809331,0.0,0.0,0.0,7.004081632653061,0.8750637429882713,2336.86767578125,-8679642368.0,245.0,0.0,0.0,0.0,1.0,1.0
26662272.0,0.021262792870402336,5.0562543869018555,0.0,15.859999656677246,0.011730100028216839,12.63625717163086,0.8535841382816471,0.0,0.0,0.0,6.195571955719557,0.861025641025641,2286.03125,-9843090944.0,271.0,0.0,0.0,0.0,1.0,1.0
26823828.0,0.022282171994447708,5.100687026977539,0.0,13.979999542236328,0.01198721956461668,8.654699325561523,0.8630831643002028,0.0,0.0,0.0,6.7272727272727275,0.8705882352941177,2343.187255859375,-9862785024.0,253.0,0.0,0.0,0.0,1.0,1.0
17483476.0,0.021380407735705376,4.93421745300293,0.0,13.09000015258789,0.013032108545303345,12.867079734802246,0.8713123092573754,0.0,0.0,0.0,7.447826086956522,0.8816263510036026,2361.866455078125,-6330048768.0,230.0,0.0,0.0,0.0,1.0,1.0
16363757.0,0.021319923922419548,4.86735725402832,0.0,12.25,0.009596975520253181,14.668001174926758,0.8852209243270696,0.0,0.0,0.0,7.995412844036697,0.88883222845487,2407.84130859375,-7021500672.0,218.0,0.0,0.0,0.0,1.0,1.0
15151693.0,0.022100642323493958,4.850313186645508,0.0,12.670000076293945,0.011275987140834332,8.834832191467285,0.8750637429882713,0.0,0.0,0.0,7.526315789473684,0.8827160493827161,2520.180908203125,-6617507584.0,228.0,0.0,0.0,0.0,1.0,1.0
21791616.0,0.022159958258271217,4.70045804977417,0.0,13.65999984741211,0.010993857868015766,18.411643981933594,0.867005076142132,0.0,0.0,0.0,6.943089430894309,0.8741044012282497,2309.597412109375,-8708344832.0,246.0,0.0,0.0,0.0,1.0,1.0
18629424.0,0.02138221450150013,4.922296524047852,0.0,14.579999923706055,0.01166602410376072,18.557762145996094,0.8727087576374746,0.0,0.0,0.0,7.232067510548523,0.8785238339313173,2397.59228515625,-7049574400.0,237.0,0.0,0.0,0.0,1.0,1.0
19911448.0,0.021506598219275475,4.581971645355225,0.0,12.029999732971191,0.013290755450725555,17.273530960083008,0.8793893129770992,0.0,0.0,0.0,7.748878923766816,0.8856996412096361,1918.5213623046875,-7179426560.0,223.0,0.0,0.0,0.0,1.0,1.0
20579288.0,0.021408163011074066,4.874019622802734,0.0,14.100000381469727,0.011267993599176407,23.44277000427246,0.8606307222787386,0.0,0.0,0.0,6.635294117647059,0.8690292758089369,2137.271484375,-8023463424.0,255.0,0.0,0.0,0.0,1.0,1.0
19843696.0,0.021596824750304222,4.6401543617248535,0.0,12.670000076293945,0.013135080225765705,17.566125869750977,0.8487480838017374,0.0,0.0,0.0,5.8076923076923075,0.8531073446327684,1994.480712890625,-8162532352.0,286.0,0.0,0.0,0.0,1.0,1.0
21687796.0,0.0215047225356102,4.614424228668213,0.0,12.869999885559082,0.014215520583093166,12.220907211303711,0.8679245283018868,0.0,0.0,0.0,7.062240663900415,0.8759650025733402,2046.7086181640625,-8496339968.0,241.0,0.0,0.0,0.0,1.0,1.0
28268918.0,0.02098584733903408,4.670834541320801,0.0,16.75,0.011353318579494953,11.31018352508545,0.8373983739837398,0.0,0.0,0.0,5.682758620689655,0.8503611971104231,2014.61083984375,-9006122752.0,290.0,0.0,0.0,0.0,1.0,1.0
15520900.0,0.021193932741880417,4.609344005584717,0.0,12.119999885559082,0.011076741851866245,15.320220947265625,0.8759571209800919,0.0,0.0,0.0,7.559471365638767,0.883170355120947,2167.12548828125,-6774536448.0,227.0,0.0,0.0,0.0,1.0,1.0
19188830.0,0.02183983102440834,4.9092793464660645,0.0,13.460000038146973,0.012182880192995071,13.78852367401123,0.838560411311054,0.0,0.0,0.0,5.454849498327759,0.8450777202072539,2547.68701171875,-7956321792.0,299.0,0.0,0.0,0.0,1.0,1.0
25288806.0,0.0216823760420084,4.712701320648193,0.0,15.420000076293945,0.012709862552583218,10.829312324523926,0.8422391857506362,0.0,0.0,0.0,5.572390572390573,0.8478483606557377,2427.48388671875,-10157527040.0,297.0,0.0,0.0,0.0,1.0,1.0
21179768.0,0.02167918160557747,4.9682936668396,0.0,13.520000457763672,0.01251175906509161,15.31831169128418,0.8643807574206755,0.0,0.0,0.0,6.922131147540983,0.8737713398861873,2214.0048828125,-8300246272.0,244.0,0.0,0.0,0.0,1.0,1.0
16982590.0,0.02088710479438305,4.878134250640869,0.0,13.739999771118164,0.013097930699586868,15.380037307739258,0.8758269720101781,0.0,0.0,0.0,7.2923728813559325,0.8794072560040879,2454.917724609375,-6575422464.0,236.0,0.0,0.0,0.0,1.0,1.0
15306124.0,0.02135864458978176,4.621251106262207,0.0,11.920000076293945,0.010844227857887745,21.57570457458496,0.8772378516624041,0.0,0.0,0.0,7.392241379310345,0.8808423215202876,2072.618408203125,-7078112000.0,232.0,0.0,0.0,0.0,1.0,1.0
23103120.0,0.021220622584223747,4.711840629577637,0.0,14.479999542236328,0.013456562533974648,13.983992576599121,0.8860630722278738,0.0,0.0,0.0,8.178403755868544,0.8910485933503837,2320.22119140625,-7753821952.0,213.0,0.0,0.0,0.0,1.0,1.0
15617556.0,0.021571727469563484,5.048727035522461,0.0,12.569999694824219,0.01135196816176176,17.94055938720703,0.8913705583756345,0.0,0.0,0.0,8.607843137254902,0.8959183673469387,2389.0673828125,-6736882432.0,204.0,0.0,0.0,0.0,1.0,1.0
17715412.0,0.02131178230047226,4.838627815246582,0.0,11.5,0.011884803883731365,12.760668754577637,0.873721881390593,0.0,0.0,0.0,7.430434782608696,0.8813821557503868,2461.14892578125,-10650271232.0,230.0,0.0,0.0,0.0,1.0,1.0
17556876.0,0.021518034860491753,5.226393222808838,0.0,14.050000190734863,0.010433756746351719,18.17420196533203,0.8621566632756866,0.0,0.0,0.0,6.807228915662651,0.8719135802469136,2169.517578125,-8380800000.0,249.0,0.0,0.0,0.0,1.0,1.0
24016472.0,0.02188381366431713,4.9509477615356445,0.0,14.029999732971191,0.014622960239648819,11.716005325317383,0.872579001019368,0.0,0.0,0.0,7.411255411255412,0.8811116829644879,2207.409423828125,-9420450816.0,231.0,0.0,0.0,0.0,1.0,1.0
14965518.0,0.021441878750920296,4.791911602020264,0.0,12.899999618530273,0.01235214527696371,15.659525871276855,0.8741687979539642,0.0,0.0,0.0,7.663677130044843,0.884575569358178,2085.7978515625,-5843350272.0,223.0,0.0,0.0,0.0,1.0,1.0
26797156.0,0.021411044523119926,5.285496711730957,0.0,12.8100004196167,0.011833371594548225,15.223844528198242,0.8663946965833759,0.0,0.0,0.0,6.850806451612903,0.8726245505906522,2384.48046875,-10514087680.0,248.0,0.0,0.0,0.0,1.0,1.0
16522903.0,0.02169627696275711,4.871547222137451,0.0,13.8100004196167,0.013114344328641891,14.70392894744873,0.8496395468589083,0.0,0.0,0.0,6.0661764705882355,0.858480749219563,2139.654296875,-8330338304.0,272.0,0.0,0.0,0.0,1.0,1.0
19322186.0,0.021049432456493378,4.839984893798828,0.0,12.220000267028809,0.012205352075397968,13.26218032836914,0.8576567317574512,0.0,0.0,0.0,6.274436090225564,0.8625322997416021,2141.885009765625,-7408467200.0,266.0,0.0,0.0,0.0,1.0,1.0
19008638.0,0.02149360254406929,4.949386119842529,0.0,13.829999923706055,0.012064311653375626,16.79301643371582,0.8578732106339468,0.0,0.0,0.0,6.478764478764479,0.8662880743417656,2245.652587890625,-9186564608.0,259.0,0.0,0.0,0.0,1.0,1.0
17667600.0,0.021700413897633553,4.774311542510986,0.0,11.6899995803833,0.014271106570959091,19.77574920654297,0.8854219948849105,0.0,0.0,0.0,8.655,0.8964267219057483,2728.105712890625,-9477854976.0,200.0,0.0,0.0,0.0,1.0,1.0
27222164.0,0.021465148776769638,5.057405471801758,0.0,15.680000305175781,0.01033070683479309,15.005496978759766,0.8251028806584362,0.0,0.0,0.0,5.028213166144201,0.8341133645345814,2425.82470703125,-10268655360.0,319.0,0.0,0.0,0.0,1.0,1.0
16554834.0,0.02161063626408577,4.779523849487305,0.0,13.460000038146973,0.012807007879018784,16.93531036376953,0.8769620253164557,0.0,0.0,0.0,7.5964912280701755,0.8836734693877552,2356.220703125,-7228168960.0,228.0,0.0,0.0,0.0,1.0,1.0
17078548.0,0.02126471698284149,4.530237197875977,0.0,11.989999771118164,0.010259199887514114,22.01481056213379,0.879837067209776,0.0,0.0,0.0,7.612334801762114,0.8838874680306905,2553.21044921875,-6845639424.0,227.0,0.0,0.0,0.0,1.0,1.0
16021782.0,0.0216925498098135,4.794771671295166,0.0,11.949999809265137,0.009960222989320755,11.228221893310547,0.8859335038363171,0.0,0.0,0.0,8.287081339712918,0.8923235445646573,2032.9566650390625,-6248589568.0,209.0,0.0,0.0,0.0,1.0,1.0
17064450.0,0.02065940946340561,4.709892749786377,0.0,13.029999732971191,0.012340400367975235,20.491777420043945,0.8529562982005141,0.0,0.0,0.0,6.213483146067416,0.8613707165109035,2411.577880859375,-7047091456.0,267.0,0.0,0.0,0.0,1.0,1.0
18204190.0,0.021205956116318703,4.694890975952148,0.0,13.0,0.013939878903329372,10.730761528015137,0.8735339112697603,0.0,0.0,0.0,7.415584415584416,0.8811728395061729,2157.880126953125,-8901835264.0,231.0,0.0,0.0,0.0,1.0,1.0
18732556.0,0.021727705374360085,4.9006195068359375,0.0,12.109999656677246,0.012463491410017014,12.103497505187988,0.8497435897435898,0.0,0.0,0.0,5.834507042253521,0.8536836682122617,2485.399658203125,-7194318848.0,284.0,0.0,0.0,0.0,1.0,1.0
18202998.0,0.021406248211860657,4.757592678070068,0.0,12.399999618530273,0.009517147205770016,14.088122367858887,0.8535586277521762,0.0,0.0,0.0,6.2434456928838955,0.8619441571871769,3112.89111328125,-8566458112.0,267.0,0.0,0.0,0.0,1.0,1.0
23798918.0,0.021249089390039444,4.857335090637207,0.0,15.649999618530273,0.010559731163084507,17.185916900634766,0.8263103802672148,0.0,0.0,0.0,5.009345794392523,0.833592534992224,2611.8154296875,-8392124672.0,321.0,0.0,0.0,0.0,1.0,1.0
21688440.0,0.021548094227910042,4.872833728790283,0.0,12.670000076293945,0.010415366850793362,14.648714065551758,0.8486707566462167,0.0,0.0,0.0,5.865724381625442,0.8543489449305198,2259.87548828125,-8163723264.0,283.0,0.0,0.0,0.0,1.0,1.0
20073872.0,0.021552519872784615,4.669048309326172,0.0,12.520000457763672,0.014135699719190598,16.496932983398438,0.861734693877551,0.0,0.0,0.0,6.7023809523809526,0.8701700154559505,2502.12646484375,-8422346752.0,252.0,0.0,0.0,0.0,1.0,1.0
25340550.0,0.021845366805791855,4.78084659576416,0.0,15.75,0.012334223836660385,10.46310806274414,0.8139175257731959,0.0,0.0,0.0,4.6304985337243405,0.8223958333333333,2637.268310546875,-9491426304.0,341.0,0.0,0.0,0.0,1.0,1.0
19521714.0,0.02165963128209114,4.909858226776123,0.0,13.680000305175781,0.012134835124015808,18.864540100097656,0.8442288049029623,0.0,0.0,0.0,5.680412371134021,0.8503086419753086,2323.912353515625,-8182132992.0,291.0,0.0,0.0,0.0,1.0,1.0
16676621.0,0.021598415449261665,4.44486665725708,0.0,13.1899995803833,0.01369919441640377,11.531442642211914,0.880589430894309,0.0,0.0,0.0,7.702222222222222,0.8850868232890705,2433.26123046875,-7194506752.0,225.0,0.0,0.0,0.0,1.0,1.0
20174820.0,0.02130749449133873,4.903402328491211,0.0,11.199999809265137,0.010117858648300171,20.46115493774414,0.8782608695652174,0.0,0.0,0.0,7.631111111111111,0.884140061791967,2317.16796875,-7271396096.0,225.0,0.0,0.0,0.0,1.0,1.0
21619348.0,0.021688098087906837,4.960710048675537,0.0,15.670000076293945,0.012673058547079563,15.425979614257812,0.8514750762970499,0.0,0.0,0.0,6.065217391304348,0.8584615384615385,2289.810546875,-7746489600.0,276.0,0.0,0.0,0.0,1.0,1.0
15319620.0,0.02144950069487095,4.557834625244141,0.0,11.399999618530273,0.01079549454152584,18.259737014770508,0.872811534500515,0.0,0.0,0.0,7.0625,0.875968992248062,2312.82568359375,-8307642880.0,240.0,0.0,0.0,0.0,1.0,1.0
19560642.0,0.021485788747668266,4.811415195465088,0.0,13.579999923706055,0.013920937664806843,14.083820343017578,0.8290816326530612,0.0,0.0,0.0,4.954268292682927,0.8320532514080902,2159.9775390625,-7898420736.0,328.0,0.0,0.0,0.0,1.0,1.0
19566448.0,0.021327795460820198,4.542416572570801,0.0,13.229999542236328,0.013148108497262001,16.411516189575195,0.8748083801737353,0.0,0.0,0.0,7.379310344827586,0.8806584362139918,2147.745361328125,-8000934912.0,232.0,0.0,0.0,0.0,1.0,1.0
20144368.0,0.021047372370958328,4.912979602813721,0.0,12.680000305175781,0.012265126220881939,21.061935424804688,0.8725888324873097,0.0,0.0,0.0,7.253164556962025,0.8788343558282209,2196.13818359375,-8033308928.0,237.0,0.0,0.0,0.0,1.0,1.0
16560154.0,0.021320335566997528,4.864502906799316,0.0,13.239999771118164,0.013068482279777527,12.247633934020996,0.8778625954198473,0.0,0.0,0.0,7.632743362831858,0.8841619682214249,2300.241943359375,-6723641856.0,226.0,0.0,0.0,0.0,1.0,1.0
21477962.0,0.021797655150294304,4.699981689453125,0.0,13.600000381469727,0.012422649189829826,22.260459899902344,0.8508997429305912,0.0,0.0,0.0,5.868794326241135,0.8544140423335054,2632.32568359375,-7996228864.0,282.0,0.0,0.0,0.0,1.0,1.0
22023954.0,0.02166237123310566,4.786334037780762,0.0,13.920000076293945,0.01131835114210844,10.078678131103516,0.86152273888605,0.0,0.0,0.0,6.5096525096525095,0.8668380462724936,2757.359375,-8332275200.0,259.0,0.0,0.0,0.0,1.0,1.0
19047590.0,0.021163564175367355,4.700884819030762,0.0,11.699999809265137,0.015216684900224209,12.489270210266113,0.8824130879345603,0.0,0.0,0.0,7.8812785388127855,0.8874035989717224,2301.346435546875,-7456077312.0,219.0,0.0,0.0,0.0,1.0,1.0
13549756.0,0.02085176855325699,4.608156681060791,0.0,12.979999542236328,0.011480618268251419,19.905637741088867,0.8890015205271161,0.0,0.0,0.0,8.432692307692308,0.8939857288481141,2468.58984375,-6761073664.0,208.0,0.0,0.0,0.0,1.0,1.0
22368424.0,0.021292805671691895,4.984583854675293,0.0,13.90999984741211,0.010452715680003166,14.644397735595703,0.8547400611620795,0.0,0.0,0.0,6.234200743494424,0.8617677286742035,2377.156494140625,-7816569600.0,269.0,0.0,0.0,0.0,1.0,1.0
20522548.0,0.02112736739218235,4.748538970947266,0.0,14.609999656677246,0.01245115976780653,15.733529090881348,0.8399382398353062,0.0,0.0,0.0,5.551020408163265,0.8473520249221184,2238.093017578125,-8875237120.0,294.0,0.0,0.0,0.0,1.0,1.0
22127092.0,0.021400589495897293,4.765872955322266,0.0,14.069999694824219,0.01610589399933815,15.532219886779785,0.8685946220192795,0.0,0.0,0.0,6.875502008032129,0.87302396736359,2089.601318359375,-8532771840.0,249.0,0.0,0.0,0.0,1.0,1.0
17012928.0,0.021661978214979172,4.9663543701171875,0.0,12.760000228881836,0.008767177350819111,15.913593292236328,0.8407216494845361,0.0,0.0,0.0,5.5288135593220336,0.8468328141225338,2483.682373046875,-8423069184.0,295.0,0.0,0.0,0.0,1.0,1.0
16832018.0,0.021512843668460846,4.907894134521484,0.0,11.489999771118164,0.010849760845303535,13.141427993774414,0.8976578411405295,0.0,0.0,0.0,9.134715025906736,0.9013292433537833,2492.54443359375,-6019557120.0,193.0,0.0,0.0,0.0,1.0,1.0
24677036.0,0.02143946662545204,4.6312174797058105,0.0,14.180000305175781,0.014198048040270805,16.021799087524414,0.8582355940846507,0.0,0.0,0.0,6.399239543726236,0.8648509763617678,2397.35302734375,-11738600448.0,263.0,0.0,0.0,0.0,1.0,1.0
21505832.0,0.020931875333189964,4.752631664276123,0.0,14.100000381469727,0.012502201832830906,13.762896537780762,0.8411311053984576,0.0,0.0,0.0,5.545762711864406,0.8472294148109788,2338.578125,-8857851392.0,295.0,0.0,0.0,0.0,1.0,1.0
32743178.0,0.021247660741209984,4.866058349609375,0.0,16.110000610351562,0.014059914276003838,10.120474815368652,0.8253319713993871,0.0,0.0,0.0,4.957055214723926,0.8321318228630278,2120.2578125,-11482890240.0,326.0,0.0,0.0,0.0,1.0,1.0
19543042.0,0.021464206278324127,4.777112007141113,0.0,11.4399995803833,0.013099309988319874,11.806596755981445,0.8970588235294118,0.0,0.0,0.0,9.409574468085106,0.9039345937659683,1908.830322265625,-7679064064.0,188.0,0.0,0.0,0.0,1.0,1.0
14773335.0,0.02104860730469227,4.737354278564453,0.0,13.0,0.013612261973321438,25.093433380126953,0.8780112762685802,0.0,0.0,0.0,7.415584415584416,0.8811728395061729,2102.7490234375,-6532442624.0,231.0,0.0,0.0,0.0,1.0,1.0
16816606.0,0.02121477574110031,4.5755462646484375,0.0,12.319999694824219,0.009667233563959599,10.190789222717285,0.8534085084572014,0.0,0.0,0.0,6.306818181818182,0.8631415241057543,2172.93408203125,-6925580288.0,264.0,0.0,0.0,0.0,1.0,1.0
18012052.0,0.021299736574292183,4.967773914337158,0.0,11.149999618530273,0.011829459108412266,14.90420150756836,0.8742362525458248,0.0,0.0,0.0,7.27542372881356,0.8791602662570405,2442.48681640625,-8244398848.0,236.0,0.0,0.0,0.0,1.0,1.0
20407344.0,0.021700598299503326,4.538440227508545,0.0,15.319999694824219,0.012777036987245083,12.771440505981445,0.8631525595539787,0.0,0.0,0.0,6.5,0.8666666666666667,2173.57080078125,-8120838656.0,262.0,0.0,0.0,0.0,1.0,1.0
21415286.0,0.021100986748933792,5.137228965759277,0.0,14.069999694824219,0.013464432209730148,14.177844047546387,0.863659401926001,0.0,0.0,0.0,7.041322314049586,0.8756423432682425,2148.1396484375,-7559086080.0,242.0,0.0,0.0,0.0,1.0,1.0
18996232.0,0.021811306476593018,4.585075855255127,0.0,13.15999984741211,0.0142840426415205,12.351578712463379,0.8740399385560675,0.0,0.0,0.0,7.357758620689655,0.8803506962351728,2255.76416015625,-9007857408.0,232.0,0.0,0.0,0.0,1.0,1.0
20471664.0,0.02169366180896759,5.00259256362915,0.0,13.630000114440918,0.011255753226578236,21.541519165039062,0.8516992790937178,0.0,0.0,0.0,5.92831541218638,0.8556647697878945,2559.855224609375,-8340804608.0,279.0,0.0,0.0,0.0,1.0,1.0
24003194.0,0.021805070340633392,4.730213165283203,0.0,13.920000076293945,0.011588835157454014,18.457857131958008,0.8613509395632301,0.0,0.0,0.0,6.650980392156863,0.8692977960020503,2141.30419921875,-8334704128.0,255.0,0.0,0.0,0.0,1.0,1.0
15981914.0,0.02168477699160576,4.694278717041016,0.0,11.930000305175781,0.014540069736540318,13.424525260925293,0.8398963730569948,0.0,0.0,0.0,5.707746478873239,0.8509186351706036,2365.870361328125,-9708616704.0,284.0,0.0,0.0,0.0,1.0,1.0
19500628.0,0.02195492573082447,4.58113431930542,0.0,11.9399995803833,0.013890079222619534,11.711182594299316,0.8835546475995915,0.0,0.0,0.0,7.935779816513762,0.8880903490759754,2458.135498046875,-9331083008.0,218.0,0.0,0.0,0.0,1.0,1.0
21204570.0,0.021021805703639984,4.859902381896973,0.0,13.260000228881836,0.014088379219174385,16.998857498168945,0.880589430894309,0.0,0.0,0.0,7.634361233480176,0.8841836734693878,2193.07177734375,-9304280064.0,227.0,0.0,0.0,0.0,1.0,1.0
21462086.0,0.021620560437440872,4.818121433258057,0.0,12.149999618530273,0.011570028029382229,19.9148006439209,0.8811224489795918,0.0,0.0,0.0,7.922018348623853,0.8879177377892031,2773.406494140625,-8504390400.0,218.0,0.0,0.0,0.0,1.0,1.0
14692887.0,0.021594343706965446,4.662230014801025,0.0,10.430000305175781,0.01231907494366169,11.26785945892334,0.8936170212765957,0.0,0.0,0.0,8.909090909090908,0.8990825688073395,2230.286376953125,-7649960192.0,198.0,0.0,0.0,0.0,1.0,1.0
21766902.0,0.021165406331419945,4.649503231048584,0.0,15.100000381469727,0.01213054358959198,14.41483211517334,0.8393039918116684,0.0,0.0,0.0,5.394736842105263,0.8436213991769548,2423.300048828125,-9146437888.0,304.0,0.0,0.0,0.0,1.0,1.0
20032300.0,0.021410968154668808,4.972670078277588,0.0,12.619999885559082,0.011388033628463745,16.361440658569336,0.8554526748971193,0.0,0.0,0.0,6.347328244274809,0.8638961038961039,2140.646240234375,-8366404096.0,262.0,0.0,0.0,0.0,1.0,1.0
15380141.0,0.020868584513664246,4.6693549156188965,0.0,12.1899995803833,0.014207106083631516,14.091048240661621,0.8789743589743589,0.0,0.0,0.0,7.517543859649122,0.88259526261586,2327.396484375,-6960688384.0,228.0,0.0,0.0,0.0,1.0,1.0
20956144.0,0.021632729098200798,4.859858989715576,0.0,13.3100004196167,0.010784028097987175,14.41917896270752,0.8863404689092762,0.0,0.0,0.0,8.280952380952382,0.892252437147255,1938.952392578125,-7747173376.0,210.0,0.0,0.0,0.0,1.0,1.0
22688236.0,0.021524205803871155,4.7422380447387695,0.0,13.65999984741211,0.015374223701655865,13.225054740905762,0.8528205128205129,0.0,0.0,0.0,6.205223880597015,0.8612118073537027,2031.2777099609375,-8685649408.0,268.0,0.0,0.0,0.0,1.0,1.0
17785078.0,0.021334059536457062,4.822672367095947,0.0,11.8100004196167,0.014119131490588188,18.749605178833008,0.856995353639649,0.0,0.0,0.0,6.287878787878788,0.8627858627858628,2408.37548828125,-7006620416.0,264.0,0.0,0.0,0.0,1.0,1.0
20952550.0,0.020873378962278366,5.248678207397461,0.0,12.770000457763672,0.009815950877964497,16.308794021606445,0.8506926629040533,0.0,0.0,0.0,5.942652329749104,0.8559628291171916,2378.826904296875,-8573924864.0,279.0,0.0,0.0,0.0,1.0,1.0
17125196.0,0.021480552852153778,4.7039794921875,0.0,12.869999885559082,0.009875301271677017,16.248146057128906,0.8549303045947341,0.0,0.0,0.0,6.2727272727272725,0.8625,2481.3544921875,-6837305600.0,264.0,0.0,0.0,0.0,1.0,1.0
20639732.0,0.021023744717240334,4.830828666687012,0.0,14.039999961853027,0.011355975642800331,10.0367431640625,0.8462327011788826,0.0,0.0,0.0,5.732638888888889,0.85146982980918,1993.02978515625,-8800394240.0,288.0,0.0,0.0,0.0,1.0,1.0
18037264.0,0.021532315760850906,4.957193374633789,0.0,13.609999656677246,0.013359933160245419,11.725181579589844,0.869587366276108,0.0,0.0,0.0,7.0246913580246915,0.8753846153846154,2402.124755859375,-6946032896.0,243.0,0.0,0.0,0.0,1.0,1.0
14166785.0,0.020914791151881218,4.9658050537109375,0.0,12.050000190734863,0.014475812204182148,13.758194923400879,0.8924403855910705,0.0,0.0,0.0,8.707920792079207,0.8969913309535951,2245.40625,-5839942656.0,202.0,0.0,0.0,0.0,1.0,1.0
15294952.0,0.02166922762989998,4.782512187957764,0.0,11.84000015258789,0.012708064168691635,17.16970443725586,0.878772378516624,0.0,0.0,0.0,7.8807339449541285,0.887396694214876,2194.0263671875,-7136806656.0,218.0,0.0,0.0,0.0,1.0,1.0
19029158.0,0.02176307886838913,5.013709545135498,0.0,13.930000305175781,0.013990167528390884,20.99517822265625,0.8415637860082305,0.0,0.0,0.0,5.700348432055749,0.8507540301612064,2393.305908203125,-14111905792.0,287.0,0.0,0.0,0.0,1.0,1.0
23464464.0,0.02090498059988022,4.83927583694458,0.0,16.139999389648438,0.012205888517200947,21.632179260253906,0.869410569105691,0.0,0.0,0.0,6.983673469387755,0.8747443762781186,2395.87109375,-7290195456.0,245.0,0.0,0.0,0.0,1.0,1.0
19607186.0,0.02160816639661789,4.640625476837158,0.0,14.149999618530273,0.013835710473358631,14.37052059173584,0.8233179250128403,0.0,0.0,0.0,4.902140672782875,0.8305699481865285,2469.87744140625,-7773925120.0,327.0,0.0,0.0,0.0,1.0,1.0
16404114.0,0.021215829998254776,5.017353534698486,0.0,11.8100004196167,0.014971115626394749,16.8450870513916,0.8721995926680245,0.0,0.0,0.0,7.078512396694215,0.8762148337595907,2696.861328125,-7066432256.0,242.0,0.0,0.0,0.0,1.0,1.0
12629413.0,0.02117650769650936,5.043922424316406,0.0,13.4399995803833,0.011186987161636353,13.215117454528809,0.8632390745501285,0.0,0.0,0.0,6.662698412698413,0.8694976696012429,2372.8486328125,-6627781376.0,252.0,0.0,0.0,0.0,1.0,1.0
14579165.0,0.02108503319323063,4.986590385437012,0.0,12.15999984741211,0.014224780723452568,11.45710277557373,0.8617677286742035,0.0,0.0,0.0,6.474903474903475,0.8662190082644629,2212.45703125,-6874329088.0,259.0,0.0,0.0,0.0,1.0,1.0
21827752.0,0.02178211882710457,4.975134372711182,0.0,13.739999771118164,0.012169752269983292,15.840754508972168,0.8452012383900929,0.0,0.0,0.0,5.787985865724382,0.8526808953669963,2518.8369140625,-8628113408.0,283.0,0.0,0.0,0.0,1.0,1.0
20781660.0,0.02107168175280094,4.662913799285889,0.0,15.270000457763672,0.013139312155544758,10.557466506958008,0.8340184994861254,0.0,0.0,0.0,5.303921568627451,0.8413685847589425,2308.655029296875,-8450781184.0,306.0,0.0,0.0,0.0,1.0,1.0
20329508.0,0.021564630791544914,4.978577136993408,0.0,13.5600004196167,0.011031150817871094,11.354476928710938,0.8785569105691057,0.0,0.0,0.0,7.550218340611353,0.883043922369765,2564.9208984375,-8992311808.0,229.0,0.0,0.0,0.0,1.0,1.0
17355974.0,0.021502386778593063,4.9379658699035645,0.0,12.609999656677246,0.012234470807015896,23.988903045654297,0.8594871794871795,0.0,0.0,0.0,6.446153846153846,0.8657024793388429,2052.31640625,-6787577856.0,260.0,0.0,0.0,0.0,1.0,1.0
14254181.0,0.02176840789616108,4.860757350921631,0.0,11.270000457763672,0.011847536079585552,15.346903800964355,0.8750640040962622,0.0,0.0,0.0,7.430434782608696,0.8813821557503868,2140.607666015625,-6985987328.0,230.0,0.0,0.0,0.0,1.0,1.0
17751358.0,0.02099940925836563,5.105003833770752,0.0,13.75,0.01333649829030037,15.461661338806152,0.8549540347293156,0.0,0.0,0.0,6.293233082706767,0.8628865979381444,2256.386474609375,-6309659904.0,266.0,0.0,0.0,0.0,1.0,1.0
17219446.0,0.021103741601109505,4.852341651916504,0.0,13.390000343322754,0.012997865676879883,18.7285213470459,0.8478931140801644,0.0,0.0,0.0,5.892857142857143,0.8549222797927462,2640.71044921875,-7421782784.0,280.0,0.0,0.0,0.0,1.0,1.0
12411351.0,0.021558668464422226,5.092469692230225,0.0,12.350000381469727,0.013152331113815308,11.242347717285156,0.8847715736040609,0.0,0.0,0.0,8.260663507109005,0.8920163766632548,2855.90673828125,-5542557312.0,211.0,0.0,0.0,0.0,1.0,1.0
19221746.0,0.020923782140016556,5.084612846374512,0.0,12.90999984741211,0.011312393471598625,20.50196647644043,0.8510858324715616,0.0,0.0,0.0,6.007299270072993,0.8572916666666667,2196.0986328125,-7690681600.0,274.0,0.0,0.0,0.0,1.0,1.0
19724250.0,0.021657375618815422,4.987794399261475,0.0,11.420000076293945,0.012988103553652763,17.00250244140625,0.8858166922683052,0.0,0.0,0.0,8.12206572769953,0.8903757076685538,2327.021728515625,-8482876416.0,213.0,0.0,0.0,0.0,1.0,1.0
14168794.0,0.020879989489912987,4.7623186111450195,0.0,13.3100004196167,0.013365529477596283,13.40029525756836,0.8866293848500254,0.0,0.0,0.0,8.943589743589744,0.8994326972666323,2555.5966796875,-5485695104.0,195.0,0.0,0.0,0.0,1.0,1.0
18067070.0,0.02118859253823757,4.942922592163086,0.0,16.440000534057617,0.012002565898001194,16.501197814941406,0.8248847926267281,0.0,0.0,0.0,5.066037735849057,0.8351477449455676,2140.595703125,-7040417536.0,318.0,0.0,0.0,0.0,1.0,1.0
16259921.0,0.021029097959399223,4.639386177062988,0.0,13.140000343322754,0.011155940592288971,18.419111251831055,0.8692307692307693,0.0,0.0,0.0,6.78,0.87146529562982,2312.143798828125,-7436109824.0,250.0,0.0,0.0,0.0,1.0,1.0
20365456.0,0.021844541653990746,4.644754409790039,0.0,14.199999809265137,0.013367382809519768,16.60905647277832,0.855249745158002,0.0,0.0,0.0,6.214814814814815,0.8613963039014374,2264.556884765625,-8153126656.0,270.0,0.0,0.0,0.0,1.0,1.0
16755517.0,0.0208557341247797,4.871395111083984,0.0,13.880000114440918,0.011826119385659695,12.066441535949707,0.8744918699186992,0.0,0.0,0.0,7.683035714285714,0.8848329048843188,2660.932373046875,-6743968768.0,224.0,0.0,0.0,0.0,1.0,1.0
16381768.0,0.02186703123152256,4.734873294830322,0.0,13.079999923706055,0.012811902910470963,14.444281578063965,0.897761953204476,0.0,0.0,0.0,9.54054054054054,0.9051282051282051,2514.73583984375,-6433256704.0,185.0,0.0,0.0,0.0,1.0,1.0
15679980.0,0.021029073745012283,4.7352070808410645,0.0,12.890000343322754,0.01158373523503542,13.263446807861328,0.8987341772151899,0.0,0.0,0.0,9.39153439153439,0.9037678207739308,2291.613525390625,-6363716608.0,189.0,0.0,0.0,0.0,1.0,1.0
14825231.0,0.02163461036980152,4.6825971603393555,0.0,12.529999732971191,0.014262204058468342,21.709714889526367,0.8802242609582059,0.0,0.0,0.0,7.541484716157205,0.8829243353783232,2325.949951171875,-8035012864.0,229.0,0.0,0.0,0.0,1.0,1.0
15742833.0,0.02112133987247944,4.919178485870361,0.0,12.010000228881836,0.012320124544203281,23.0310001373291,0.8824427480916031,0.0,0.0,0.0,7.672566371681416,0.8846938775510204,2355.75390625,-7319868928.0,226.0,0.0,0.0,0.0,1.0,1.0
20314626.0,0.021300218999385834,4.648581027984619,0.0,13.6899995803833,0.009523280896246433,13.835761070251465,0.8607270865335381,0.0,0.0,0.0,6.5408560311284045,0.8673890608875129,2226.628173828125,-7351868928.0,257.0,0.0,0.0,0.0,1.0,1.0
21065092.0,0.02114817686378956,4.758302688598633,0.0,15.039999961853027,0.013636220246553421,14.95456314086914,0.8600405679513184,0.0,0.0,0.0,6.498084291187739,0.8666326009197751,2111.440673828125,-8838867968.0,261.0,0.0,0.0,0.0,1.0,1.0
17065164.0,0.021609729155898094,4.899279594421387,0.0,14.039999961853027,0.010631837882101536,12.523099899291992,0.8699392712550608,0.0,0.0,0.0,7.283898305084746,0.8792838874680307,2128.5888671875,-7189220096.0,236.0,0.0,0.0,0.0,1.0,1.0
17668148.0,0.021148070693016052,4.97970724105835,0.0,12.770000457763672,0.010426249355077744,11.10599136352539,0.8437661665804449,0.0,0.0,0.0,5.566552901023891,0.8477130977130977,2213.67431640625,-8040498432.0,293.0,0.0,0.0,0.0,1.0,1.0
17700348.0,0.02126516029238701,4.634934902191162,0.0,12.390000343322754,0.013904092833399773,13.683117866516113,0.8732179226069247,0.0,0.0,0.0,7.236286919831223,0.8785860655737705,2618.810546875,-8013130496.0,237.0,0.0,0.0,0.0,1.0,1.0
17025776.0,0.0213162899017334,4.805265426635742,0.0,14.989999771118164,0.01073932833969593,15.13428783416748,0.8522267206477733,0.0,0.0,0.0,6.03584229390681,0.8578706062149771,2516.41845703125,-6426327552.0,279.0,0.0,0.0,0.0,1.0,1.0
22216646.0,0.02188391610980034,4.881211280822754,0.0,11.489999771118164,0.012871240265667439,12.640291213989258,0.886561062851303,0.0,0.0,0.0,8.301435406698564,0.8924897119341564,2704.475341796875,-8629392384.0,209.0,0.0,0.0,0.0,1.0,1.0
13470141.0,0.020911026746034622,4.7404704093933105,0.0,11.989999771118164,0.012186202220618725,13.208162307739258,0.8536960985626283,0.0,0.0,0.0,6.113970588235294,0.8594315245478036,2327.187744140625,-6490108416.0,272.0,0.0,0.0,0.0,1.0,1.0
22232430.0,0.021729059517383575,4.929619789123535,0.0,12.930000305175781,0.011899533681571484,11.934000015258789,0.8693647540983607,0.0,0.0,0.0,6.954918032786885,0.8742916022668727,2619.679443359375,-8855419648.0,244.0,0.0,0.0,0.0,1.0,1.0
16114208.0,0.020907538011670113,4.724586009979248,0.0,12.039999961853027,0.011904069222509861,15.483088493347168,0.8709183673469387,0.0,0.0,0.0,7.08298755186722,0.8762833675564682,2653.113525390625,-7394947584.0,241.0,0.0,0.0,0.0,1.0,1.0
14072305.0,0.021745381876826286,5.033756256103516,0.0,13.079999923706055,0.012382068671286106,26.419580459594727,0.8654042988741044,0.0,0.0,0.0,6.764,0.871200412158681,2061.053466796875,-7322440448.0,250.0,0.0,0.0,0.0,1.0,1.0
