avg_backlog_drift,avg_lower_mf_loss,avg_lower_td_loss,avg_realized_delay,avg_remaining_tasks,avg_upper_mf_loss,avg_upper_td_loss,completion_rate,lower_q_max,lower_q_mean,lower_q_min,qos_rate,qos_success_rate,total_energy,total_reward,total_violations,upper_q_max,upper_q_mean,upper_q_min,zeta_lower,zeta_upper
3090056192.0,0.0,0.0,0.0,167.2100067138672,0.0,0.0,0.4193616795673842,0.0,0.0,0.0,0.7455230914231856,0.4271058315334773,4752.60107421875,-619207360512.0,5305.0,0.0,0.0,0.0,1.0,1.0
2741472512.0,0.0,0.0,0.0,167.58999633789062,0.0,0.0,0.4292811839323467,0.0,0.0,0.0,0.7821648690292758,0.4388846860477683,4652.02001953125,-549494161408.0,5192.0,0.0,0.0,0.0,1.0,1.0
2816423680.0,0.0,0.0,0.0,164.24000549316406,0.0,0.0,0.4208617747440273,0.0,0.0,0.0,0.750047519482988,0.42858694471597697,5212.4658203125,-564484538368.0,5261.0,0.0,0.0,0.0,1.0,1.0
2925826304.0,0.0,0.0,0.0,163.5800018310547,0.0,0.0,0.41109211369950843,0.0,0.0,0.0,0.7201422688131786,0.41865273696811406,4515.01708984375,-586232201216.0,5342.0,0.0,0.0,0.0,1.0,1.0
3769343744.0,0.0,0.0,0.0,164.02999877929688,0.0,0.0,0.42313432835820897,0.0,0.0,0.0,0.7557121096725057,0.43043053898709466,5244.86279296875,-755048153088.0,5252.0,0.0,0.0,0.0,1.0,1.0
2566889984.0,0.0,0.0,0.0,162.49000549316406,0.0,0.0,0.4274671749258789,0.0,0.0,0.0,0.7673446112906291,0.4341793934179393,5343.58349609375,-514810085376.0,5261.0,0.0,0.0,0.0,1.0,1.0
3155982336.0,0.0,0.0,0.0,166.1199951171875,0.0,0.0,0.39951084644831986,0.0,0.0,0.0,0.6859594668614205,0.40686593025774315,4907.396484375,-632373673984.0,5477.0,0.0,0.0,0.0,1.0,1.0
2591318784.0,0.0,0.0,0.0,156.3300018310547,0.0,0.0,0.4065672931518687,0.0,0.0,0.0,0.7051330086174598,0.4135354867062184,4669.77587890625,-519374159872.0,5338.0,0.0,0.0,0.0,1.0,1.0
2666877184.0,0.0,236449856.0,0.0,162.97999572753906,0.0,0.0,0.42163260939338826,0.0,0.0,0.0,0.7465429058533813,0.4274403470715835,4896.41357421875,-534487678976.0,5279.0,0.0,0.0,0.0,1.0,1.0
2387072000.0,0.0,236449856.0,0.0,156.19000244140625,0.0,0.0,0.4303199484646768,0.0,0.0,0.0,0.7808299240210403,0.4384640630127995,4934.31982421875,-478487871488.0,5133.0,0.0,0.0,0.0,1.0,1.0
3636023808.0,0.0,236449856.0,0.0,172.97000122070312,0.0,0.0,0.428978471929084,0.0,0.0,0.0,0.7770980692028293,0.43728485370051634,5338.65771484375,-728395284480.0,5231.0,0.0,0.0,0.0,1.0,1.0
2391413760.0,0.0,236449856.0,0.0,161.83999633789062,0.0,0.0,0.4082524789423179,0.0,0.0,0.0,0.7133010432190761,0.41633141241709254,4259.2607421875,-479249203200.0,5368.0,0.0,0.0,0.0,1.0,1.0
1829078784.0,0.0,236449856.0,0.0,150.4499969482422,0.0,0.0,0.41956144159791575,0.0,0.0,0.0,0.7452757423833397,0.42702463816152914,4651.1337890625,-366854012928.0,5186.0,0.0,0.0,0.0,1.0,1.0
2529155584.0,0.0,236449856.0,0.0,166.44000244140625,0.0,0.0,0.39969931271477666,0.0,0.0,0.0,0.6884942656307806,0.4077563540753725,4687.96337890625,-506942341120.0,5406.0,0.0,0.0,0.0,1.0,1.0
2924928768.0,0.0,236449856.0,0.0,171.42999267578125,0.0,0.0,0.39246284501061574,0.0,0.0,0.0,0.6707184325108854,0.4014550982734282,4398.7998046875,-586031759360.0,5512.0,0.0,0.0,0.0,1.0,1.0
3087737856.0,0.0,236449856.0,0.0,164.10000610351562,0.0,0.0,0.4273358248798719,0.0,0.0,0.0,0.7721396874397067,0.4357103973870441,5164.224609375,-618686054400.0,5183.0,0.0,0.0,0.0,1.0,1.0
2745473536.0,0.0,236449856.0,0.0,157.92999267578125,0.0,0.0,0.4143521020209662,0.0,0.0,0.0,0.7297297297297297,0.421875,4451.14599609375,-550115475456.0,5254.0,0.0,0.0,0.0,1.0,1.0
3513360128.0,0.0,292153536.0,0.0,168.00999450683594,0.0,0.0,0.415080372250423,0.0,0.0,0.0,0.7336448598130841,0.42318059299191374,4928.4287109375,-704274825216.0,5350.0,0.0,0.0,0.0,1.0,1.0
2668354304.0,0.0,292153536.0,0.0,152.14999389648438,0.0,0.0,0.41880434782608694,0.0,0.0,0.0,0.7468501647606125,0.4275410563692854,4805.9453125,-534746284032.0,5159.0,0.0,0.0,0.0,1.0,1.0
2621052928.0,0.0,292153536.0,0.0,156.30999755859375,0.0,0.0,0.41050938337801607,0.0,0.0,0.0,0.7240400983544544,0.41996708721887,4714.5576171875,-525261668352.0,5287.0,0.0,0.0,0.0,1.0,1.0
3664297984.0,0.0,292153536.0,0.0,165.9600067138672,0.0,0.0,0.4301258800938767,0.0,0.0,0.0,0.7821532492725509,0.43888102753891367,4921.76953125,-733988126720.0,5155.0,0.0,0.0,0.0,1.0,1.0
2987933952.0,0.0,292153536.0,0.0,165.1999969482422,0.0,0.0,0.4292507661418155,0.0,0.0,0.0,0.7738616879405601,0.43625818923853504,4578.42919921875,-598667100160.0,5249.0,0.0,0.0,0.0,1.0,1.0
2720525824.0,0.0,292153536.0,0.0,153.25,0.0,0.0,0.4009943795936014,0.0,0.0,0.0,0.6947565543071161,0.40994475138121544,4708.67626953125,-545391837184.0,5340.0,0.0,0.0,0.0,1.0,1.0
3360874240.0,0.0,292153536.0,0.0,166.27999877929688,0.0,0.0,0.4013367281985996,0.0,0.0,0.0,0.6923499267935578,0.40910565588839626,4629.0458984375,-673774370816.0,5464.0,0.0,0.0,0.0,1.0,1.0
3243160576.0,0.0,292153536.0,0.0,165.30999755859375,0.0,0.0,0.3891226934282939,0.0,0.0,0.0,0.6592321755027423,0.39731159100925517,4917.20849609375,-649816899584.0,5470.0,0.0,0.0,0.0,1.0,1.0
3133801728.0,0.0,194544000.0,0.0,162.55999755859375,0.0,0.0,0.4278543201965182,0.0,0.0,0.0,0.7744055673690315,0.4364309837672949,5180.666015625,-627946061824.0,5173.0,0.0,0.0,0.0,1.0,1.0
2526186752.0,0.0,194544000.0,0.0,155.0,0.0,0.0,0.40423019111015673,0.0,0.0,0.0,0.70347533632287,0.4129647910496874,5126.3154296875,-506448822272.0,5352.0,0.0,0.0,0.0,1.0,1.0
3079228672.0,0.0,194544000.0,0.0,162.50999450683594,0.0,0.0,0.40510674820298254,0.0,0.0,0.0,0.6995183401259726,0.41159799433180727,5090.35205078125,-617062137856.0,5398.0,0.0,0.0,0.0,1.0,1.0
2873196800.0,0.0,194544000.0,0.0,161.80999755859375,0.0,0.0,0.4043850267379679,0.0,0.0,0.0,0.6933797909407665,0.4094650205761317,5315.1181640625,-576097189888.0,5453.0,0.0,0.0,0.0,1.0,1.0
2824915456.0,0.0,194544000.0,0.0,163.61000061035156,0.0,0.0,0.41268158201675326,0.0,0.0,0.0,0.7255779269202088,0.42048401037165084,4349.0810546875,-566063890432.0,5364.0,0.0,0.0,0.0,1.0,1.0
2688418304.0,0.0,194544000.0,0.0,157.66000366210938,0.0,0.0,0.4256193876447041,0.0,0.0,0.0,0.763883495145631,0.43306913254073093,5009.2861328125,-538813071360.0,5150.0,0.0,0.0,0.0,1.0,1.0
3503805440.0,0.0,194544000.0,0.0,160.9600067138672,0.0,0.0,0.41566523605150213,0.0,0.0,0.0,0.7317718171514923,0.4225567190226876,4758.14453125,-701886169088.0,5294.0,0.0,0.0,0.0,1.0,1.0
2769381888.0,0.0,194544000.0,0.0,161.97000122070312,0.0,0.0,0.42200751476113796,0.0,0.0,0.0,0.7572722018878829,0.4309361982021487,4847.41845703125,-554947837952.0,5191.0,0.0,0.0,0.0,1.0,1.0
2435024128.0,0.0,194544000.0,0.0,152.99000549316406,0.0,0.0,0.4558743909041689,0.0,0.0,0.0,0.8635897435897436,0.4634012107870116,4761.20703125,-488050786304.0,4875.0,0.0,0.0,0.0,1.0,1.0
3369711104.0,0.0,273343360.0,0.0,159.30999755859375,0.0,0.0,0.3841705044446824,0.0,0.0,0.0,0.6384834460662158,0.38967952199891365,5057.62548828125,-675359850496.0,5618.0,0.0,0.0,0.0,1.0,1.0
3414935808.0,0.0,273343360.0,0.0,165.27000427246094,0.0,0.0,0.41259859305052227,0.0,0.0,0.0,0.7236866704056834,0.4198481561822126,4252.8037109375,-684103565312.0,5349.0,0.0,0.0,0.0,1.0,1.0
2549625600.0,0.0,273343360.0,0.0,153.8000030517578,0.0,0.0,0.4052506482281763,0.0,0.0,0.0,0.7013836948391923,0.4122431036377624,5318.4677734375,-511802359808.0,5348.0,0.0,0.0,0.0,1.0,1.0
2771452928.0,0.0,273343360.0,0.0,161.67999267578125,0.0,0.0,0.4341118491536319,0.0,0.0,0.0,0.7968534906588004,0.44347159899310495,4777.833984375,-555375820800.0,5085.0,0.0,0.0,0.0,1.0,1.0
2852697600.0,0.0,273343360.0,0.0,158.4600067138672,0.0,0.0,0.42411732753938075,0.0,0.0,0.0,0.7617560975609756,0.4323845387086056,5328.64453125,-571716698112.0,5125.0,0.0,0.0,0.0,1.0,1.0
3090636032.0,0.0,273343360.0,0.0,163.19000244140625,0.0,0.0,0.4170881308511783,0.0,0.0,0.0,0.7336740488358887,0.4231903046184081,5020.2314453125,-619325423616.0,5283.0,0.0,0.0,0.0,1.0,1.0
2382920960.0,0.0,273343360.0,0.0,152.39999389648438,0.0,0.0,0.40372940156114484,0.0,0.0,0.0,0.6976395653802923,0.41094681085853013,4714.5947265625,-477700866048.0,5338.0,0.0,0.0,0.0,1.0,1.0
2993332480.0,0.0,273343360.0,0.0,173.52999877929688,0.0,0.0,0.40810556079170596,0.0,0.0,0.0,0.7117808219178082,0.41581306017925734,5136.76513671875,-599885414400.0,5475.0,0.0,0.0,0.0,1.0,1.0
3090328832.0,0.0,211731152.0,0.0,161.9600067138672,0.0,0.0,0.42559109874826145,0.0,0.0,0.0,0.7642651296829971,0.43319176739627574,4808.955078125,-619134451712.0,5205.0,0.0,0.0,0.0,1.0,1.0
2775534080.0,0.0,211731152.0,0.0,165.1199951171875,0.0,0.0,0.43480563499629277,0.0,0.0,0.0,0.8005070202808112,0.44460088811870463,5186.89794921875,-556255805440.0,5128.0,0.0,0.0,0.0,1.0,1.0
3693479168.0,0.0,211731152.0,0.0,158.02000427246094,0.0,0.0,0.4063646170442287,0.0,0.0,0.0,0.7103526305864605,0.4153252480705623,4804.11767578125,-739863494656.0,5303.0,0.0,0.0,0.0,1.0,1.0
2721378560.0,0.0,211731152.0,0.0,155.89999389648438,0.0,0.0,0.40981673989926054,0.0,0.0,0.0,0.7192025578333647,0.418334974291653,4786.38232421875,-545369882624.0,5317.0,0.0,0.0,0.0,1.0,1.0
2975368704.0,0.0,211731152.0,0.0,161.0399932861328,0.0,0.0,0.42138635142396563,0.0,0.0,0.0,0.7488540870893812,0.4281970077536311,4964.5751953125,-596192034816.0,5236.0,0.0,0.0,0.0,1.0,1.0
2933275648.0,0.0,211731152.0,0.0,155.07000732421875,0.0,0.0,0.43123644251626897,0.0,0.0,0.0,0.7826771653543307,0.43904593639575973,4966.7578125,-587766005760.0,5080.0,0.0,0.0,0.0,1.0,1.0
3257204736.0,0.0,211731152.0,0.0,161.5,0.0,0.0,0.41412520064205455,0.0,0.0,0.0,0.7299132402866843,0.4219363279546446,4962.83154296875,-652971376640.0,5302.0,0.0,0.0,0.0,1.0,1.0
3300989696.0,0.0,211731152.0,0.0,165.1999969482422,0.0,0.0,0.41612663337936895,0.0,0.0,0.0,0.7344834052128258,0.42345945945945945,5067.568359375,-661462876160.0,5333.0,0.0,0.0,0.0,1.0,1.0
2549071616.0,0.0,211731152.0,0.0,161.24000549316406,0.0,0.0,0.4520064205457464,0.0,0.0,0.0,0.8538508186779866,0.460582270199542,4434.7734375,-510786830336.0,4947.0,0.0,0.0,0.0,1.0,1.0
2835621120.0,0.0,228919264.0,0.0,158.36000061035156,0.0,0.0,0.41626174279235506,0.0,0.0,0.0,0.7375167400038263,0.424465976657124,4520.9150390625,-568152129536.0,5227.0,0.0,0.0,0.0,1.0,1.0
3012179456.0,0.0,228919264.0,0.0,165.2100067138672,0.0,0.0,0.4287693127330847,0.0,0.0,0.0,0.7714723926380368,0.4354978354978355,4395.81494140625,-603455979520.0,5216.0,0.0,0.0,0.0,1.0,1.0
2706346752.0,0.0,228919264.0,0.0,163.85000610351562,0.0,0.0,0.43244107923642955,0.0,0.0,0.0,0.7935420743639922,0.44244408074195307,4473.23681640625,-542319034368.0,5110.0,0.0,0.0,0.0,1.0,1.0
3270532096.0,0.0,228919264.0,0.0,164.72000122070312,0.0,0.0,0.38394471026049976,0.0,0.0,0.0,0.6405889657619301,0.3904628027681661,4958.56494140625,-656009854976.0,5637.0,0.0,0.0,0.0,1.0,1.0
3059187712.0,0.0,228919264.0,0.0,165.39999389648438,0.0,0.0,0.3948756593820648,0.0,0.0,0.0,0.6711802378774017,0.4016204970984342,4818.630859375,-613030592512.0,5465.0,0.0,0.0,0.0,1.0,1.0
2960002048.0,0.0,228919264.0,0.0,158.74000549316406,0.0,0.0,0.4076104482425024,0.0,0.0,0.0,0.7118453163131219,0.41583506963482836,4926.92626953125,-593129537536.0,5327.0,0.0,0.0,0.0,1.0,1.0
3250531840.0,0.0,228919264.0,0.0,165.6999969482422,0.0,0.0,0.43452948025828303,0.0,0.0,0.0,0.794618660472319,0.4427785567899903,5261.24169921875,-651282808832.0,5166.0,0.0,0.0,0.0,1.0,1.0
2330792960.0,0.0,228919264.0,0.0,157.82000732421875,0.0,0.0,0.43450411017401513,0.0,0.0,0.0,0.7909055577147299,0.4416232638888889,4905.1826171875,-467283476480.0,5146.0,0.0,0.0,0.0,1.0,1.0
2673513472.0,0.0,218838752.0,0.0,155.42999267578125,0.0,0.0,0.43470734609975115,0.0,0.0,0.0,0.7945422187067431,0.4427548209366391,4683.71484375,-535732781056.0,5057.0,0.0,0.0,0.0,1.0,1.0
3747749120.0,0.0,218838752.0,0.0,175.61000061035156,0.0,0.0,0.405897840968931,0.0,0.0,0.0,0.7023874612720977,0.41258965849480783,4717.62255859375,-750753153024.0,5487.0,0.0,0.0,0.0,1.0,1.0
3428471808.0,0.0,218838752.0,0.0,168.49000549316406,0.0,0.0,0.4015007398013105,0.0,0.0,0.0,0.6941348437785493,0.40972821397756687,4764.75048828125,-686890778624.0,5473.0,0.0,0.0,0.0,1.0,1.0
3685937664.0,0.0,218838752.0,0.0,167.57000732421875,0.0,0.0,0.42658160552897395,0.0,0.0,0.0,0.7656488549618321,0.43363597060095116,4791.4775390625,-738258518016.0,5240.0,0.0,0.0,0.0,1.0,1.0
2516682752.0,0.0,218838752.0,0.0,160.86000061035156,0.0,0.0,0.40838542789394267,0.0,0.0,0.0,0.712218045112782,0.41596223515204744,5139.6396484375,-504520556544.0,5320.0,0.0,0.0,0.0,1.0,1.0
3053078784.0,0.0,218838752.0,0.0,157.99000549316406,0.0,0.0,0.4346747221922537,0.0,0.0,0.0,0.7887627251370399,0.44095436138776406,4732.76953125,-611679076352.0,5108.0,0.0,0.0,0.0,1.0,1.0
3123016448.0,0.0,218838752.0,0.0,166.3000030517578,0.0,0.0,0.4157973174366617,0.0,0.0,0.0,0.7342105263157894,0.4233687405159332,4470.498046875,-625675829248.0,5320.0,0.0,0.0,0.0,1.0,1.0
3198537472.0,0.0,218838752.0,0.0,161.39999389648438,0.0,0.0,0.3979591836734694,0.0,0.0,0.0,0.6815673289183223,0.4053167049556941,4556.22265625,-640824836096.0,5436.0,0.0,0.0,0.0,1.0,1.0
2988964608.0,0.0,218838752.0,0.0,162.33999633789062,0.0,0.0,0.4335043831515929,0.0,0.0,0.0,0.7913739266198283,0.44176925591022986,5109.49267578125,-598948970496.0,5124.0,0.0,0.0,0.0,1.0,1.0
3513387008.0,0.0,204157312.0,0.0,165.6999969482422,0.0,0.0,0.399235506476959,0.0,0.0,0.0,0.6826434277414669,0.40569702201122143,5399.0263671875,-704003702784.0,5508.0,0.0,0.0,0.0,1.0,1.0
2492010240.0,0.0,204157312.0,0.0,159.1300048828125,0.0,0.0,0.4279109773142673,0.0,0.0,0.0,0.7704219899341851,0.43516291274874264,4616.20068359375,-499498745856.0,5166.0,0.0,0.0,0.0,1.0,1.0
3472541696.0,0.0,204157312.0,0.0,163.50999450683594,0.0,0.0,0.41061154911570424,0.0,0.0,0.0,0.7191640231386452,0.41832193639422555,4723.40234375,-695651270656.0,5359.0,0.0,0.0,0.0,1.0,1.0
3424517376.0,0.0,204157312.0,0.0,167.5399932861328,0.0,0.0,0.44519893899204244,0.0,0.0,0.0,0.8295769078687228,0.45342554570996324,4896.45947265625,-686001553408.0,5058.0,0.0,0.0,0.0,1.0,1.0
3221641216.0,0.0,204157312.0,0.0,169.2100067138672,0.0,0.0,0.42086827300711177,0.0,0.0,0.0,0.7533726011780354,0.4296705678370178,5207.8818359375,-645506793472.0,5263.0,0.0,0.0,0.0,1.0,1.0
3749570816.0,0.0,204157312.0,0.0,156.2899932861328,0.0,0.0,0.4292956531118542,0.0,0.0,0.0,0.7787125807082763,0.4377956220437796,4699.04248046875,-750999306240.0,5111.0,0.0,0.0,0.0,1.0,1.0
2513569536.0,0.0,204157312.0,0.0,167.74000549316406,0.0,0.0,0.3970977650672598,0.0,0.0,0.0,0.6806463326071169,0.40499081775953333,4515.93212890625,-503790387200.0,5508.0,0.0,0.0,0.0,1.0,1.0
3279206400.0,0.0,204157312.0,0.0,167.52000427246094,0.0,0.0,0.3999359931726051,0.0,0.0,0.0,0.6875114615807812,0.4074114322973267,4904.892578125,-657033396224.0,5453.0,0.0,0.0,0.0,1.0,1.0
2488254464.0,0.0,180404752.0,0.0,161.1199951171875,0.0,0.0,0.4147440712522803,0.0,0.0,0.0,0.7332574464048568,0.42305166374781084,4257.4306640625,-498630656000.0,5271.0,0.0,0.0,0.0,1.0,1.0
3155702016.0,0.0,180404752.0,0.0,161.4199981689453,0.0,0.0,0.4349271012006861,0.0,0.0,0.0,0.7905300077942322,0.44150614865600174,4695.23974609375,-632184504320.0,5132.0,0.0,0.0,0.0,1.0,1.0
2924026880.0,0.0,180404752.0,0.0,159.64999389648438,0.0,0.0,0.4267199481585484,0.0,0.0,0.0,0.768527523828049,0.43455785305763306,4877.580078125,-585877979136.0,5141.0,0.0,0.0,0.0,1.0,1.0
2206621952.0,0.0,180404752.0,0.0,148.7100067138672,0.0,0.0,0.37449192573876744,0.0,0.0,0.0,0.6182444686253173,0.38204639695169784,4450.1328125,-442399145984.0,5514.0,0.0,0.0,0.0,1.0,1.0
3263931136.0,0.0,180404752.0,0.0,164.83999633789062,0.0,0.0,0.41688879411451113,0.0,0.0,0.0,0.7378750707680695,0.42458464545553265,4737.8291015625,-653863387136.0,5299.0,0.0,0.0,0.0,1.0,1.0
2283795456.0,0.0,180404752.0,0.0,154.6300048828125,0.0,0.0,0.4028169014084507,0.0,0.0,0.0,0.6909496376138264,0.40861633146499615,4646.224609375,-457900244992.0,5381.0,0.0,0.0,0.0,1.0,1.0
3143048192.0,0.0,180404752.0,0.0,158.50999450683594,0.0,0.0,0.4122170012815036,0.0,0.0,0.0,0.7189420748742783,0.4182468306425398,5052.8330078125,-629815869440.0,5369.0,0.0,0.0,0.0,1.0,1.0
2610600960.0,0.0,180404752.0,0.0,170.7100067138672,0.0,0.0,0.4306577011977306,0.0,0.0,0.0,0.784798008807199,0.4397125080454838,4816.4638671875,-523176853504.0,5223.0,0.0,0.0,0.0,1.0,1.0
2771120896.0,0.0,180404752.0,0.0,164.41000366210938,0.0,0.0,0.40027730375426623,0.0,0.0,0.0,0.6881188118811881,0.40762463343108507,4976.689453125,-555409276928.0,5454.0,0.0,0.0,0.0,1.0,1.0
3260388096.0,0.0,305197952.0,0.0,169.0399932861328,0.0,0.0,0.4293743372216331,0.0,0.0,0.0,0.7750765696784073,0.4366440202739135,4276.66650390625,-653078986752.0,5224.0,0.0,0.0,0.0,1.0,1.0
2784621312.0,0.0,305197952.0,0.0,156.7899932861328,0.0,0.0,0.4119412584414192,0.0,0.0,0.0,0.7208778840742825,0.4189012426422498,4214.1611328125,-557936672768.0,5331.0,0.0,0.0,0.0,1.0,1.0
3152899072.0,0.0,305197952.0,0.0,163.58999633789062,0.0,0.0,0.4212811011116993,0.0,0.0,0.0,0.7499057670561629,0.4285406569736134,4808.6533203125,-631679909888.0,5306.0,0.0,0.0,0.0,1.0,1.0
2862020352.0,0.0,305197952.0,0.0,163.7100067138672,0.0,0.0,0.41840425531914893,0.0,0.0,0.0,0.743900132400227,0.42657266811279826,4844.82421875,-573516742656.0,5287.0,0.0,0.0,0.0,1.0,1.0
2471127040.0,0.0,305197952.0,0.0,163.77000427246094,0.0,0.0,0.4247578040904198,0.0,0.0,0.0,0.7606013878180417,0.43201226187869496,5356.9521484375,-495531147264.0,5188.0,0.0,0.0,0.0,1.0,1.0
3472136960.0,0.0,305197952.0,0.0,168.4499969482422,0.0,0.0,0.433896145269194,0.0,0.0,0.0,0.796801872074883,0.4434556110266985,4736.1357421875,-695482351616.0,5128.0,0.0,0.0,0.0,1.0,1.0
2674707968.0,0.0,305197952.0,0.0,166.22999572753906,0.0,0.0,0.44232804232804235,0.0,0.0,0.0,0.8200902491661762,0.4505766950522798,5231.30712890625,-536105566208.0,5097.0,0.0,0.0,0.0,1.0,1.0
2655670784.0,0.0,305197952.0,0.0,157.1999969482422,0.0,0.0,0.4467560321715818,0.0,0.0,0.0,0.8365461847389558,0.4554996719877542,4538.03515625,-532144144384.0,4980.0,0.0,0.0,0.0,1.0,1.0
2955258112.0,0.0,183320864.0,0.0,165.7100067138672,0.0,0.0,0.4062633604104318,0.0,0.0,0.0,0.7091417910447761,0.4149110359131099,4795.20556640625,-592187981824.0,5360.0,0.0,0.0,0.0,1.0,1.0
2561119744.0,0.0,183320864.0,0.0,162.2899932861328,0.0,0.0,0.43659400837538925,0.0,0.0,0.0,0.7964740450538688,0.44335405081234325,5132.818359375,-513407926272.0,5105.0,0.0,0.0,0.0,1.0,1.0
3086328064.0,0.0,183320864.0,0.0,161.02999877929688,0.0,0.0,0.4055215382962724,0.0,0.0,0.0,0.701151560178306,0.41216289987989957,4913.70654296875,-618466246656.0,5384.0,0.0,0.0,0.0,1.0,1.0
2998148352.0,0.0,183320864.0,0.0,163.2100067138672,0.0,0.0,0.43859838274932617,0.0,0.0,0.0,0.8071428571428572,0.44664031620553357,5180.306640625,-600773459968.0,5040.0,0.0,0.0,0.0,1.0,1.0
3553650688.0,0.0,183320864.0,0.0,165.88999938964844,0.0,0.0,0.43105285592497866,0.0,0.0,0.0,0.7833075135553834,0.4392442176132045,4630.4951171875,-711791181824.0,5164.0,0.0,0.0,0.0,1.0,1.0
2420516352.0,0.0,183320864.0,0.0,151.25,0.0,0.0,0.41807044410413474,0.0,0.0,0.0,0.7376954255935148,0.42452515828057313,4228.078125,-485208293376.0,5181.0,0.0,0.0,0.0,1.0,1.0
2842397184.0,0.0,183320864.0,0.0,168.1199951171875,0.0,0.0,0.41559817738688143,0.0,0.0,0.0,0.7323996265172735,0.42276598038158886,4406.1044921875,-569526681600.0,5355.0,0.0,0.0,0.0,1.0,1.0
2080364928.0,0.0,183320864.0,0.0,153.67999267578125,0.0,0.0,0.41950798446266724,0.0,0.0,0.0,0.7435456110154905,0.42645607107601186,4277.90087890625,-417069563904.0,5229.0,0.0,0.0,0.0,1.0,1.0
3499829248.0,0.0,183320864.0,0.0,171.60000610351562,0.0,0.0,0.41860712387028176,0.0,0.0,0.0,0.7436720816018134,0.42649767089156104,4606.283203125,-701043179520.0,5294.0,0.0,0.0,0.0,1.0,1.0
2683296512.0,0.0,219701072.0,0.0,161.3800048828125,0.0,0.0,0.43469869182929444,0.0,0.0,0.0,0.791796875,0.4419010246348376,4560.56689453125,-537682231296.0,5120.0,0.0,0.0,0.0,1.0,1.0
2781341952.0,0.0,219701072.0,0.0,158.5,0.0,0.0,0.3984703220941506,0.0,0.0,0.0,0.6804635761589404,0.40492610837438425,4575.0732421875,-557376634880.0,5436.0,0.0,0.0,0.0,1.0,1.0
3542053888.0,0.0,219701072.0,0.0,163.13999938964844,0.0,0.0,0.42958793542905693,0.0,0.0,0.0,0.7839147286821705,0.43943508962520367,4748.50634765625,-709493325824.0,5160.0,0.0,0.0,0.0,1.0,1.0
2451440384.0,0.0,219701072.0,0.0,155.47999572753906,0.0,0.0,0.4337078651685393,0.0,0.0,0.0,0.7874489994171362,0.4405434782608696,4147.2197265625,-491257823232.0,5147.0,0.0,0.0,0.0,1.0,1.0
3041860608.0,0.0,219701072.0,0.0,163.33999633789062,0.0,0.0,0.424976005118908,0.0,0.0,0.0,0.7597712106768351,0.43174431202600216,4888.044921875,-609471102976.0,5245.0,0.0,0.0,0.0,1.0,1.0
3238103040.0,0.0,219701072.0,0.0,165.94000244140625,0.0,0.0,0.4154026917325358,0.0,0.0,0.0,0.737670713201821,0.4245169741294618,4986.2333984375,-648816590848.0,5272.0,0.0,0.0,0.0,1.0,1.0
3612677632.0,0.0,219701072.0,0.0,166.5500030517578,0.0,0.0,0.4071360305829882,0.0,0.0,0.0,0.7050386171386539,0.4135030198446937,5018.71435546875,-723679117312.0,5438.0,0.0,0.0,0.0,1.0,1.0
2661019904.0,0.0,219701072.0,0.0,157.11000061035156,0.0,0.0,0.4286327999140801,0.0,0.0,0.0,0.7682386910490857,0.4344654909645112,4733.09521484375,-533295710208.0,5195.0,0.0,0.0,0.0,1.0,1.0
2999448320.0,0.0,211390640.0,0.0,161.86000061035156,0.0,0.0,0.42343499197431783,0.0,0.0,0.0,0.7551526717557252,0.43024899423725127,4354.5087890625,-600944148480.0,5240.0,0.0,0.0,0.0,1.0,1.0
2760252672.0,0.0,211390640.0,0.0,162.63999938964844,0.0,0.0,0.40117962466487933,0.0,0.0,0.0,0.6894581643936601,0.4080942511181412,4179.466796875,-553084682240.0,5426.0,0.0,0.0,0.0,1.0,1.0
2520739072.0,0.0,211390640.0,0.0,158.5800018310547,0.0,0.0,0.45530189886921274,0.0,0.0,0.0,0.8646677471636953,0.46371142981312474,4694.33447265625,-505215516672.0,4936.0,0.0,0.0,0.0,1.0,1.0
2688619520.0,0.0,211390640.0,0.0,164.2100067138672,0.0,0.0,0.4013452914798206,0.0,0.0,0.0,0.6899779735682819,0.40827631150211796,5113.576171875,-538945077248.0,5448.0,0.0,0.0,0.0,1.0,1.0
2042455552.0,0.0,211390640.0,0.0,151.30999755859375,0.0,0.0,0.38218702538511606,0.0,0.0,0.0,0.6356910862504511,0.38863761720904577,4534.92041015625,-409555877888.0,5542.0,0.0,0.0,0.0,1.0,1.0
1959461248.0,0.0,211390640.0,0.0,154.6699981689453,0.0,0.0,0.4391870093558447,0.0,0.0,0.0,0.809996033320111,0.4475126013587552,4781.79150390625,-392945582080.0,5042.0,0.0,0.0,0.0,1.0,1.0
2273914368.0,0.0,211390640.0,0.0,159.74000549316406,0.0,0.0,0.4451454234388366,0.0,0.0,0.0,0.8264840182648402,0.4525,5081.0869140625,-455897137152.0,5037.0,0.0,0.0,0.0,1.0,1.0
2779249152.0,0.0,211390640.0,0.0,164.27000427246094,0.0,0.0,0.39667306461932184,0.0,0.0,0.0,0.6784606966988874,0.40421601651635336,4282.5146484375,-556898746368.0,5483.0,0.0,0.0,0.0,1.0,1.0
2692972288.0,0.0,211390640.0,0.0,150.52999877929688,0.0,0.0,0.42648648648648646,0.0,0.0,0.0,0.7712609970674487,0.43543046357615894,4616.62451171875,-539749056512.0,5115.0,0.0,0.0,0.0,1.0,1.0
3323567872.0,0.0,339517088.0,0.0,158.9600067138672,0.0,0.0,0.40325865580448067,0.0,0.0,0.0,0.696408737504628,0.4105194238323876,4772.69287109375,-667411513344.0,5402.0,0.0,0.0,0.0,1.0,1.0
2269186560.0,0.0,339517088.0,0.0,153.22999572753906,0.0,0.0,0.39019352033050664,0.0,0.0,0.0,0.6573260073260073,0.39661841087412975,4407.68115234375,-455492747264.0,5460.0,0.0,0.0,0.0,1.0,1.0
3006202880.0,0.0,339517088.0,0.0,156.17999267578125,0.0,0.0,0.42109823459330664,0.0,0.0,0.0,0.7466871519108892,0.42748763056624517,4792.90283203125,-602311032832.0,5207.0,0.0,0.0,0.0,1.0,1.0
3179537152.0,0.0,339517088.0,0.0,159.5,0.0,0.0,0.412058121882455,0.0,0.0,0.0,0.7225708309564556,0.41947234794127386,4856.158203125,-636999892992.0,5259.0,0.0,0.0,0.0,1.0,1.0
2997368576.0,0.0,339517088.0,0.0,155.7899932861328,0.0,0.0,0.4245932073823305,0.0,0.0,0.0,0.7626520204001569,0.4326730469619408,4752.7724609375,-600566792192.0,5098.0,0.0,0.0,0.0,1.0,1.0
2302684416.0,0.0,339517088.0,0.0,154.61000061035156,0.0,0.0,0.43124122285837746,0.0,0.0,0.0,0.781825303564434,0.4387777533523851,5244.7333984375,-461699481600.0,5106.0,0.0,0.0,0.0,1.0,1.0
1898140672.0,0.0,339517088.0,0.0,150.35000610351562,0.0,0.0,0.37852921864740646,0.0,0.0,0.0,0.6268575570859007,0.3853180349782778,4921.38037109375,-380784263168.0,5518.0,0.0,0.0,0.0,1.0,1.0
3808154624.0,0.0,339517088.0,0.0,162.47999572753906,0.0,0.0,0.42785592497868713,0.0,0.0,0.0,0.7768962848297214,0.43722095175868453,4834.68701171875,-763017953280.0,5168.0,0.0,0.0,0.0,1.0,1.0
2445337600.0,0.0,319214880.0,0.0,152.83999633789062,0.005755649413913488,0.0,0.4005908742750848,0.0,0.0,0.0,0.6891942771084337,0.40800178312715923,4206.39697265625,-490043146240.0,5312.0,0.0,0.0,0.0,1.0,1.0
3125858048.0,0.0,319214880.0,0.0,172.4600067138672,0.02902158536016941,0.0,0.44456210949909986,0.0,0.0,0.0,0.8284981251233472,0.45310307609282247,5101.48974609375,-626293506048.0,5067.0,0.0,0.0,0.0,1.0,1.0
2543174656.0,0.0,319214880.0,0.0,155.52000427246094,0.03308107703924179,0.0,0.38703403565640193,0.0,0.0,0.0,0.6510359869138496,0.3943196829590489,4333.4736328125,-509696868352.0,5502.0,0.0,0.0,0.0,1.0,1.0
3996726272.0,0.0,319214880.0,0.0,172.4499969482422,0.02904321812093258,0.0,0.3951509995746491,0.0,0.0,0.0,0.674410163339383,0.40277476696293085,4387.18994140625,-800415481856.0,5510.0,0.0,0.0,0.0,1.0,1.0
2127035648.0,0.0,319214880.0,0.0,154.11000061035156,0.02594725415110588,0.0,0.41127280625543006,0.0,0.0,0.0,0.7227099236641221,0.4195192201174255,4740.96044921875,-426477879296.0,5240.0,0.0,0.0,0.0,1.0,1.0
3719205120.0,0.0,319214880.0,0.0,175.69000244140625,0.028011461719870567,0.0,0.4134301652457636,0.0,0.0,0.0,0.7288921877899425,0.42159493399162823,4933.5751953125,-745021833216.0,5389.0,0.0,0.0,0.0,1.0,1.0
3088376064.0,0.0,319214880.0,0.0,166.92999267578125,0.033618491142988205,0.0,0.4100704075101344,0.0,0.0,0.0,0.7150297619047619,0.41691973969631235,4597.705078125,-618730782720.0,5376.0,0.0,0.0,0.0,1.0,1.0
2459264000.0,0.0,319214880.0,0.0,155.85000610351562,0.025147784501314163,0.0,0.42633879781420764,0.0,0.0,0.0,0.769883560292086,0.43499107939339876,5041.1748046875,-492954157056.0,5067.0,0.0,0.0,0.0,1.0,1.0
3772140800.0,0.0,319214880.0,0.0,167.91000366210938,0.026141081005334854,0.0,0.4074113399872584,0.0,0.0,0.0,0.7053308823529412,0.4136035356257411,4587.99365234375,-755565166592.0,5440.0,0.0,0.0,0.0,1.0,1.0
3308461824.0,0.0,319214880.0,0.0,169.02000427246094,0.027402371168136597,0.0,0.44287983059820013,0.0,0.0,0.0,0.8271702590468657,0.4527056277056277,4878.7802734375,-662761078784.0,5057.0,0.0,0.0,0.0,1.0,1.0
3041787904.0,0.0,319214880.0,0.0,159.63999938964844,0.02316228114068508,0.0,0.4115738236884803,0.0,0.0,0.0,0.7199621570482497,0.41859185918591857,4472.24951171875,-609369751552.0,5285.0,0.0,0.0,0.0,1.0,1.0
3180274432.0,0.0,319214880.0,0.0,169.33999633789062,0.029963258653879166,0.0,0.45444858817261585,0.0,0.0,0.0,0.8633603238866396,0.46333514394350894,4543.21240234375,-637044817920.0,4940.0,0.0,0.0,0.0,1.0,1.0
3573776128.0,0.0,319214880.0,0.0,165.1199951171875,0.03149405121803284,0.0,0.41904659652136567,0.0,0.0,0.0,0.743570203848352,0.42646416083916083,4542.70947265625,-715802345472.0,5249.0,0.0,0.0,0.0,1.0,1.0
2496459264.0,0.0,319214880.0,0.0,164.07000732421875,0.030439361929893494,0.0,0.39580645161290323,0.0,0.0,0.0,0.6703696958659625,0.4013301351940689,4311.7763671875,-500369260544.0,5491.0,0.0,0.0,0.0,1.0,1.0
2902332416.0,0.0,319214880.0,0.0,161.0800018310547,0.024839285761117935,0.0,0.40980791930464644,0.0,0.0,0.0,0.7162415603900976,0.4173314391869741,4869.7158203125,-581601001472.0,5332.0,0.0,0.0,0.0,1.0,1.0
2663947264.0,0.0,319214880.0,0.0,161.75,0.023634370416402817,0.0,0.4386999892738389,0.0,0.0,0.0,0.805435210712879,0.44611692844677137,4627.701171875,-533798289408.0,5078.0,0.0,0.0,0.0,1.0,1.0
3495194880.0,0.0,319214880.0,0.0,172.3000030517578,0.028211262077093124,0.0,0.413075780089153,0.0,0.0,0.0,0.7280209502431725,0.4213033124052825,4437.9375,-700096217088.0,5346.0,0.0,0.0,0.0,1.0,1.0
2493075200.0,0.0,319214880.0,0.0,156.6999969482422,0.030563199892640114,0.0,0.4297475896435922,0.0,0.0,0.0,0.777843137254902,0.43752067938678724,4462.51708984375,-499634241536.0,5100.0,0.0,0.0,0.0,1.0,1.0
2202755584.0,0.0,319214880.0,0.0,161.16000366210938,0.02932795323431492,0.0,0.42141863699582754,0.0,0.0,0.0,0.7511441647597255,0.42894478928454755,5220.6513671875,-441753550848.0,5244.0,0.0,0.0,0.0,1.0,1.0
3009542912.0,0.0,319214880.0,0.0,165.75,0.028038617223501205,0.0,0.4120528109028961,0.0,0.0,0.0,0.7222844344904815,0.41937581274382313,4452.73974609375,-602954530816.0,5358.0,0.0,0.0,0.0,1.0,1.0
3516772864.0,0.0,319214880.0,0.0,167.10000610351562,0.026419809088110924,0.0,0.415080372250423,0.0,0.0,0.0,0.7332337007285634,0.4230437594309118,4538.796875,-705056473088.0,5353.0,0.0,0.0,0.0,1.0,1.0
3138372608.0,0.0,319214880.0,0.0,165.30999755859375,0.03031008504331112,0.0,0.4095778872937647,0.0,0.0,0.0,0.7163200299793892,0.4173580786026201,4915.6884765625,-628956954624.0,5337.0,0.0,0.0,0.0,1.0,1.0
2481402624.0,0.0,319214880.0,0.0,150.3699951171875,0.026802852749824524,0.0,0.45511369759672377,0.0,0.0,0.0,0.8637758232767437,0.46345478489903424,4934.82373046875,-497362042880.0,4889.0,0.0,0.0,0.0,1.0,1.0
3730758656.0,0.0,319214880.0,0.0,164.42999267578125,0.028407234698534012,0.0,0.4328133405056482,0.0,0.0,0.0,0.7868179151183259,0.44034588441330996,5416.76953125,-747402002432.0,5113.0,0.0,0.0,0.0,1.0,1.0
2349080064.0,0.0,319214880.0,0.0,157.0800018310547,0.02000521495938301,0.0,0.4247282901108361,0.0,0.0,0.0,0.7637383900928792,0.43302249040043883,4305.578125,-470781116416.0,5168.0,0.0,0.0,0.0,1.0,1.0
2812752384.0,0.0,319214880.0,0.0,162.47999572753906,0.02498294785618782,0.0,0.42563716528658996,0.0,0.0,0.0,0.7637977614820533,0.43304157549234135,5563.041015625,-563795001344.0,5182.0,0.0,0.0,0.0,1.0,1.0
3585795584.0,0.0,319214880.0,0.0,159.4499969482422,0.033439405262470245,0.0,0.42978494623655916,0.0,0.0,0.0,0.7788386593920499,0.43783546938328405,4969.23095703125,-718255751168.0,5132.0,0.0,0.0,0.0,1.0,1.0
2816155904.0,0.0,319214880.0,0.0,163.24000549316406,0.026015346869826317,0.0,0.45046968403074295,0.0,0.0,0.0,0.8539053014973695,0.46059812268063743,3933.654541015625,-564105543680.0,4942.0,0.0,0.0,0.0,1.0,1.0
3122412800.0,0.0,319214880.0,0.0,159.60000610351562,0.029262280091643333,0.0,0.42183113798315697,0.0,0.0,0.0,0.751779873003656,0.4291520210896309,4254.6455078125,-625485086720.0,5197.0,0.0,0.0,0.0,1.0,1.0
2329047552.0,0.0,319214880.0,0.0,155.1199951171875,0.03023212030529976,0.0,0.41310262270105563,0.0,0.0,0.0,0.7233231707317073,0.41972578505086244,4309.38134765625,-466813599744.0,5248.0,0.0,0.0,0.0,1.0,1.0
2653412608.0,0.0,319214880.0,0.0,162.9499969482422,0.02756345272064209,0.0,0.40611446101766635,0.0,0.0,0.0,0.7015716374269005,0.4123080227687681,4877.3447265625,-531889651712.0,5472.0,0.0,0.0,0.0,1.0,1.0
2484286464.0,0.0,319214880.0,0.0,157.02000427246094,0.026394808664917946,0.0,0.4514667817083693,0.0,0.0,0.0,0.8527194948054594,0.46025288620120947,4061.31689453125,-497745215488.0,4909.0,0.0,0.0,0.0,1.0,1.0
3321938176.0,0.0,319214880.0,0.0,175.52000427246094,0.025378134101629257,0.0,0.417542741849846,0.0,0.0,0.0,0.7448380375071036,0.42688090326783196,4598.4248046875,-665431736320.0,5279.0,0.0,0.0,0.0,1.0,1.0
3027653632.0,0.0,319214880.0,0.0,157.1199951171875,0.028049251064658165,0.0,0.434000642329515,0.0,0.0,0.0,0.7933463796477495,0.44238323876036667,4541.14501953125,-606711906304.0,5110.0,0.0,0.0,0.0,1.0,1.0
2934330368.0,0.0,319214880.0,0.0,166.74000549316406,0.02815004624426365,0.0,0.4082941427960667,0.0,0.0,0.0,0.7146866230121609,0.41680305510092747,4308.125,-587872763904.0,5345.0,0.0,0.0,0.0,1.0,1.0
2793393152.0,0.0,319214880.0,0.0,150.77000427246094,0.030124440789222717,0.0,0.41542639869636067,0.0,0.0,0.0,0.736517719568567,0.4241348713398403,4882.6650390625,-560058073088.0,5192.0,0.0,0.0,0.0,1.0,1.0
2490827520.0,0.0,319214880.0,0.0,166.52000427246094,0.02549586072564125,0.0,0.4062098501070664,0.0,0.0,0.0,0.7036350148367952,0.4130198127585456,4539.23681640625,-499203063808.0,5392.0,0.0,0.0,0.0,1.0,1.0
2418920704.0,0.0,319214880.0,0.0,161.3699951171875,0.021838992834091187,0.0,0.43581514762516044,0.0,0.0,0.0,0.8002357100766058,0.44451718494271686,4958.83349609375,-484953341952.0,5091.0,0.0,0.0,0.0,1.0,1.0
2376826624.0,0.0,319214880.0,0.0,157.39999389648438,0.02844192087650299,0.0,0.4466652183358679,0.0,0.0,0.0,0.8367928367928368,0.4555727897185907,4282.83154296875,-476300099584.0,4914.0,0.0,0.0,0.0,1.0,1.0
2591218432.0,0.0,319214880.0,0.0,161.7100067138672,0.02450541779398918,0.0,0.4150516795865633,0.0,0.0,0.0,0.7313602731929425,0.42241946088099935,4070.053466796875,-519182417920.0,5271.0,0.0,0.0,0.0,1.0,1.0
2700442624.0,0.0,319214880.0,0.0,160.27999877929688,0.024908484891057014,0.0,0.4074474994587573,0.0,0.0,0.0,0.7075187969924812,0.4143549097313959,4831.31298828125,-541193977856.0,5320.0,0.0,0.0,0.0,1.0,1.0
2714435072.0,0.0,319214880.0,0.0,159.66000366210938,0.022288227453827858,0.0,0.4003662214562688,0.0,0.0,0.0,0.6896103896103896,0.4081475787855496,5020.65771484375,-544047087616.0,5390.0,0.0,0.0,0.0,1.0,1.0
3046052096.0,0.0,319214880.0,0.0,169.5800018310547,0.024073049426078796,0.0,0.4099478112685057,0.0,0.0,0.0,0.7199775533108866,0.4185970636215334,4229.26025390625,-610195767296.0,5346.0,0.0,0.0,0.0,1.0,1.0
2469067264.0,0.0,319214880.0,0.0,163.32000732421875,0.024417966604232788,0.0,0.40358792566333657,0.0,0.0,0.0,0.6985868352547415,0.4112753147235906,5001.24169921875,-494963589120.0,5378.0,0.0,0.0,0.0,1.0,1.0
2968475648.0,0.0,319214880.0,0.0,157.2899932861328,0.02432660013437271,0.0,0.4364208926050603,0.0,0.0,0.0,0.8009166998804305,0.44472723248865775,4795.69921875,-594748669952.0,5018.0,0.0,0.0,0.0,1.0,1.0
3534494464.0,0.0,319214880.0,0.0,168.22000122070312,0.02713903784751892,0.0,0.4282204657124546,0.0,0.0,0.0,0.7763361735089078,0.4370434972201025,4203.65478515625,-707911974912.0,5164.0,0.0,0.0,0.0,1.0,1.0
2945088768.0,0.0,319214880.0,0.0,158.32000732421875,0.02766014076769352,0.0,0.42215053763440863,0.0,0.0,0.0,0.7548548356085368,0.43015229538731237,5147.5478515625,-590328791040.0,5201.0,0.0,0.0,0.0,1.0,1.0
2929847552.0,0.0,319214880.0,0.0,161.0800018310547,0.024660244584083557,0.0,0.4480463718334049,0.0,0.0,0.0,0.838152610441767,0.4559755298230282,4812.8408203125,-587023450112.0,4980.0,0.0,0.0,0.0,1.0,1.0
2257320960.0,0.0,319214880.0,0.0,159.10000610351562,0.024836968630552292,0.0,0.4162808226553246,0.0,0.0,0.0,0.7394797245600612,0.4251154607433473,4296.3671875,-452439539712.0,5228.0,0.0,0.0,0.0,1.0,1.0
2959995648.0,0.0,319214880.0,0.0,163.5500030517578,0.029824137687683105,0.0,0.41216216216216217,0.0,0.0,0.0,0.7223684210526315,0.41940412528647825,4893.5673828125,-593144152064.0,5320.0,0.0,0.0,0.0,1.0,1.0
2982330368.0,0.0,319214880.0,0.0,166.3300018310547,0.029411563649773598,0.0,0.4228058936579116,0.0,0.0,0.0,0.7567360978406268,0.4307625367127162,4725.11083984375,-597641035776.0,5233.0,0.0,0.0,0.0,1.0,1.0
3099673856.0,0.0,319214880.0,0.0,159.6999969482422,0.025305544957518578,0.0,0.410089590443686,0.0,0.0,0.0,0.7157483246463142,0.4171639362048389,4238.46435546875,-621013532672.0,5372.0,0.0,0.0,0.0,1.0,1.0
2636504832.0,0.0,319214880.0,0.0,162.77000427246094,0.023234663531184196,0.0,0.4462915601023018,0.0,0.0,0.0,0.8314472900536033,0.45398373983739837,4340.771484375,-528261283840.0,5037.0,0.0,0.0,0.0,1.0,1.0
2482526208.0,0.0,319214880.0,0.0,156.1699981689453,0.028761103749275208,0.0,0.43963381798599893,0.0,0.0,0.0,0.8152586379069303,0.44911431400594126,4377.1005859375,-497469276160.0,5007.0,0.0,0.0,0.0,1.0,1.0
2744156416.0,0.0,319214880.0,0.0,154.82000732421875,0.026653219014406204,0.0,0.43474953819406714,0.0,0.0,0.0,0.7899308983218164,0.4413192146481359,4794.546875,-549885607936.0,5065.0,0.0,0.0,0.0,1.0,1.0
4529164800.0,0.0,319214880.0,0.0,165.61000061035156,0.029735732823610306,0.0,0.39941847943140213,0.0,0.0,0.0,0.6877433710365288,0.4074928587123709,5018.6865234375,-906992615424.0,5393.0,0.0,0.0,0.0,1.0,1.0
2380076032.0,0.0,319214880.0,0.0,155.85000610351562,0.026918798685073853,0.0,0.4430855058470121,0.0,0.0,0.0,0.8165282720442862,0.4494993469743143,4402.0966796875,-477010706432.0,5058.0,0.0,0.0,0.0,1.0,1.0
2453825792.0,0.0,319214880.0,0.0,160.16000366210938,0.024503391236066818,0.0,0.43712510711225366,0.0,0.0,0.0,0.7973817897616257,0.4436351777367105,4366.7626953125,-491772837888.0,5118.0,0.0,0.0,0.0,1.0,1.0
3231596800.0,0.0,319214880.0,0.0,170.07000732421875,0.0278779324144125,0.0,0.4123613312202853,0.0,0.0,0.0,0.7281716417910448,0.42135377307567745,4590.169921875,-647491125248.0,5360.0,0.0,0.0,0.0,1.0,1.0
2712900608.0,0.0,319214880.0,0.0,164.47999572753906,0.02438543178141117,0.0,0.4232602478551001,0.0,0.0,0.0,0.7594070695553021,0.4316267012313675,5205.79638671875,-543796363264.0,5262.0,0.0,0.0,0.0,1.0,1.0
3209858304.0,0.0,319214880.0,0.0,169.61000061035156,0.02546156570315361,0.0,0.42031914893617023,0.0,0.0,0.0,0.7509979091427486,0.4288970907511941,4472.748046875,-642995912704.0,5261.0,0.0,0.0,0.0,1.0,1.0
3034854912.0,0.0,319214880.0,0.0,157.83999633789062,0.028368815779685974,0.0,0.45301360985093975,0.0,0.0,0.0,0.8574933551420977,0.4616400660429279,4940.8857421875,-608037175296.0,4891.0,0.0,0.0,0.0,1.0,1.0
3158353920.0,0.0,319214880.0,0.0,160.7100067138672,0.02290486916899681,0.0,0.4541367868992829,0.0,0.0,0.0,0.8594288029167511,0.4622004357298475,4601.248046875,-632674385920.0,4937.0,0.0,0.0,0.0,1.0,1.0
2614231808.0,0.0,319214880.0,0.0,162.1999969482422,0.030490268021821976,0.0,0.382921589688507,0.0,0.0,0.0,0.6396913691010228,0.39012913110089736,4725.23779296875,-524036603904.0,5573.0,0.0,0.0,0.0,1.0,1.0
2516710912.0,0.0,319214880.0,0.0,160.69000244140625,0.025174492970108986,0.0,0.4158138532801896,0.0,0.0,0.0,0.7343987823439878,0.42343132953049584,4057.970947265625,-504295555072.0,5256.0,0.0,0.0,0.0,1.0,1.0
2693267712.0,0.0,319214880.0,0.0,169.69000244140625,0.023284796625375748,0.0,0.4228760260100203,0.0,0.0,0.0,0.7606903163950144,0.4320409496841647,4623.66259765625,-539693940736.0,5215.0,0.0,0.0,0.0,1.0,1.0
3173723136.0,0.0,319214880.0,0.0,160.8300018310547,0.028042208403348923,0.0,0.4119789992499732,0.0,0.0,0.0,0.7208473940757405,0.4188909467262229,4037.3173828125,-635757330432.0,5334.0,0.0,0.0,0.0,1.0,1.0
2650922240.0,0.0,319214880.0,0.0,158.61000061035156,0.025675207376480103,0.0,0.4362880886426593,0.0,0.0,0.0,0.8029411764705883,0.4453507340946166,4457.44091796875,-531196739584.0,5100.0,0.0,0.0,0.0,1.0,1.0
3110619648.0,0.0,319214880.0,0.0,172.08999633789062,0.027199450880289078,0.0,0.3982762289848904,0.0,0.0,0.0,0.6812886785584273,0.4052181444191837,4617.5810546875,-623225405440.0,5494.0,0.0,0.0,0.0,1.0,1.0
2340880640.0,0.0,319214880.0,0.0,162.17999267578125,0.029274925589561462,0.0,0.41254834550923936,0.0,0.0,0.0,0.7239819004524887,0.4199475065616798,3985.775634765625,-469135556608.0,5304.0,0.0,0.0,0.0,1.0,1.0
2278170368.0,0.0,319214880.0,0.0,154.47999572753906,0.026287740096449852,0.0,0.4166666666666667,0.0,0.0,0.0,0.7373271889400922,0.4244031830238727,4418.59765625,-456662319104.0,5208.0,0.0,0.0,0.0,1.0,1.0
2619096064.0,0.0,319214880.0,0.0,156.8300018310547,0.0268385112285614,0.0,0.4164241836404785,0.0,0.0,0.0,0.7376861397479955,0.4245220830586684,5167.57080078125,-525032439808.0,5238.0,0.0,0.0,0.0,1.0,1.0
3090141440.0,0.0,319214880.0,0.0,163.1999969482422,0.027668699622154236,0.0,0.3920728441349759,0.0,0.0,0.0,0.6655755591925805,0.3996069439895185,4405.318359375,-619103846400.0,5499.0,0.0,0.0,0.0,1.0,1.0
1875333504.0,0.0,319214880.0,0.0,154.13999938964844,0.031109746545553207,0.0,0.43548560957205995,0.0,0.0,0.0,0.791226008617313,0.44172315766455283,4944.78173828125,-378500857856.0,5106.0,0.0,0.0,0.0,1.0,1.0
2989382656.0,0.0,319214880.0,0.0,163.5399932861328,0.024416038766503334,0.0,0.4146704993079953,0.0,0.0,0.0,0.7318677189026682,0.42258869480308126,4508.8466796875,-598926884864.0,5322.0,0.0,0.0,0.0,1.0,1.0
2743608832.0,0.0,319214880.0,0.0,154.64999389648438,0.026060426607728004,0.0,0.4285869329281528,0.0,0.0,0.0,0.7750736015701668,0.43664307828394516,4943.08203125,-549836193792.0,5095.0,0.0,0.0,0.0,1.0,1.0
3270185984.0,0.0,319214880.0,0.0,173.27999877929688,0.02204708568751812,0.0,0.4251110640998519,0.0,0.0,0.0,0.7595917595917596,0.43168635875402794,4524.373046875,-655119319040.0,5291.0,0.0,0.0,0.0,1.0,1.0
3648015360.0,0.0,319214880.0,0.0,165.60000610351562,0.025224685668945312,0.0,0.4045040214477212,0.0,0.0,0.0,0.702551685602533,0.4126463187835029,5392.9814453125,-730876542976.0,5369.0,0.0,0.0,0.0,1.0,1.0
3209516032.0,0.0,319214880.0,0.0,163.8300018310547,0.025621715933084488,0.0,0.42447805709416275,0.0,0.0,0.0,0.7602060282334987,0.43188468624688414,5186.86328125,-643143630848.0,5242.0,0.0,0.0,0.0,1.0,1.0
2636826112.0,0.0,319214880.0,0.0,156.32000732421875,0.031273819506168365,0.0,0.4112615051434759,0.0,0.0,0.0,0.7174159425765017,0.4177298724153102,5163.328125,-528550428672.0,5294.0,0.0,0.0,0.0,1.0,1.0
2757731584.0,0.0,319214880.0,0.0,159.8800048828125,0.026861969381570816,0.0,0.4264290371658335,0.0,0.0,0.0,0.76640625,0.43387881468376827,5125.271484375,-552676851712.0,5120.0,0.0,0.0,0.0,1.0,1.0
3061179648.0,0.0,319214880.0,0.0,163.64999389648438,0.029168367385864258,0.0,0.39334260944022265,0.0,0.0,0.0,0.6652787834902245,0.3994999456462659,4416.3603515625,-613331140608.0,5524.0,0.0,0.0,0.0,1.0,1.0
3076847104.0,0.0,319214880.0,0.0,156.7899932861328,0.026202043518424034,0.0,0.4096840289011108,0.0,0.0,0.0,0.7170630426576067,0.4176102011652193,3808.5185546875,-616398290944.0,5298.0,0.0,0.0,0.0,1.0,1.0
3036473344.0,0.0,319214880.0,0.0,163.66000366210938,0.027624065056443214,0.0,0.4514485832537408,0.0,0.0,0.0,0.84995004995005,0.45944486445620475,5121.39013671875,-608422461440.0,5005.0,0.0,0.0,0.0,1.0,1.0
2509040640.0,0.0,319214880.0,0.0,159.67999267578125,0.02829616703093052,0.0,0.4237087941587029,0.0,0.0,0.0,0.7595765158806544,0.43168143529154357,4399.81640625,-502817734656.0,5195.0,0.0,0.0,0.0,1.0,1.0
2695091200.0,0.0,319214880.0,0.0,159.94000244140625,0.02411695010960102,0.0,0.40711674908621803,0.0,0.0,0.0,0.7075859491778774,0.4143779406937302,5484.33837890625,-540245409792.0,5352.0,0.0,0.0,0.0,1.0,1.0
3323136256.0,0.0,319214880.0,0.0,169.5500030517578,0.025414299219846725,0.0,0.4341060654175929,0.0,0.0,0.0,0.7950756107018224,0.4429204017712496,4362.34814453125,-665643778048.0,5158.0,0.0,0.0,0.0,1.0,1.0
3034018304.0,0.0,319214880.0,0.0,165.69000244140625,0.027000416070222855,0.0,0.4111821086261981,0.0,0.0,0.0,0.7215473743225566,0.4191272253582284,4257.6015625,-607835684864.0,5351.0,0.0,0.0,0.0,1.0,1.0
2860167424.0,0.0,319214880.0,0.0,156.42999267578125,0.025744831189513206,0.0,0.441437540593202,0.0,0.0,0.0,0.8160896537922754,0.449366391184573,5093.6875,-573151150080.0,4997.0,0.0,0.0,0.0,1.0,1.0
2526571776.0,0.0,319214880.0,0.0,154.14999389648438,0.027053769677877426,0.0,0.4454858866623573,0.0,0.0,0.0,0.8294884653961886,0.45339912280701755,5056.85009765625,-506478575616.0,4985.0,0.0,0.0,0.0,1.0,1.0
3028389376.0,0.0,319214880.0,0.0,155.6300048828125,0.029744649305939674,0.0,0.4323916325210265,0.0,0.0,0.0,0.7824390243902439,0.4389709906951286,4207.27099609375,-606664753152.0,5125.0,0.0,0.0,0.0,1.0,1.0
3518789120.0,0.0,319214880.0,0.0,164.97000122070312,0.026845136657357216,0.0,0.4028963579379661,0.0,0.0,0.0,0.6931944960952027,0.4094003953437294,5006.8876953125,-704934903808.0,5378.0,0.0,0.0,0.0,1.0,1.0
3235666944.0,0.0,319214880.0,0.0,161.80999755859375,0.025376105681061745,0.0,0.41621445626220965,0.0,0.0,0.0,0.7355197545070963,0.42380373521936127,4441.6494140625,-648138719232.0,5214.0,0.0,0.0,0.0,1.0,1.0
2518705152.0,0.0,319214880.0,0.0,160.66000366210938,0.024766813963651657,0.0,0.40827318754712916,0.0,0.0,0.0,0.7159047978843974,0.41721708498458826,4839.966796875,-504879333376.0,5294.0,0.0,0.0,0.0,1.0,1.0
3251622912.0,0.0,319214880.0,0.0,168.22000122070312,0.022353587672114372,0.0,0.39273078160180125,0.0,0.0,0.0,0.665515988372093,0.3995854696192866,4939.052734375,-651575820288.0,5504.0,0.0,0.0,0.0,1.0,1.0
2372779264.0,0.0,319214880.0,0.0,157.9600067138672,0.026553437113761902,0.0,0.4133131945193656,0.0,0.0,0.0,0.7266691957511381,0.4208502691420411,4749.71142578125,-475665809408.0,5272.0,0.0,0.0,0.0,1.0,1.0
2440759296.0,0.0,319214880.0,0.0,157.5,0.02482609637081623,0.0,0.4241569988073295,0.0,0.0,0.0,0.7587276958882855,0.43140714600794,4646.74072265625,-489186344960.0,5156.0,0.0,0.0,0.0,1.0,1.0
2160100864.0,0.0,319214880.0,0.0,158.32000732421875,0.030654361471533775,0.0,0.41800259965337955,0.0,0.0,0.0,0.7421153846153846,0.42598520808036205,4340.74072265625,-433006985216.0,5200.0,0.0,0.0,0.0,1.0,1.0
2564154368.0,0.0,319214880.0,0.0,162.00999450683594,0.025674164295196533,0.0,0.43020643919135737,0.0,0.0,0.0,0.7745041401887156,0.436462289744981,4480.6201171875,-513842724864.0,5193.0,0.0,0.0,0.0,1.0,1.0
3441536512.0,0.0,319214880.0,0.0,155.6999969482422,0.029160942882299423,0.0,0.43985695708712613,0.0,0.0,0.0,0.8087268380155409,0.4471249173826834,4588.9462890625,-689329700864.0,5019.0,0.0,0.0,0.0,1.0,1.0
2258465536.0,0.0,319214880.0,0.0,161.7100067138672,0.023349177092313766,0.0,0.41492216854535696,0.0,0.0,0.0,0.7282833992839646,0.42139119058002616,4351.9814453125,-452724555776.0,5307.0,0.0,0.0,0.0,1.0,1.0
2782218496.0,0.0,319214880.0,0.0,163.75999450683594,0.026146238669753075,0.0,0.41799678628816284,0.0,0.0,0.0,0.7399962070927366,0.42528610354223434,4573.1923828125,-557650214912.0,5273.0,0.0,0.0,0.0,1.0,1.0
2408699648.0,0.0,319214880.0,0.0,162.0800018310547,0.026554415002465248,0.0,0.42732403364923865,0.0,0.0,0.0,0.7699539524174981,0.43501355013550136,4531.56494140625,-482765635584.0,5212.0,0.0,0.0,0.0,1.0,1.0
2661374464.0,0.0,319214880.0,0.0,157.8699951171875,0.026209166273474693,0.0,0.39298473530367,0.0,0.0,0.0,0.6650787834371564,0.39942781690140844,4576.3291015625,-533356888064.0,5458.0,0.0,0.0,0.0,1.0,1.0
2962114560.0,0.0,319214880.0,0.0,159.85000610351562,0.021748842671513557,0.0,0.43372582910230095,0.0,0.0,0.0,0.7892667584037744,0.44111184355086797,4561.826171875,-593450434560.0,5087.0,0.0,0.0,0.0,1.0,1.0
3480257792.0,0.0,319214880.0,0.0,160.5800018310547,0.026389513164758682,0.0,0.3954565030146425,0.0,0.0,0.0,0.6730804471321239,0.4023001095290252,4421.08056640625,-697541001216.0,5457.0,0.0,0.0,0.0,1.0,1.0
3585491200.0,0.0,319214880.0,0.0,166.89999389648438,0.029212558642029762,0.0,0.4489363953857551,0.0,0.0,0.0,0.8403328050713154,0.4566200215285253,5136.501953125,-718220328960.0,5048.0,0.0,0.0,0.0,1.0,1.0
2061692160.0,0.0,319214880.0,0.0,157.7899932861328,0.02758815884590149,0.0,0.428602243313201,0.0,0.0,0.0,0.773904576436222,0.43627181908003076,4953.8935546875,-413446602752.0,5135.0,0.0,0.0,0.0,1.0,1.0
2512599808.0,0.0,319214880.0,0.0,158.42999267578125,0.031177371740341187,0.0,0.46758709955776073,0.0,0.0,0.0,0.9141712357654997,0.47758069846865703,4336.01318359375,-503459315712.0,4742.0,0.0,0.0,0.0,1.0,1.0
2929628928.0,0.0,319214880.0,0.0,162.24000549316406,0.02909780666232109,0.0,0.42644360496492173,0.0,0.0,0.0,0.7674825174825175,0.4342235410484669,4701.38671875,-586989305856.0,5148.0,0.0,0.0,0.0,1.0,1.0
2566526464.0,0.0,319214880.0,0.0,154.8800048828125,0.03100423514842987,0.0,0.40077486009470514,0.0,0.0,0.0,0.6887368226373219,0.4078414193407075,4403.80078125,-514893316096.0,5407.0,0.0,0.0,0.0,1.0,1.0
3352313088.0,0.0,319214880.0,0.0,175.5800018310547,0.022431060671806335,0.0,0.4409853249475891,0.0,0.0,0.0,0.8162592161428017,0.4494177972438842,4915.65087890625,-671592644608.0,5154.0,0.0,0.0,0.0,1.0,1.0
3476572416.0,0.0,319214880.0,0.0,170.08999633789062,0.029929209500551224,0.0,0.43307504511198386,0.0,0.0,0.0,0.7864302235929067,0.440224428139836,3925.01318359375,-696315150336.0,5188.0,0.0,0.0,0.0,1.0,1.0
2337658368.0,0.0,319214880.0,0.0,159.1199951171875,0.02317466028034687,0.0,0.40086626962642125,0.0,0.0,0.0,0.6874651810584959,0.4073951799273688,4607.20654296875,-468606189568.0,5385.0,0.0,0.0,0.0,1.0,1.0
2026307456.0,0.0,319214880.0,0.0,158.6699981689453,0.025096457451581955,0.0,0.4027012425715829,0.0,0.0,0.0,0.6942995529061102,0.4097855964815833,4491.9462890625,-406298427392.0,5368.0,0.0,0.0,0.0,1.0,1.0
2435983616.0,0.0,319214880.0,0.0,147.02000427246094,0.02960211969912052,0.0,0.40850136239782014,0.0,0.0,0.0,0.71106051982546,0.41556713604612483,4832.0673828125,-488405893120.0,5271.0,0.0,0.0,0.0,1.0,1.0
2693921280.0,0.0,319214880.0,0.0,164.25999450683594,0.026598110795021057,0.0,0.42988752008569897,0.0,0.0,0.0,0.7786185487000388,0.4377658994218392,4426.24560546875,-539782250496.0,5154.0,0.0,0.0,0.0,1.0,1.0
3643392256.0,0.0,319214880.0,0.0,167.02000427246094,0.0254373662173748,0.0,0.40109418579703926,0.0,0.0,0.0,0.6939495174461767,0.40966363536759065,5069.5859375,-729888849920.0,5388.0,0.0,0.0,0.0,1.0,1.0
1953744384.0,0.0,319214880.0,0.0,149.2899932861328,0.030736055225133896,0.0,0.4290857516910321,0.0,0.0,0.0,0.7754337539432177,0.43675735702387564,4390.53271484375,-391750385664.0,5072.0,0.0,0.0,0.0,1.0,1.0
3114848000.0,0.0,319214880.0,0.0,165.30999755859375,0.02536487951874733,0.0,0.4050321199143469,0.0,0.0,0.0,0.6995192307692307,0.4115983026874116,4626.4765625,-624060366848.0,5408.0,0.0,0.0,0.0,1.0,1.0
2786418944.0,0.0,319214880.0,0.0,155.66000366210938,0.028377767652273178,0.0,0.4222582387898433,0.0,0.0,0.0,0.7522617901828681,0.42930901900472374,4274.54150390625,-558261043200.0,5195.0,0.0,0.0,0.0,1.0,1.0
3037810432.0,0.0,319214880.0,0.0,157.25999450683594,0.02489929273724556,0.0,0.40630777596519846,0.0,0.0,0.0,0.7051717629294073,0.41354881558556567,4214.515625,-608608681984.0,5298.0,0.0,0.0,0.0,1.0,1.0
2426775808.0,0.0,319214880.0,0.0,160.89999389648438,0.026857051998376846,0.0,0.40372804654670835,0.0,0.0,0.0,0.6971162790697675,0.4107651830738873,4077.072509765625,-486318899200.0,5375.0,0.0,0.0,0.0,1.0,1.0
2750989568.0,0.0,319214880.0,0.0,158.57000732421875,0.021698225289583206,0.0,0.4047980894485454,0.0,0.0,0.0,0.7013353394771488,0.4122263984081362,4579.7373046875,-551271530496.0,5317.0,0.0,0.0,0.0,1.0,1.0
2242777344.0,0.0,319214880.0,0.0,162.11000061035156,0.029039811342954636,0.0,0.4502718260313399,0.0,0.0,0.0,0.8434504792332268,0.45753899480069327,4809.525390625,-449604648960.0,5008.0,0.0,0.0,0.0,1.0,1.0
2359611136.0,0.0,319214880.0,0.0,162.82000732421875,0.025703808292746544,0.0,0.43587014369345395,0.0,0.0,0.0,0.8004300234558248,0.44457713603300403,4937.4443359375,-473025314816.0,5116.0,0.0,0.0,0.0,1.0,1.0
2479379968.0,0.0,319214880.0,0.0,157.8300018310547,0.025913065299391747,0.0,0.4074997290560312,0.0,0.0,0.0,0.7050440652540784,0.41350489387440886,4690.0517578125,-496956801024.0,5333.0,0.0,0.0,0.0,1.0,1.0
3634716672.0,0.0,319214880.0,0.0,167.52000427246094,0.025671426206827164,0.0,0.4114493996569468,0.0,0.0,0.0,0.7256570240121006,0.4205105730250904,4473.34130859375,-727950032896.0,5289.0,0.0,0.0,0.0,1.0,1.0
2916562688.0,0.0,319214880.0,0.0,159.92999267578125,0.024287478998303413,0.0,0.41192237589793074,0.0,0.0,0.0,0.7221804511278196,0.41934075529360404,4578.93408203125,-584441135104.0,5320.0,0.0,0.0,0.0,1.0,1.0
3019042304.0,0.0,319214880.0,0.0,164.6699981689453,0.030535850673913956,0.0,0.4369181380417336,0.0,0.0,0.0,0.7946671856753601,0.44279362325127425,4995.115234375,-604992176128.0,5138.0,0.0,0.0,0.0,1.0,1.0
2873890560.0,0.0,319214880.0,0.0,158.97999572753906,0.02403637021780014,0.0,0.4201590371803138,0.0,0.0,0.0,0.7419354838709677,0.42592592592592593,4484.65869140625,-575914934272.0,5270.0,0.0,0.0,0.0,1.0,1.0
2527528448.0,0.0,319214880.0,0.0,151.99000549316406,0.02844621241092682,0.0,0.40180415172263884,0.0,0.0,0.0,0.6940116388211001,0.40968528368794327,4473.5361328125,-506795999232.0,5327.0,0.0,0.0,0.0,1.0,1.0
2488163328.0,0.0,319214880.0,0.0,159.00999450683594,0.029465895146131516,0.0,0.439239282260664,0.0,0.0,0.0,0.811272077793213,0.4479018297359483,4239.04345703125,-498593628160.0,5039.0,0.0,0.0,0.0,1.0,1.0
2449768704.0,0.0,319214880.0,0.0,157.55999755859375,0.02702450379729271,0.0,0.4393792434529583,0.0,0.0,0.0,0.8116663348596457,0.448021978021978,4510.75341796875,-490941120512.0,5023.0,0.0,0.0,0.0,1.0,1.0
4315547136.0,0.0,319214880.0,0.0,170.41000366210938,0.025338929146528244,0.0,0.4324497648567764,0.0,0.0,0.0,0.7874659400544959,0.4405487804878049,5186.08935546875,-864278839296.0,5138.0,0.0,0.0,0.0,1.0,1.0
2227278080.0,0.0,319214880.0,0.0,155.41000366210938,0.02777816727757454,0.0,0.41369952236213636,0.0,0.0,0.0,0.725076103500761,0.42031542957979484,4987.767578125,-446576148480.0,5256.0,0.0,0.0,0.0,1.0,1.0
2670662400.0,0.0,319214880.0,0.0,159.2899932861328,0.02592400833964348,0.0,0.42618384401114207,0.0,0.0,0.0,0.7688442211055276,0.4346590909090909,4750.599609375,-535210590208.0,5174.0,0.0,0.0,0.0,1.0,1.0
3116059648.0,0.0,319214880.0,0.0,171.57000732421875,0.024920295923948288,0.0,0.3877898319506488,0.0,0.0,0.0,0.6548132183908046,0.3957021923160408,4374.26806640625,-624282075136.0,5568.0,0.0,0.0,0.0,1.0,1.0
3041602560.0,0.0,319214880.0,0.0,163.10000610351562,0.024648984894156456,0.0,0.43117190866006033,0.0,0.0,0.0,0.7847480886100765,0.4396968365553603,4642.6748046875,-609355268096.0,5101.0,0.0,0.0,0.0,1.0,1.0
2708262656.0,0.0,319214880.0,0.0,155.57000732421875,0.02869373932480812,0.0,0.45129032258064516,0.0,0.0,0.0,0.8565306122448979,0.46136088820490273,4741.9013671875,-542699192320.0,4900.0,0.0,0.0,0.0,1.0,1.0
2714498048.0,0.0,319214880.0,0.0,154.75999450683594,0.02900533750653267,0.0,0.397016889668787,0.0,0.0,0.0,0.6766355140186916,0.4035674470457079,4401.607421875,-543943901184.0,5350.0,0.0,0.0,0.0,1.0,1.0
2071062272.0,0.0,319214880.0,0.0,153.6699981689453,0.02683527208864689,0.0,0.4166308089500861,0.0,0.0,0.0,0.7338006820765441,0.4232324336138127,4153.21630859375,-415178637312.0,5278.0,0.0,0.0,0.0,1.0,1.0
3407066624.0,0.0,319214880.0,0.0,165.9600067138672,0.028002619743347168,0.0,0.40900362705355237,0.0,0.0,0.0,0.7148983777736342,0.41687506795694246,4803.6279296875,-682961043456.0,5363.0,0.0,0.0,0.0,1.0,1.0
3223370496.0,0.0,319214880.0,0.0,153.80999755859375,0.02960185706615448,0.0,0.39295363665838107,0.0,0.0,0.0,0.6642309097552064,0.3991218441273326,5380.50732421875,-646992461824.0,5474.0,0.0,0.0,0.0,1.0,1.0
2395535616.0,0.0,319214880.0,0.0,159.50999450683594,0.03235799819231033,0.0,0.4318009734991888,0.0,0.0,0.0,0.7816722146074017,0.4387295307176613,4796.47119140625,-480164151296.0,5107.0,0.0,0.0,0.0,1.0,1.0
2628267264.0,0.0,319214880.0,0.0,160.14999389648438,0.02576289512217045,0.0,0.4303714968498805,0.0,0.0,0.0,0.7770151010001961,0.4372585807306037,3890.16796875,-526556381184.0,5099.0,0.0,0.0,0.0,1.0,1.0
2965433600.0,0.0,319214880.0,0.0,154.5399932861328,0.029081830754876137,0.0,0.42632036513801347,0.0,0.0,0.0,0.7660613161491896,0.43376824413976117,4568.99267578125,-594125357056.0,5121.0,0.0,0.0,0.0,1.0,1.0
2765634816.0,0.0,319214880.0,0.0,159.25999450683594,0.028326082974672318,0.0,0.4111516974645466,0.0,0.0,0.0,0.7254976303317535,0.4204570424082619,4813.8955078125,-554251583488.0,5275.0,0.0,0.0,0.0,1.0,1.0
2436997632.0,0.0,319214880.0,0.0,161.5,0.0310976505279541,0.0,0.44817565385857283,0.0,0.0,0.0,0.8393469058657529,0.4563287671232877,4401.7958984375,-488360411136.0,4961.0,0.0,0.0,0.0,1.0,1.0
2195259136.0,0.0,319214880.0,0.0,163.22999572753906,0.026006052270531654,0.0,0.43555271020059755,0.0,0.0,0.0,0.7964878048780488,0.44335831432605627,4430.1435546875,-440029560832.0,5125.0,0.0,0.0,0.0,1.0,1.0
2587907584.0,0.0,319214880.0,0.0,159.4199981689453,0.025750091299414635,0.0,0.410764565735326,0.0,0.0,0.0,0.7136406396989652,0.41644707949055776,4302.373046875,-518611664896.0,5315.0,0.0,0.0,0.0,1.0,1.0
2946978048.0,0.0,319214880.0,0.0,160.41000366210938,0.0293305404484272,0.0,0.4490839369407755,0.0,0.0,0.0,0.8442130556668002,0.45776330076004346,4549.23779296875,-590463107072.0,4994.0,0.0,0.0,0.0,1.0,1.0
2431938304.0,0.0,319214880.0,0.0,151.58999633789062,0.023823168128728867,0.0,0.4028036359653926,0.0,0.0,0.0,0.6977803073420603,0.41099564197116994,4867.4951171875,-487484735488.0,5271.0,0.0,0.0,0.0,1.0,1.0
2714955264.0,0.0,319214880.0,0.0,158.8300018310547,0.027747685089707375,0.0,0.42668256204616883,0.0,0.0,0.0,0.7652089407191448,0.43349482492842983,4449.34228515625,-544000147456.0,5145.0,0.0,0.0,0.0,1.0,1.0
2389930240.0,0.0,319214880.0,0.0,155.41000366210938,0.02396424487233162,0.0,0.4279790484504583,0.0,0.0,0.0,0.7721992518212246,0.4357293634040662,4765.91259765625,-479042306048.0,5079.0,0.0,0.0,0.0,1.0,1.0
1872736384.0,0.0,319214880.0,0.0,149.4499969482422,0.03074619732797146,0.0,0.43205956421767217,0.0,0.0,0.0,0.784493041749503,0.4396167557932264,4578.11767578125,-375619649536.0,5030.0,0.0,0.0,0.0,1.0,1.0
2431055872.0,0.0,319214880.0,0.0,160.6199951171875,0.02356080338358879,0.0,0.4210243167635033,0.0,0.0,0.0,0.7513440860215054,0.42900997697620874,4761.087890625,-487332315136.0,5208.0,0.0,0.0,0.0,1.0,1.0
3595710976.0,0.0,319214880.0,0.0,162.11000061035156,0.024724075570702553,0.0,0.42551806444613216,0.0,0.0,0.0,0.7634806307183181,0.43293961805938846,4760.9912109375,-720210427904.0,5137.0,0.0,0.0,0.0,1.0,1.0
2361035776.0,0.0,319214880.0,0.0,152.97999572753906,0.023554854094982147,0.0,0.4158394240209447,0.0,0.0,0.0,0.7304081241617169,0.42210164987266086,4195.28564453125,-473190400000.0,5219.0,0.0,0.0,0.0,1.0,1.0
2708059136.0,0.0,319214880.0,0.0,156.3699951171875,0.029936958104372025,0.0,0.41313536360680614,0.0,0.0,0.0,0.7308282208588958,0.42224191404519273,4808.2900390625,-542711398400.0,5216.0,0.0,0.0,0.0,1.0,1.0
1913467648.0,0.0,319214880.0,0.0,149.2899932861328,0.023603016510605812,0.0,0.43349646547036436,0.0,0.0,0.0,0.7874357961280126,0.4405393457117595,4634.7802734375,-383717916672.0,5062.0,0.0,0.0,0.0,1.0,1.0
2642847488.0,0.0,319214880.0,0.0,156.8300018310547,0.02370590716600418,0.0,0.4485890366526111,0.0,0.0,0.0,0.8420945808808605,0.45713970912296165,4333.669921875,-529524473856.0,4927.0,0.0,0.0,0.0,1.0,1.0
2835578624.0,0.0,319214880.0,0.0,161.27000427246094,0.0298896674066782,0.0,0.4263590729467051,0.0,0.0,0.0,0.7635807192042846,0.4329718004338395,4356.64501953125,-568125784064.0,5228.0,0.0,0.0,0.0,1.0,1.0
3176065024.0,0.0,319214880.0,0.0,160.4199981689453,0.026709601283073425,0.0,0.44723564143854,0.0,0.0,0.0,0.8365461847389558,0.4554996719877542,4664.72509765625,-636239740928.0,4980.0,0.0,0.0,0.0,1.0,1.0
2347229184.0,0.0,319214880.0,0.0,161.66000366210938,0.02331695146858692,0.0,0.41775540801028055,0.0,0.0,0.0,0.7441816100724914,0.42666520835611943,4543.03955078125,-470483369984.0,5242.0,0.0,0.0,0.0,1.0,1.0
2655744256.0,0.0,319214880.0,0.0,163.07000732421875,0.02578216791152954,0.0,0.4174193548387097,0.0,0.0,0.0,0.7370419593696601,0.42430866761394687,4751.56005859375,-532233797632.0,5267.0,0.0,0.0,0.0,1.0,1.0
2447676672.0,0.0,319214880.0,0.0,152.02000427246094,0.02698391117155552,0.0,0.4351691240242845,0.0,0.0,0.0,0.7878312070657507,0.44066308046986497,4633.3662109375,-490648977408.0,5095.0,0.0,0.0,0.0,1.0,1.0
2988515072.0,0.0,319214880.0,0.0,164.6199951171875,0.02632169798016548,0.0,0.43471252015045675,0.0,0.0,0.0,0.7932928025102961,0.4423665791776028,4416.15625,-598690824192.0,5099.0,0.0,0.0,0.0,1.0,1.0
2098296960.0,0.0,319214880.0,0.0,157.75,0.02356521598994732,0.0,0.3966897446992644,0.0,0.0,0.0,0.6784458834412581,0.40421075837742504,4238.29150390625,-420663443456.0,5405.0,0.0,0.0,0.0,1.0,1.0
2992356352.0,0.0,319214880.0,0.0,166.5500030517578,0.02633265219628811,0.0,0.39912186763760976,0.0,0.0,0.0,0.6857405703771849,0.4067889107181838,4415.529296875,-599534370816.0,5435.0,0.0,0.0,0.0,1.0,1.0
2872104960.0,0.0,319214880.0,0.0,164.52999877929688,0.022508567199110985,0.0,0.3958535795270489,0.0,0.0,0.0,0.6772584518751155,0.4037889635422403,4680.9248046875,-575536857088.0,5413.0,0.0,0.0,0.0,1.0,1.0
2551540992.0,0.0,319214880.0,0.0,160.13999938964844,0.023430611938238144,0.0,0.4192040017398869,0.0,0.0,0.0,0.7440648523451071,0.4266268260292165,4782.63818359375,-511408570368.0,5181.0,0.0,0.0,0.0,1.0,1.0
3426107392.0,0.0,319214880.0,0.0,163.58999633789062,0.026978354901075363,0.0,0.41229481815255875,0.0,0.0,0.0,0.7225042301184433,0.4194499017681729,3977.688720703125,-686215659520.0,5319.0,0.0,0.0,0.0,1.0,1.0
2472750080.0,0.0,319214880.0,0.0,158.44000244140625,0.026286114007234573,0.0,0.408599827139153,0.0,0.0,0.0,0.7103681442524418,0.4153305512848671,4891.4521484375,-495663185920.0,5324.0,0.0,0.0,0.0,1.0,1.0
2302949120.0,0.0,319214880.0,0.0,157.19000244140625,0.02685401402413845,0.0,0.4238331892826275,0.0,0.0,0.0,0.7624878522837707,0.43262020291133657,4512.09423828125,-461618642944.0,5145.0,0.0,0.0,0.0,1.0,1.0
3081436160.0,0.0,319214880.0,0.0,161.82000732421875,0.03173813223838806,0.0,0.4089786274299216,0.0,0.0,0.0,0.711243929772133,0.4156297751582624,4094.4375,-617289351168.0,5354.0,0.0,0.0,0.0,1.0,1.0
2404160256.0,0.0,319214880.0,0.0,159.00999450683594,0.024905409663915634,0.0,0.40899311531841653,0.0,0.0,0.0,0.7118517131623292,0.415837252542929,4366.5517578125,-481856552960.0,5341.0,0.0,0.0,0.0,1.0,1.0
1948327936.0,0.0,319214880.0,0.0,148.92999267578125,0.023866431787610054,0.0,0.4510080208107522,0.0,0.0,0.0,0.84607564050427,0.45831038660645446,4205.4111328125,-390580731904.0,4918.0,0.0,0.0,0.0,1.0,1.0
2406376704.0,0.0,319214880.0,0.0,159.42999267578125,0.025542372837662697,0.0,0.4174138489791509,0.0,0.0,0.0,0.7430769230769231,0.4263018534863195,4260.3623046875,-482275377152.0,5200.0,0.0,0.0,0.0,1.0,1.0
2737616384.0,0.0,319214880.0,0.0,157.57000732421875,0.026401523500680923,0.0,0.42444876783398183,0.0,0.0,0.0,0.7677419354838709,0.4343065693430657,4660.8017578125,-548604968960.0,5115.0,0.0,0.0,0.0,1.0,1.0
2950417408.0,0.0,319214880.0,0.0,166.69000244140625,0.026749631389975548,0.0,0.42637575236457437,0.0,0.0,0.0,0.764944080215966,0.43340981099093195,4487.337890625,-591093760000.0,5186.0,0.0,0.0,0.0,1.0,1.0
2126853888.0,0.0,319214880.0,0.0,157.57000732421875,0.0217004232108593,0.0,0.4306458604247941,0.0,0.0,0.0,0.7815142576204523,0.4386797659785848,4583.40673828125,-426390732800.0,5085.0,0.0,0.0,0.0,1.0,1.0
2331564800.0,0.0,319214880.0,0.0,161.52000427246094,0.022191673517227173,0.0,0.3751484400302278,0.0,0.0,0.0,0.6171195169596875,0.3816165165824731,4610.84619140625,-467477872640.0,5631.0,0.0,0.0,0.0,1.0,1.0
2686733568.0,0.0,319214880.0,0.0,163.92999267578125,0.023000065237283707,0.0,0.39168630812084854,0.0,0.0,0.0,0.6654532216963961,0.39956284153005467,4961.314453125,-538533281792.0,5494.0,0.0,0.0,0.0,1.0,1.0
2783304448.0,0.0,319214880.0,0.0,164.69000244140625,0.021504798904061317,0.0,0.4481986783201876,0.0,0.0,0.0,0.8396565495207667,0.45642027569738414,4828.1572265625,-557723713536.0,5008.0,0.0,0.0,0.0,1.0,1.0
1954823168.0,0.0,319214880.0,0.0,153.3800048828125,0.024268699809908867,0.0,0.42175324675324677,0.0,0.0,0.0,0.7487031700288185,0.42814765985497694,4127.314453125,-391886782464.0,5205.0,0.0,0.0,0.0,1.0,1.0
2508566528.0,0.0,319214880.0,0.0,161.42999267578125,0.02647421695291996,0.0,0.44845250800426895,0.0,0.0,0.0,0.8373854125149462,0.45574837310195226,4777.6064453125,-502766043136.0,5018.0,0.0,0.0,0.0,1.0,1.0
3105413632.0,0.0,319214880.0,0.0,161.7100067138672,0.02911928854882717,0.0,0.4424579809442244,0.0,0.0,0.0,0.8197143990479968,0.4504632152588556,4750.13525390625,-622234140672.0,5042.0,0.0,0.0,0.0,1.0,1.0
2713601536.0,0.0,319214880.0,0.0,163.97000122070312,0.02512470819056034,0.0,0.4097974059384714,0.0,0.0,0.0,0.7164542728635682,0.41740364668631946,4499.77197265625,-543783960576.0,5336.0,0.0,0.0,0.0,1.0,1.0
2408403968.0,0.0,319214880.0,0.0,159.33999633789062,0.02419465035200119,0.0,0.4201291711517761,0.0,0.0,0.0,0.7481311098332375,0.42796052631578946,4166.63720703125,-482633891840.0,5217.0,0.0,0.0,0.0,1.0,1.0
2126499072.0,0.0,319214880.0,0.0,153.88999938964844,0.02668284997344017,0.0,0.42534381139489197,0.0,0.0,0.0,0.7621748484255818,0.432519422863485,4794.40478515625,-426360487936.0,5113.0,0.0,0.0,0.0,1.0,1.0
2538544128.0,0.0,319214880.0,0.0,160.58999633789062,0.021297309547662735,0.0,0.40913015324843516,0.0,0.0,0.0,0.7099250936329587,0.41517906034388347,3904.9375,-508624863232.0,5340.0,0.0,0.0,0.0,1.0,1.0
2117175808.0,0.0,319214880.0,0.0,149.2899932861328,0.028282741084694862,0.0,0.44398877617094756,0.0,0.0,0.0,0.8211576846307386,0.45089872862779484,5062.87890625,-424596717568.0,5010.0,0.0,0.0,0.0,1.0,1.0
2401377024.0,0.0,319214880.0,0.0,158.0,0.02566436491906643,0.0,0.38907627026438907,0.0,0.0,0.0,0.6566287183253764,0.3963644424739526,4524.5,-481348911104.0,5446.0,0.0,0.0,0.0,1.0,1.0
2196235008.0,0.0,319214880.0,0.0,152.30999755859375,0.023974638432264328,0.0,0.4135387285745281,0.0,0.0,0.0,0.7244393766628658,0.42010138858276397,4500.490234375,-440296194048.0,5262.0,0.0,0.0,0.0,1.0,1.0
2561102592.0,0.0,319214880.0,0.0,163.74000549316406,0.025012964382767677,0.0,0.4203255515099593,0.0,0.0,0.0,0.7477614783768337,0.4278395465445825,4528.5732421875,-513232273408.0,5249.0,0.0,0.0,0.0,1.0,1.0
2429264128.0,0.0,319214880.0,0.0,162.47000122070312,0.022309083491563797,0.0,0.4177649201757206,0.0,0.0,0.0,0.7388667803676331,0.4249128160418483,4717.06787109375,-486920814592.0,5277.0,0.0,0.0,0.0,1.0,1.0
2076900352.0,0.0,319214880.0,0.0,154.55999755859375,0.024805793538689613,0.0,0.4257703081232493,0.0,0.0,0.0,0.7654464458648073,0.4335710367526056,4656.5595703125,-416440287232.0,5163.0,0.0,0.0,0.0,1.0,1.0
2645790208.0,0.0,319214880.0,0.0,163.22000122070312,0.024709459394216537,0.0,0.4135216734957947,0.0,0.0,0.0,0.7256385998107853,0.4205043859649123,4488.23779296875,-530198003712.0,5285.0,0.0,0.0,0.0,1.0,1.0
3072502016.0,0.0,319214880.0,0.0,157.64999389648438,0.028490100055933,0.0,0.41518823020337514,0.0,0.0,0.0,0.7366602687140115,0.42418213969938107,4796.84619140625,-615617724416.0,5210.0,0.0,0.0,0.0,1.0,1.0
2925510912.0,0.0,319214880.0,0.0,166.38999938964844,0.026780446991324425,0.0,0.44236960721184804,0.0,0.0,0.0,0.8173706127305176,0.4497545008183306,4082.54931640625,-586028187648.0,5043.0,0.0,0.0,0.0,1.0,1.0
2678232576.0,0.0,319214880.0,0.0,156.13999938964844,0.025974908843636513,0.0,0.39794927145169995,0.0,0.0,0.0,0.6820199778024417,0.4054767403497196,4304.86181640625,-536706416640.0,5406.0,0.0,0.0,0.0,1.0,1.0
2756344576.0,0.0,319214880.0,0.0,163.27000427246094,0.026744183152914047,0.0,0.4434227607096495,0.0,0.0,0.0,0.8284155214227971,0.45307836851995137,4880.6904296875,-552330657792.0,4948.0,0.0,0.0,0.0,1.0,1.0
2671593728.0,0.0,319214880.0,0.0,156.86000061035156,0.02217119373381138,0.0,0.4243417458756692,0.0,0.0,0.0,0.7557890640202374,0.43045550260445525,4656.46875,-535347904512.0,5139.0,0.0,0.0,0.0,1.0,1.0
2410298624.0,0.0,319214880.0,0.0,145.8000030517578,0.026701683178544044,0.0,0.4238606485539001,0.0,0.0,0.0,0.7574393108848865,0.4309903085663362,4595.5595703125,-483448176640.0,5108.0,0.0,0.0,0.0,1.0,1.0
2732169216.0,0.0,319214880.0,0.0,160.69000244140625,0.024668116122484207,0.0,0.40825342096756817,0.0,0.0,0.0,0.7076951811729548,0.41441539975937874,4665.2314453125,-547504455680.0,5354.0,0.0,0.0,0.0,1.0,1.0
2640356096.0,0.0,319214880.0,0.0,156.1199951171875,0.02454838529229164,0.0,0.4210639905039387,0.0,0.0,0.0,0.7528458421763458,0.4294991744634012,4374.8125,-529120690176.0,5183.0,0.0,0.0,0.0,1.0,1.0
1832275456.0,0.0,319214880.0,0.0,151.8000030517578,0.026018083095550537,0.0,0.4088187261839956,0.0,0.0,0.0,0.7088918255616387,0.4148254529385771,4376.83251953125,-367476080640.0,5297.0,0.0,0.0,0.0,1.0,1.0
2385335808.0,0.0,319214880.0,0.0,159.49000549316406,0.02552267350256443,0.0,0.4468314800820469,0.0,0.0,0.0,0.8376846792147339,0.45583700440528635,4274.7861328125,-478030282752.0,4941.0,0.0,0.0,0.0,1.0,1.0
2457022208.0,0.0,319214880.0,0.0,157.89999389648438,0.023197760805487633,0.0,0.4148626817447496,0.0,0.0,0.0,0.7348340328119038,0.4235759841653838,4138.6396484375,-492383371264.0,5242.0,0.0,0.0,0.0,1.0,1.0
2931884800.0,0.0,319214880.0,0.0,161.99000549316406,0.021228468045592308,0.0,0.40068861631159886,0.0,0.0,0.0,0.6909090909090909,0.40860215053763443,4759.5263671875,-587504517120.0,5390.0,0.0,0.0,0.0,1.0,1.0
2183442176.0,0.0,319214880.0,0.0,154.6300048828125,0.024574127048254013,0.0,0.42610385404296663,0.0,0.0,0.0,0.7653674617025402,0.4335456942003515,4865.8759765625,-437772681216.0,5157.0,0.0,0.0,0.0,1.0,1.0
2877573376.0,0.0,319214880.0,0.0,165.66000366210938,0.026312774047255516,0.0,0.4065675473312654,0.0,0.0,0.0,0.705456570155902,0.41364675155076724,4656.7880859375,-576580747264.0,5388.0,0.0,0.0,0.0,1.0,1.0
2987712256.0,0.0,319214880.0,0.0,159.17999267578125,0.02682134136557579,0.0,0.4262948207171315,0.0,0.0,0.0,0.7663569492837785,0.4338630136986301,4437.6474609375,-598616080384.0,5166.0,0.0,0.0,0.0,1.0,1.0
1844605568.0,0.0,319214880.0,0.0,141.8800048828125,0.026864562183618546,0.0,0.40731245123174675,0.0,0.0,0.0,0.7077280650784428,0.41442667574004766,4377.705078125,-369918296064.0,5163.0,0.0,0.0,0.0,1.0,1.0
2786586112.0,0.0,319214880.0,0.0,164.27999877929688,0.027025585994124413,0.0,0.39884020618556704,0.0,0.0,0.0,0.6846082949308756,0.4063901958638801,4823.2802734375,-558547501056.0,5425.0,0.0,0.0,0.0,1.0,1.0
2170226944.0,0.0,319214880.0,0.0,152.38999938964844,0.02458726428449154,0.0,0.4266174554928354,0.0,0.0,0.0,0.7736220472440944,0.4361820199778024,4135.08203125,-435033866240.0,5080.0,0.0,0.0,0.0,1.0,1.0
2753743104.0,0.0,319214880.0,0.0,160.25999450683594,0.027117857709527016,0.0,0.4214858132986788,0.0,0.0,0.0,0.7566096423017107,0.4307215582115981,4609.16455078125,-551798079488.0,5144.0,0.0,0.0,0.0,1.0,1.0
2310849280.0,0.0,319214880.0,0.0,154.77999877929688,0.024525180459022522,0.0,0.4329863719283185,0.0,0.0,0.0,0.7854779053922523,0.4399258613170519,4471.12255859375,-463180447744.0,5137.0,0.0,0.0,0.0,1.0,1.0
2548590336.0,0.0,319214880.0,0.0,157.52000427246094,0.029488369822502136,0.0,0.4220331682102089,0.0,0.0,0.0,0.7509101360413872,0.42886846137010287,4858.8642578125,-510871339008.0,5219.0,0.0,0.0,0.0,1.0,1.0
2625636864.0,0.0,319214880.0,0.0,150.72999572753906,0.028765195980668068,0.0,0.42928688078388677,0.0,0.0,0.0,0.7748084102967184,0.43655890168290523,4778.85595703125,-526185775104.0,5089.0,0.0,0.0,0.0,1.0,1.0
2732923392.0,0.0,319214880.0,0.0,157.5399932861328,0.020785577595233917,0.0,0.4371649152905855,0.0,0.0,0.0,0.7986287952987268,0.44402091047702025,4753.63623046875,-547654516736.0,5105.0,0.0,0.0,0.0,1.0,1.0
2730025728.0,0.0,319214880.0,0.0,160.77999877929688,0.025672968477010727,0.0,0.41779642780288356,0.0,0.0,0.0,0.7354166666666667,0.4237695078031212,4788.2646484375,-547229204480.0,5280.0,0.0,0.0,0.0,1.0,1.0
2309274112.0,0.0,319214880.0,0.0,153.00999450683594,0.025060227140784264,0.0,0.4252412447143012,0.0,0.0,0.0,0.7654176424668228,0.43356179526862704,5029.77978515625,-462961000448.0,5124.0,0.0,0.0,0.0,1.0,1.0
2820780800.0,0.0,319214880.0,0.0,159.72999572753906,0.022548194974660873,0.0,0.41989845522307445,0.0,0.0,0.0,0.7512562814070352,0.42898134863701576,4861.21875,-565263564800.0,5174.0,0.0,0.0,0.0,1.0,1.0
2567126784.0,0.0,319214880.0,0.0,156.2100067138672,0.025485102087259293,0.0,0.42078884288516016,0.0,0.0,0.0,0.748014720123959,0.4279224376731302,4788.74755859375,-514492743680.0,5163.0,0.0,0.0,0.0,1.0,1.0
2536421376.0,0.0,319214880.0,0.0,154.50999450683594,0.023778971284627914,0.0,0.43267678398450116,0.0,0.0,0.0,0.7927430487083416,0.44219557804421955,4218.86083984375,-508240347136.0,5071.0,0.0,0.0,0.0,1.0,1.0
2293656576.0,0.0,319214880.0,0.0,156.16000366210938,0.025934409350156784,0.0,0.4100929327858224,0.0,0.0,0.0,0.7171201814058957,0.41762958071970946,4714.00341796875,-459854774272.0,5292.0,0.0,0.0,0.0,1.0,1.0
3158908672.0,0.0,319214880.0,0.0,162.44000244140625,0.025057513266801834,0.0,0.3840316374519025,0.0,0.0,0.0,0.6457584471603163,0.39237741618433986,4533.46923828125,-633187041280.0,5564.0,0.0,0.0,0.0,1.0,1.0
3211152896.0,0.0,319214880.0,0.0,162.88999938964844,0.02546929195523262,0.0,0.4208568087594345,0.0,0.0,0.0,0.7443128407595413,0.42670834231515414,5089.0498046875,-643392929792.0,5319.0,0.0,0.0,0.0,1.0,1.0
2455397376.0,0.0,319214880.0,0.0,150.67999267578125,0.024385903030633926,0.0,0.4562047737336645,0.0,0.0,0.0,0.8655737704918033,0.46397188049209137,5009.3193359375,-492233932800.0,4880.0,0.0,0.0,0.0,1.0,1.0
2193431552.0,0.0,319214880.0,0.0,150.86000061035156,0.025187060236930847,0.0,0.41440557916530457,0.0,0.0,0.0,0.7316275490573297,0.4225086101544273,5050.125,-439816962048.0,5198.0,0.0,0.0,0.0,1.0,1.0
2224619520.0,0.0,319214880.0,0.0,158.05999755859375,0.02824992872774601,0.0,0.4040719594958526,0.0,0.0,0.0,0.6983801899087693,0.41120368340276253,4257.19140625,-445949231104.0,5371.0,0.0,0.0,0.0,1.0,1.0
2231450624.0,0.0,319214880.0,0.0,151.07000732421875,0.02555113472044468,0.0,0.41039956212370005,0.0,0.0,0.0,0.7177867126172698,0.4178555506018725,4550.7734375,-447308513280.0,5223.0,0.0,0.0,0.0,1.0,1.0
2401573888.0,0.0,319214880.0,0.0,158.11000061035156,0.027514126151800156,0.0,0.408746481922494,0.0,0.0,0.0,0.7120497831416179,0.4159048353342879,4401.10400390625,-481349484544.0,5303.0,0.0,0.0,0.0,1.0,1.0
2404324864.0,0.0,319214880.0,0.0,154.30999755859375,0.027423977851867676,0.0,0.4133564238553956,0.0,0.0,0.0,0.7289559076159573,0.42161625082799736,4860.56103515625,-481978908672.0,5239.0,0.0,0.0,0.0,1.0,1.0
2234467584.0,0.0,319214880.0,0.0,159.35000610351562,0.02834370732307434,0.0,0.419835064795973,0.0,0.0,0.0,0.7446808510638298,0.4268292682926829,4672.5791015625,-447968854016.0,5264.0,0.0,0.0,0.0,1.0,1.0
2933993728.0,0.0,319214880.0,0.0,158.91000366210938,0.026963751763105392,0.0,0.42104692749539396,0.0,0.0,0.0,0.7501448156014675,0.4286187113857017,4931.353515625,-587905892352.0,5179.0,0.0,0.0,0.0,1.0,1.0
2775778304.0,0.0,319214880.0,0.0,164.5,0.028244107961654663,0.0,0.4186672408224782,0.0,0.0,0.0,0.7399162861491628,0.42525970475669767,4823.4775390625,-556239093760.0,5256.0,0.0,0.0,0.0,1.0,1.0
2033944064.0,0.0,319214880.0,0.0,150.55999755859375,0.025933917611837387,0.0,0.39484884863036124,0.0,0.0,0.0,0.6723657312767144,0.40204467163018115,4731.3740234375,-407904452608.0,5381.0,0.0,0.0,0.0,1.0,1.0
2564482560.0,0.0,319214880.0,0.0,158.02999877929688,0.026333492249250412,0.0,0.41228070175438597,0.0,0.0,0.0,0.721858025847537,0.4192320243663657,4286.46630859375,-513980661760.0,5339.0,0.0,0.0,0.0,1.0,1.0
1875136896.0,0.0,319214880.0,0.0,150.32000732421875,0.025733092799782753,0.0,0.4706009511456982,0.0,0.0,0.0,0.9210916014385445,0.479462614249532,4957.095703125,-376079712256.0,4727.0,0.0,0.0,0.0,1.0,1.0
2890585856.0,0.0,319214880.0,0.0,160.75,0.02822209522128105,0.0,0.4244511407662505,0.0,0.0,0.0,0.7602158828064765,0.43188786684187475,4180.51513671875,-579126755328.0,5188.0,0.0,0.0,0.0,1.0,1.0
2698394880.0,0.0,319214880.0,0.0,161.22000122070312,0.025024905800819397,0.0,0.43369717929320223,0.0,0.0,0.0,0.7912066246056783,0.4417171161254816,4601.630859375,-540716859392.0,5072.0,0.0,0.0,0.0,1.0,1.0
3221642240.0,0.0,319214880.0,0.0,168.25999450683594,0.027607515454292297,0.0,0.392226148409894,0.0,0.0,0.0,0.6698975859546452,0.4011608805169204,4928.208984375,-645468651520.0,5468.0,0.0,0.0,0.0,1.0,1.0
2507829760.0,0.0,319214880.0,0.0,157.13999938964844,0.02422022633254528,0.0,0.42287694974003465,0.0,0.0,0.0,0.75702928058949,0.4308575212448957,4475.6650390625,-502562340864.0,5157.0,0.0,0.0,0.0,1.0,1.0
2499099136.0,0.0,319214880.0,0.0,159.16000366210938,0.023514902219176292,0.0,0.4395698924731183,0.0,0.0,0.0,0.8107893692978977,0.44775465498357064,4241.8251953125,-500782972928.0,5042.0,0.0,0.0,0.0,1.0,1.0
2573691648.0,0.0,319214880.0,0.0,155.72000122070312,0.027737822383642197,0.0,0.4489066897596882,0.0,0.0,0.0,0.8420304568527919,0.45712081128747795,4455.96923828125,-515722084352.0,4925.0,0.0,0.0,0.0,1.0,1.0
2362749184.0,0.0,319214880.0,0.0,156.3699951171875,0.027764800935983658,0.0,0.442967409948542,0.0,0.0,0.0,0.8217979315831344,0.45109170305676854,4937.5927734375,-473658015744.0,5028.0,0.0,0.0,0.0,1.0,1.0
1533664896.0,0.0,319214880.0,0.0,149.6699981689453,0.024850156158208847,0.0,0.39865305235715837,0.0,0.0,0.0,0.6793780081451314,0.4045414462081129,4685.298828125,-307888340992.0,5402.0,0.0,0.0,0.0,1.0,1.0
3491126016.0,0.0,319214880.0,0.0,163.8000030517578,0.023836931213736534,0.0,0.430484147386461,0.0,0.0,0.0,0.777219106555792,0.43732317736670295,4555.07177734375,-699326857216.0,5171.0,0.0,0.0,0.0,1.0,1.0
3137101568.0,0.0,319214880.0,0.0,157.41000366210938,0.030295804142951965,0.0,0.40010770059235323,0.0,0.0,0.0,0.6845402616546895,0.40636622183329685,4465.248046875,-628446953472.0,5427.0,0.0,0.0,0.0,1.0,1.0
2539767808.0,0.0,319214880.0,0.0,150.99000549316406,0.023872502148151398,0.0,0.3901646447140381,0.0,0.0,0.0,0.6606749816581071,0.39783521095648333,5304.888671875,-509326376960.0,5452.0,0.0,0.0,0.0,1.0,1.0
2506896896.0,0.0,319214880.0,0.0,157.7899932861328,0.027617555111646652,0.0,0.40259459459459457,0.0,0.0,0.0,0.6929661332340901,0.40932072983073203,3780.2080078125,-502281633792.0,5374.0,0.0,0.0,0.0,1.0,1.0
2019229312.0,0.0,319214880.0,0.0,158.72000122070312,0.021807435899972916,0.0,0.41674728582177795,0.0,0.0,0.0,0.7396032048836322,0.42515626713455423,4422.53955078125,-404851343360.0,5242.0,0.0,0.0,0.0,1.0,1.0
2269425408.0,0.0,319214880.0,0.0,154.85000610351562,0.02797836624085903,0.0,0.3981491562329886,0.0,0.0,0.0,0.6815132314573239,0.40529757286933393,4430.5595703125,-454912294912.0,5366.0,0.0,0.0,0.0,1.0,1.0
1997741952.0,0.0,319214880.0,0.0,145.52000427246094,0.01958528161048889,0.0,0.4043230195303928,0.0,0.0,0.0,0.6968608169440242,0.41067647386604256,4225.4833984375,-400596729856.0,5288.0,0.0,0.0,0.0,1.0,1.0
2442659072.0,0.0,319214880.0,0.0,159.05999755859375,0.0,0.0,0.42444950645406226,0.0,0.0,0.0,0.761284046692607,0.4322324091461394,4244.626953125,-489473376256.0,5140.0,0.0,0.0,0.0,1.0,1.0
2736730368.0,0.0,319214880.0,0.0,162.63999938964844,0.0,0.0,0.4144871380906253,0.0,0.0,0.0,0.7282526475037822,0.42138089506510557,4891.32861328125,-548471029760.0,5288.0,0.0,0.0,0.0,1.0,1.0
2141068544.0,0.0,319214880.0,0.0,151.80999755859375,0.0,0.0,0.41916621548456956,0.0,0.0,0.0,0.7435651171724933,0.4264624876060372,4586.7744140625,-429284065280.0,5206.0,0.0,0.0,0.0,1.0,1.0
3039801088.0,0.0,319214880.0,0.0,164.27000427246094,0.0,0.0,0.39769048132959206,0.0,0.0,0.0,0.680140273163529,0.40481160057124027,3917.673828125,-608904478720.0,5418.0,0.0,0.0,0.0,1.0,1.0
2748872704.0,0.0,319214880.0,0.0,158.24000549316406,0.0,0.0,0.458477508650519,0.0,0.0,0.0,0.8745874587458746,0.4665492957746479,4755.744140625,-550801014784.0,4848.0,0.0,0.0,0.0,1.0,1.0
1741917696.0,0.0,319214880.0,0.0,151.41000366210938,0.0,0.0,0.4443485763589301,0.0,0.0,0.0,0.8251552173042259,0.45210139361351914,4404.81689453125,-349361651712.0,4993.0,0.0,0.0,0.0,1.0,1.0
2312021504.0,0.0,319214880.0,0.0,161.9199981689453,0.0,0.0,0.40867308316210665,0.0,0.0,0.0,0.7126155006600038,0.4160977758203039,4936.28369140625,-463538651136.0,5303.0,0.0,0.0,0.0,1.0,1.0
2781060864.0,0.0,319214880.0,0.0,152.86000061035156,0.0,0.0,0.44083928185161153,0.0,0.0,0.0,0.8132482043096568,0.44850352112676056,5168.32470703125,-557439156224.0,5012.0,0.0,0.0,0.0,1.0,1.0
2320374272.0,0.0,301380128.0,0.0,157.5399932861328,0.0,0.0,0.4400608629496794,0.0,0.0,0.0,0.8114228456913828,0.4479477818342737,4461.7578125,-465053057024.0,4990.0,0.0,0.0,0.0,1.0,1.0
2532416512.0,0.0,301380128.0,0.0,166.7100067138672,0.0,0.0,0.42040119504908235,0.0,0.0,0.0,0.7473444613050075,0.42770299609205387,4400.72998046875,-507525857280.0,5272.0,0.0,0.0,0.0,1.0,1.0
2266425600.0,0.0,301380128.0,0.0,163.25,0.0,0.0,0.41980728051391863,0.0,0.0,0.0,0.7474266107510484,0.4277299007308825,4743.4638671875,-454360793088.0,5246.0,0.0,0.0,0.0,1.0,1.0
2570347264.0,0.0,301380128.0,0.0,157.3800048828125,0.0,0.0,0.4491845771681607,0.0,0.0,0.0,0.8386771526517443,0.45613073042333846,4944.689453125,-515180118016.0,4959.0,0.0,0.0,0.0,1.0,1.0
2783613440.0,0.0,301380128.0,0.0,166.50999450683594,0.0,0.0,0.409130060292851,0.0,0.0,0.0,0.7176581680830972,0.41781198460692687,4528.38671875,-557773389824.0,5295.0,0.0,0.0,0.0,1.0,1.0
2251901440.0,0.0,301380128.0,0.0,156.2899932861328,0.0,0.0,0.4033214709371293,0.0,0.0,0.0,0.6956845238095238,0.41026766125493636,4363.34033203125,-451463938048.0,5376.0,0.0,0.0,0.0,1.0,1.0
2097339264.0,0.0,301380128.0,0.0,152.10000610351562,0.0,0.0,0.41864241636895094,0.0,0.0,0.0,0.743796884016157,0.42653871608206484,4580.08349609375,-420524900352.0,5199.0,0.0,0.0,0.0,1.0,1.0
3323089408.0,0.0,301380128.0,0.0,164.16000366210938,0.0,0.0,0.4114796467800991,0.0,0.0,0.0,0.7166166541635409,0.41745875669179505,4567.0185546875,-665705316352.0,5332.0,0.0,0.0,0.0,1.0,1.0
2349841408.0,0.0,193162192.0,0.0,162.8000030517578,0.0,0.0,0.44495315161839866,0.0,0.0,0.0,0.8298252581413821,0.4534997287032013,4892.095703125,-471038443520.0,5036.0,0.0,0.0,0.0,1.0,1.0
2343712768.0,0.0,193162192.0,0.0,157.5800018310547,0.0,0.0,0.42273072334887757,0.0,0.0,0.0,0.7595479345284489,0.431672203765227,5210.744140625,-469885943808.0,5132.0,0.0,0.0,0.0,1.0,1.0
2544368640.0,0.0,193162192.0,0.0,163.5,0.0,0.0,0.4255637490648712,0.0,0.0,0.0,0.7663587374903772,0.43386358683809106,4981.1201171875,-510001741824.0,5196.0,0.0,0.0,0.0,1.0,1.0
2141365888.0,0.0,193162192.0,0.0,154.52000427246094,0.0,0.0,0.41727322107550247,0.0,0.0,0.0,0.7378025355359201,0.42456062783243065,4314.224609375,-429255655424.0,5206.0,0.0,0.0,0.0,1.0,1.0
2454659840.0,0.0,193162192.0,0.0,152.5800018310547,0.0,0.0,0.4504190704256014,0.0,0.0,0.0,0.8448346263781135,0.4579459938025675,4778.33984375,-491975016448.0,4898.0,0.0,0.0,0.0,1.0,1.0
2052888832.0,0.0,193162192.0,0.0,151.99000549316406,0.0,0.0,0.43938562808557324,0.0,0.0,0.0,0.8100728155339806,0.44753603754609456,4951.24072265625,-411647492096.0,4944.0,0.0,0.0,0.0,1.0,1.0
2331882240.0,0.0,193162192.0,0.0,151.9199981689453,0.0,0.0,0.47141014617368876,0.0,0.0,0.0,0.924926191480388,0.48049956178790537,4764.755859375,-467450527744.0,4742.0,0.0,0.0,0.0,1.0,1.0
2101651712.0,0.0,193162192.0,0.0,148.67999267578125,0.0,0.0,0.4209208664417111,0.0,0.0,0.0,0.749563868966854,0.4284289829381786,5138.103515625,-421777506304.0,5159.0,0.0,0.0,0.0,1.0,1.0
2545909504.0,0.0,193162192.0,0.0,162.8000030517578,0.0,0.0,0.4119096069401307,0.0,0.0,0.0,0.7255234861346915,0.4204657264676943,4570.4306640625,-510246944768.0,5301.0,0.0,0.0,0.0,1.0,1.0
2398062592.0,0.0,256274256.0,0.0,163.94000244140625,0.0,0.0,0.42217711782929174,0.0,0.0,0.0,0.7494784752512801,0.4284010840108401,4349.5595703125,-480620527616.0,5273.0,0.0,0.0,0.0,1.0,1.0
2353465088.0,0.0,256274256.0,0.0,160.50999450683594,0.0,0.0,0.43617249517270973,0.0,0.0,0.0,0.7967862041936116,0.44345075798887557,4924.404296875,-471799709696.0,5103.0,0.0,0.0,0.0,1.0,1.0
2244539904.0,0.0,256274256.0,0.0,152.41000366210938,0.0,0.0,0.46306972696616994,0.0,0.0,0.0,0.886875,0.47002318648559127,4917.23388671875,-449960820736.0,4800.0,0.0,0.0,0.0,1.0,1.0
2120421248.0,0.0,256274256.0,0.0,159.57000732421875,0.0,0.0,0.4195116681071737,0.0,0.0,0.0,0.7450115118956255,0.4269378779549203,5116.9736328125,-425231482880.0,5212.0,0.0,0.0,0.0,1.0,1.0
2147009152.0,0.0,256274256.0,0.0,159.1300048828125,0.0,0.0,0.4412393162393162,0.0,0.0,0.0,0.8094864758918071,0.4473570190641248,4677.47607421875,-430442299392.0,5102.0,0.0,0.0,0.0,1.0,1.0
2836500992.0,0.0,256274256.0,0.0,162.60000610351562,0.0,0.0,0.4401506996770721,0.0,0.0,0.0,0.8100237717908082,0.4475210681843056,4033.44921875,-568207900672.0,5048.0,0.0,0.0,0.0,1.0,1.0
2382328576.0,0.0,256274256.0,0.0,161.8800048828125,0.0,0.0,0.4532435609703965,0.0,0.0,0.0,0.8612916328188465,0.46273867975995636,4204.8349609375,-477400170496.0,4924.0,0.0,0.0,0.0,1.0,1.0
2356758528.0,0.0,256274256.0,0.0,164.44000244140625,0.0,0.0,0.43657880580957503,0.0,0.0,0.0,0.8002366397160323,0.44451747179318657,4742.373046875,-472422711296.0,5071.0,0.0,0.0,0.0,1.0,1.0
1731348352.0,0.0,212852064.0,0.0,148.91000366210938,0.0,0.0,0.44285714285714284,0.0,0.0,0.0,0.8184199919387344,0.4500720381247922,4355.21484375,-347241070592.0,4962.0,0.0,0.0,0.0,1.0,1.0
2613703936.0,0.0,212852064.0,0.0,163.83999633789062,0.0,0.0,0.43277221393564885,0.0,0.0,0.0,0.7853828306264501,0.43989603638726443,4802.896484375,-523863490560.0,5172.0,0.0,0.0,0.0,1.0,1.0
1636253184.0,0.0,212852064.0,0.0,141.05999755859375,0.0,0.0,0.40124945199473916,0.0,0.0,0.0,0.689064558629776,0.4079563182527301,4883.423828125,-328659943424.0,5313.0,0.0,0.0,0.0,1.0,1.0
2709607168.0,0.0,212852064.0,0.0,160.74000549316406,0.0,0.0,0.4465823323057298,0.0,0.0,0.0,0.840368073614723,0.4566304347826087,3932.459228515625,-542803607552.0,4999.0,0.0,0.0,0.0,1.0,1.0
2909685248.0,0.0,212852064.0,0.0,151.0,0.0,0.0,0.40977361776229865,0.0,0.0,0.0,0.7150997150997151,0.4169435215946844,4827.087890625,-583220396032.0,5265.0,0.0,0.0,0.0,1.0,1.0
2231649792.0,0.0,212852064.0,0.0,155.77000427246094,0.0,0.0,0.4325957906098219,0.0,0.0,0.0,0.7885107220145583,0.44087559124408754,4969.14599609375,-447415500800.0,5083.0,0.0,0.0,0.0,1.0,1.0
1918658688.0,0.0,212852064.0,0.0,151.2100067138672,0.0,0.0,0.43618757480143616,0.0,0.0,0.0,0.7965428174051261,0.4433753594337536,4859.8271484375,-384809631744.0,5033.0,0.0,0.0,0.0,1.0,1.0
2341658624.0,0.0,212852064.0,0.0,156.08999633789062,0.0,0.0,0.3967615735709628,0.0,0.0,0.0,0.6754856614246069,0.40315812720848054,5180.58984375,-469578498048.0,5405.0,0.0,0.0,0.0,1.0,1.0
2047824512.0,0.0,212852064.0,0.0,155.72999572753906,0.0,0.0,0.4664375469874342,0.0,0.0,0.0,0.8993580451439221,0.47350632359354555,4276.2939453125,-410485211136.0,4829.0,0.0,0.0,0.0,1.0,1.0
2748610048.0,0.0,288799488.0,0.0,156.5,0.0,0.0,0.4272845669633167,0.0,0.0,0.0,0.7677457098283932,0.43430777716492003,4830.57080078125,-550795444224.0,5128.0,0.0,0.0,0.0,1.0,1.0
1992982528.0,0.0,288799488.0,0.0,146.60000610351562,0.0,0.0,0.44611692844677137,0.0,0.0,0.0,0.8286061588330632,0.4531353866607578,4632.1884765625,-399624814592.0,4936.0,0.0,0.0,0.0,1.0,1.0
2211383808.0,0.0,288799488.0,0.0,152.0,0.0,0.0,0.3998465921542845,0.0,0.0,0.0,0.688101074863285,0.4076184092940125,5134.5732421875,-443449376768.0,5303.0,0.0,0.0,0.0,1.0,1.0
2846964224.0,0.0,288799488.0,0.0,167.5800018310547,0.0,0.0,0.4229578216764549,0.0,0.0,0.0,0.7563490548023678,0.43063709502065667,4618.06591796875,-570473906176.0,5237.0,0.0,0.0,0.0,1.0,1.0
2343370752.0,0.0,288799488.0,0.0,157.50999450683594,0.0,0.0,0.4109455958549223,0.0,0.0,0.0,0.7176248821866164,0.41780070237050043,4676.02880859375,-469772058624.0,5305.0,0.0,0.0,0.0,1.0,1.0
2065557248.0,0.0,288799488.0,0.0,150.0,0.0,0.0,0.422190828080852,0.0,0.0,0.0,0.7518869750338688,0.42918692001767567,4695.20361328125,-414179786752.0,5167.0,0.0,0.0,0.0,1.0,1.0
2277967872.0,0.0,288799488.0,0.0,155.60000610351562,0.0,0.0,0.4107736881639661,0.0,0.0,0.0,0.7169882000374602,0.4175848150976328,4707.63818359375,-457291661312.0,5339.0,0.0,0.0,0.0,1.0,1.0
2549269504.0,0.0,288799488.0,0.0,151.3699951171875,0.0,0.0,0.4106306502559634,0.0,0.0,0.0,0.7156416097190584,0.41712768311573356,4462.63330078125,-510917623808.0,5268.0,0.0,0.0,0.0,1.0,1.0
2323180032.0,0.0,343338080.0,0.0,147.9199981689453,0.0,0.0,0.4422741161065037,0.0,0.0,0.0,0.8173018753781004,0.4497336884154461,4362.3662109375,-465612226560.0,4959.0,0.0,0.0,0.0,1.0,1.0
2152830976.0,0.0,343338080.0,0.0,157.9600067138672,0.0,0.0,0.43405586110212446,0.0,0.0,0.0,0.7910770440251572,0.44167672555689674,4130.09716796875,-431500853248.0,5088.0,0.0,0.0,0.0,1.0,1.0
2508280576.0,0.0,343338080.0,0.0,159.08999633789062,0.0,0.0,0.4207650273224044,0.0,0.0,0.0,0.7540322580645161,0.4298850574712644,4814.048828125,-502765780992.0,5208.0,0.0,0.0,0.0,1.0,1.0
2339062784.0,0.0,343338080.0,0.0,157.4600067138672,0.0,0.0,0.45511845251032385,0.0,0.0,0.0,0.8619057419222063,0.4629158837183597,4532.85986328125,-468802813952.0,4859.0,0.0,0.0,0.0,1.0,1.0
1903350272.0,0.0,343338080.0,0.0,155.10000610351562,0.0,0.0,0.3788986878898688,0.0,0.0,0.0,0.6269798896600819,0.38536425289870924,4331.39208984375,-381751607296.0,5619.0,0.0,0.0,0.0,1.0,1.0
2549572864.0,0.0,343338080.0,0.0,157.6699981689453,0.0,0.0,0.4427763272410792,0.0,0.0,0.0,0.8208955223880597,0.45081967213114754,4636.4033203125,-510942248960.0,4958.0,0.0,0.0,0.0,1.0,1.0
2606111232.0,0.0,343338080.0,0.0,157.3300018310547,0.0,0.0,0.42333947339906813,0.0,0.0,0.0,0.7567305829943831,0.43076074972436607,4370.72265625,-522278518784.0,5163.0,0.0,0.0,0.0,1.0,1.0
3028711168.0,0.0,343338080.0,0.0,154.9199981689453,0.0,0.0,0.41184068891280945,0.0,0.0,0.0,0.7251705837755875,0.4203471764447374,4625.9765625,-606807293952.0,5276.0,0.0,0.0,0.0,1.0,1.0
2926963712.0,0.0,343338080.0,0.0,157.27000427246094,0.0,0.0,0.40999783127304273,0.0,0.0,0.0,0.7167772511848342,0.41751325088339225,4478.91796875,-586467278848.0,5275.0,0.0,0.0,0.0,1.0,1.0
2037962880.0,0.0,169250608.0,0.0,155.39999389648438,0.0,0.0,0.43506140636887297,0.0,0.0,0.0,0.7922026518899663,0.4420273851590106,4495.55126953125,-408581586944.0,5053.0,0.0,0.0,0.0,1.0,1.0
2516436992.0,0.0,169250608.0,0.0,156.6199951171875,0.0,0.0,0.4390428757037679,0.0,0.0,0.0,0.8060027827469688,0.44629099713845477,4504.9619140625,-504300879872.0,5031.0,0.0,0.0,0.0,1.0,1.0
2780888320.0,0.0,169250608.0,0.0,160.85000610351562,0.0,0.0,0.44186798964624674,0.0,0.0,0.0,0.8238487834305248,0.4517089305402426,4440.18359375,-557158629376.0,4973.0,0.0,0.0,0.0,1.0,1.0
2659851520.0,0.0,169250608.0,0.0,162.3000030517578,0.0,0.0,0.43479198103039446,0.0,0.0,0.0,0.7983376212151198,0.4439308902828216,4604.8310546875,-533006925824.0,5053.0,0.0,0.0,0.0,1.0,1.0
2217776384.0,0.0,169250608.0,0.0,150.92999267578125,0.0,0.0,0.47187839305103146,0.0,0.0,0.0,0.9250744997871435,0.4805395842547545,4364.9326171875,-444475899904.0,4698.0,0.0,0.0,0.0,1.0,1.0
2282144768.0,0.0,169250608.0,0.0,156.2100067138672,0.0,0.0,0.45926647192469977,0.0,0.0,0.0,0.8748969497114591,0.4666373529735077,4540.513671875,-457434808320.0,4852.0,0.0,0.0,0.0,1.0,1.0
2737208832.0,0.0,169250608.0,0.0,158.66000366210938,0.0,0.0,0.447124703855266,0.0,0.0,0.0,0.8406560032395222,0.45671543284567157,4692.71875,-548499341312.0,4939.0,0.0,0.0,0.0,1.0,1.0
1777933696.0,0.0,169250608.0,0.0,151.77999877929688,0.0,0.0,0.43905093600348283,0.0,0.0,0.0,0.8111803740197064,0.44787387587432,4668.8271484375,-356601167872.0,4973.0,0.0,0.0,0.0,1.0,1.0
2111170176.0,0.0,260334336.0,0.0,147.47000122070312,0.0,0.0,0.44627828177942946,0.0,0.0,0.0,0.8329253365973073,0.45442404006677795,4470.4326171875,-423245266944.0,4902.0,0.0,0.0,0.0,1.0,1.0
3293279744.0,0.0,260334336.0,0.0,158.05999755859375,0.0,0.0,0.4150059893281063,0.0,0.0,0.0,0.7297970126388357,0.4218974869921399,4487.943359375,-659674136576.0,5222.0,0.0,0.0,0.0,1.0,1.0
2108605440.0,0.0,260334336.0,0.0,153.75,0.0,0.0,0.4360496492174852,0.0,0.0,0.0,0.7974733517568101,0.4436635185591917,5005.3466796875,-422847954944.0,5066.0,0.0,0.0,0.0,1.0,1.0
2609264128.0,0.0,260334336.0,0.0,153.77999877929688,0.0,0.0,0.4291854717386632,0.0,0.0,0.0,0.7729823882330172,0.4359786049557908,5026.021484375,-522994958336.0,5167.0,0.0,0.0,0.0,1.0,1.0
2275118080.0,0.0,260334336.0,0.0,159.72000122070312,0.0,0.0,0.43599357257632565,0.0,0.0,0.0,0.7972575905974535,0.4435967302452316,4896.49169921875,-456097710080.0,5105.0,0.0,0.0,0.0,1.0,1.0
1797421952.0,0.0,260334336.0,0.0,152.75,0.0,0.0,0.4315572882824345,0.0,0.0,0.0,0.7881724683544303,0.4407698263466431,4545.158203125,-360517615616.0,5056.0,0.0,0.0,0.0,1.0,1.0
2448865024.0,0.0,260334336.0,0.0,151.8300018310547,0.0,0.0,0.4172615184944841,0.0,0.0,0.0,0.7379495026778883,0.4246092890160687,4655.46044921875,-490866933760.0,5228.0,0.0,0.0,0.0,1.0,1.0
2377624576.0,0.0,260334336.0,0.0,160.17999267578125,0.0,0.0,0.4134751003580341,0.0,0.0,0.0,0.725076103500761,0.42031542957979484,4295.91162109375,-476498083840.0,5256.0,0.0,0.0,0.0,1.0,1.0
2814564352.0,0.0,260334336.0,0.0,161.44000244140625,0.0,0.0,0.4191334191334191,0.0,0.0,0.0,0.7486590038314176,0.42813321647677477,4972.603515625,-564049969152.0,5220.0,0.0,0.0,0.0,1.0,1.0
2864465152.0,0.0,211105760.0,0.0,161.9600067138672,0.0,0.0,0.4322871883061049,0.0,0.0,0.0,0.7934503846912606,0.44241557584424157,4205.423828125,-573842882560.0,5069.0,0.0,0.0,0.0,1.0,1.0
1915314304.0,0.0,211105760.0,0.0,154.22000122070312,0.0,0.0,0.4438226431338786,0.0,0.0,0.0,0.8224970083765457,0.4513022543226089,4525.4619140625,-384053542912.0,5014.0,0.0,0.0,0.0,1.0,1.0
1569055744.0,0.0,211105760.0,0.0,147.5399932861328,0.0,0.0,0.4363095893427282,0.0,0.0,0.0,0.7973843058350101,0.4436359565655435,4330.25,-314760232960.0,4970.0,0.0,0.0,0.0,1.0,1.0
2398545920.0,0.0,211105760.0,0.0,160.8699951171875,0.0,0.0,0.4439272569820307,0.0,0.0,0.0,0.823163388197511,0.45150280744247495,4265.10888671875,-480634535936.0,4982.0,0.0,0.0,0.0,1.0,1.0
2650043904.0,0.0,211105760.0,0.0,159.25,0.0,0.0,0.4140023843069253,0.0,0.0,0.0,0.7265119817421073,0.42079753249614454,4865.806640625,-531104858112.0,5258.0,0.0,0.0,0.0,1.0,1.0
2131206784.0,0.0,211105760.0,0.0,154.47999572753906,0.0,0.0,0.4342943526616996,0.0,0.0,0.0,0.7947046038332345,0.4428052405592866,4325.005859375,-427225432064.0,5061.0,0.0,0.0,0.0,1.0,1.0
2585347072.0,0.0,211105760.0,0.0,156.25999450683594,0.0,0.0,0.42205200129463805,0.0,0.0,0.0,0.7536120208052398,0.42974843458200596,4647.2900390625,-518129876992.0,5191.0,0.0,0.0,0.0,1.0,1.0
2466675200.0,0.0,211105760.0,0.0,153.92999267578125,0.0,0.0,0.4249945569344655,0.0,0.0,0.0,0.7675973259929217,0.4342602892102336,5104.505859375,-494449164288.0,5086.0,0.0,0.0,0.0,1.0,1.0
2343662080.0,0.0,233718880.0,0.0,154.66000366210938,0.0,0.0,0.41489476524554775,0.0,0.0,0.0,0.7323299676128786,0.4227427691630925,4693.84619140625,-469811003392.0,5249.0,0.0,0.0,0.0,1.0,1.0
2513703168.0,0.0,233718880.0,0.0,159.9600067138672,0.0,0.0,0.45503558335130473,0.0,0.0,0.0,0.8591205211726385,0.4621112571178274,4710.08349609375,-503765024768.0,4912.0,0.0,0.0,0.0,1.0,1.0
2593197056.0,0.0,233718880.0,0.0,148.42999267578125,0.0,0.0,0.42244116037219487,0.0,0.0,0.0,0.7559255631733595,0.43049977688531904,4959.7841796875,-519776960512.0,5105.0,0.0,0.0,0.0,1.0,1.0
2084580864.0,0.0,233718880.0,0.0,152.97000122070312,0.0,0.0,0.46164680390032503,0.0,0.0,0.0,0.8834750155504872,0.4690664905328049,5168.69873046875,-418047098880.0,4823.0,0.0,0.0,0.0,1.0,1.0
2490559744.0,0.0,233718880.0,0.0,156.1199951171875,0.0,0.0,0.43334058286211397,0.0,0.0,0.0,0.7894215530903328,0.44116019041293036,4930.58203125,-499187793920.0,5048.0,0.0,0.0,0.0,1.0,1.0
2277928960.0,0.0,233718880.0,0.0,155.75999450683594,0.0,0.0,0.4237619461337967,0.0,0.0,0.0,0.7591439688715953,0.43154169431541695,4278.42431640625,-456556494848.0,5140.0,0.0,0.0,0.0,1.0,1.0
2320854272.0,0.0,233718880.0,0.0,156.92999267578125,0.0,0.0,0.4318503208963342,0.0,0.0,0.0,0.7870737509912767,0.44042600399378745,4886.2607421875,-465241227264.0,5044.0,0.0,0.0,0.0,1.0,1.0
1651682560.0,0.0,233718880.0,0.0,151.9199981689453,0.0,0.0,0.4327740248420135,0.0,0.0,0.0,0.7876264128494943,0.4405990016638935,4767.3974609375,-331403067392.0,5043.0,0.0,0.0,0.0,1.0,1.0
2136341248.0,0.0,233718880.0,0.0,160.22999572753906,0.0,0.0,0.41991575764121397,0.0,0.0,0.0,0.7464004607410252,0.4273936462570078,4266.6484375,-428228378624.0,5209.0,0.0,0.0,0.0,1.0,1.0
2414751488.0,0.0,332559808.0,0.0,157.9499969482422,0.0,0.0,0.4217509516041327,0.0,0.0,0.0,0.7509682416731216,0.42888741428887417,4884.88525390625,-484056203264.0,5164.0,0.0,0.0,0.0,1.0,1.0
2506559744.0,0.0,332559808.0,0.0,153.14999389648438,0.0,0.0,0.44663648124191463,0.0,0.0,0.0,0.8346091861402095,0.4549247831338531,4284.013671875,-502392602624.0,4964.0,0.0,0.0,0.0,1.0,1.0
2032884096.0,0.0,332559808.0,0.0,161.22999572753906,0.0,0.0,0.4370490037695207,0.0,0.0,0.0,0.7996059113300492,0.44432278550312054,4884.00830078125,-407664918528.0,5075.0,0.0,0.0,0.0,1.0,1.0
2082515456.0,0.0,332559808.0,0.0,158.19000244140625,0.0,0.0,0.4387611956404446,0.0,0.0,0.0,0.8114148872480543,0.44794535639528477,5211.9169921875,-417641775104.0,5011.0,0.0,0.0,0.0,1.0,1.0
1862371456.0,0.0,332559808.0,0.0,150.83999633789062,0.0,0.0,0.43865399322626464,0.0,0.0,0.0,0.8052547131969514,0.44606154871680925,4895.58642578125,-373530378240.0,4986.0,0.0,0.0,0.0,1.0,1.0
2996939008.0,0.0,332559808.0,0.0,171.61000061035156,0.0,0.0,0.4168340911494131,0.0,0.0,0.0,0.7380640329526306,0.42464720456748895,4609.04248046875,-600450301952.0,5341.0,0.0,0.0,0.0,1.0,1.0
2355100672.0,0.0,332559808.0,0.0,158.22999572753906,0.0,0.0,0.42522502982322957,0.0,0.0,0.0,0.7697290930506479,0.43494176372712146,4743.06689453125,-472063492096.0,5094.0,0.0,0.0,0.0,1.0,1.0
2570056704.0,0.0,332559808.0,0.0,150.88999938964844,0.0,0.0,0.45239393608899553,0.0,0.0,0.0,0.8487824841416002,0.4591034864416159,4288.9951171875,-514966618112.0,4887.0,0.0,0.0,0.0,1.0,1.0
2239507456.0,0.0,332559808.0,0.0,160.67999267578125,0.0,0.0,0.4033722438391699,0.0,0.0,0.0,0.6980920314253648,0.4111037673496365,4014.6572265625,-448879378432.0,5346.0,0.0,0.0,0.0,1.0,1.0
2015588992.0,0.0,265267264.0,0.0,154.57000732421875,0.0,0.0,0.3869807000327118,0.0,0.0,0.0,0.6477459390399708,0.3931103234381923,4570.34716796875,-404201553920.0,5479.0,0.0,0.0,0.0,1.0,1.0
2912410880.0,0.0,265267264.0,0.0,162.07000732421875,0.0,0.0,0.41716008181720315,0.0,0.0,0.0,0.7397861779305078,0.42521672336222976,4612.078125,-583873789952.0,5238.0,0.0,0.0,0.0,1.0,1.0
2578994688.0,0.0,265267264.0,0.0,159.80999755859375,0.0,0.0,0.44402905362102113,0.0,0.0,0.0,0.8267700875099443,0.4525857376156777,5041.23828125,-517038473216.0,5028.0,0.0,0.0,0.0,1.0,1.0
3082966784.0,0.0,265267264.0,0.0,162.80999755859375,0.0,0.0,0.4125416085042414,0.0,0.0,0.0,0.723404255319149,0.41975308641975306,4376.21923828125,-617614213120.0,5311.0,0.0,0.0,0.0,1.0,1.0
2509736192.0,0.0,265267264.0,0.0,153.05999755859375,0.0,0.0,0.43280377844568485,0.0,0.0,0.0,0.7888867149285854,0.44099310948266435,5250.18310546875,-503425122304.0,5111.0,0.0,0.0,0.0,1.0,1.0
2329792768.0,0.0,265267264.0,0.0,148.0800018310547,0.0,0.0,0.43219320292864166,0.0,0.0,0.0,0.7799250640899231,0.4381785951695103,5178.5498046875,-467108069376.0,5071.0,0.0,0.0,0.0,1.0,1.0
3036634368.0,0.0,265267264.0,0.0,160.08999633789062,0.0,0.0,0.42702876082540364,0.0,0.0,0.0,0.7658676893576223,0.43370615702030624,5126.04736328125,-608479182848.0,5215.0,0.0,0.0,0.0,1.0,1.0
1958811392.0,0.0,265267264.0,0.0,155.41000366210938,0.0,0.0,0.43649335207004647,0.0,0.0,0.0,0.8007138607971446,0.4446646845061117,5008.9521484375,-392865267712.0,5043.0,0.0,0.0,0.0,1.0,1.0
2289148160.0,0.0,263373360.0,0.0,160.44000244140625,0.0,0.0,0.4235332182916307,0.0,0.0,0.0,0.7614892379290285,0.4322985468956407,4594.30908203125,-458856775680.0,5157.0,0.0,0.0,0.0,1.0,1.0
2489478144.0,0.0,263373360.0,0.0,154.22999572753906,0.0,0.0,0.42397724786698754,0.0,0.0,0.0,0.7595532039976485,0.4316739057801537,4944.205078125,-498986434560.0,5103.0,0.0,0.0,0.0,1.0,1.0
2907691008.0,0.0,263373360.0,0.0,158.36000061035156,0.0,0.0,0.42484228844898847,0.0,0.0,0.0,0.7625927372120266,0.43265396544085066,4507.0009765625,-582554812416.0,5122.0,0.0,0.0,0.0,1.0,1.0
2051932800.0,0.0,263373360.0,0.0,155.69000244140625,0.0,0.0,0.42932614555256066,0.0,0.0,0.0,0.7771272443403591,0.43729409180759937,4328.064453125,-411376812032.0,5124.0,0.0,0.0,0.0,1.0,1.0
1916018176.0,0.0,263373360.0,0.0,149.42999267578125,0.0,0.0,0.4373914930555556,0.0,0.0,0.0,0.8066840104062437,0.44649977846699157,4811.14697265625,-384257228800.0,4997.0,0.0,0.0,0.0,1.0,1.0
2108949120.0,0.0,263373360.0,0.0,153.07000732421875,0.0,0.0,0.43816293056314926,0.0,0.0,0.0,0.8068868304470399,0.4465619079460604,4655.1328125,-422795149312.0,4966.0,0.0,0.0,0.0,1.0,1.0
2166350080.0,0.0,263373360.0,0.0,152.11000061035156,0.0,0.0,0.4365553984995107,0.0,0.0,0.0,0.7974180734856008,0.443646408839779,4615.34228515625,-434312839168.0,5035.0,0.0,0.0,0.0,1.0,1.0
2305323776.0,0.0,263373360.0,0.0,153.58999633789062,0.0,0.0,0.42454575127842453,0.0,0.0,0.0,0.7601792324176895,0.43187603763143334,4135.11328125,-462016397312.0,5133.0,0.0,0.0,0.0,1.0,1.0
1862799744.0,0.0,263373360.0,0.0,151.1199951171875,0.0,0.0,0.42836863944092596,0.0,0.0,0.0,0.7731572723689397,0.43603423363343335,4447.88330078125,-373568372736.0,5074.0,0.0,0.0,0.0,1.0,1.0
1587545600.0,0.0,252690304.0,0.0,150.02999877929688,0.0,0.0,0.4276667758488918,0.0,0.0,0.0,0.7671367019193106,0.434112822786213,4143.0380859375,-318452269056.0,5106.0,0.0,0.0,0.0,1.0,1.0
2033703296.0,0.0,252690304.0,0.0,152.1300048828125,0.0,0.0,0.43598390079408245,0.0,0.0,0.0,0.795869737887212,0.4431667403803627,4746.58154296875,-407833608192.0,5036.0,0.0,0.0,0.0,1.0,1.0
2191459328.0,0.0,252690304.0,0.0,153.1999969482422,0.0,0.0,0.44573601303639326,0.0,0.0,0.0,0.8282196205086798,0.45301976371867064,4474.7685546875,-439352737792.0,4954.0,0.0,0.0,0.0,1.0,1.0
2987597568.0,0.0,252690304.0,0.0,165.86000061035156,0.0,0.0,0.43696137887009256,0.0,0.0,0.0,0.8040328895849648,0.4456863809007054,4365.25,-598494576640.0,5108.0,0.0,0.0,0.0,1.0,1.0
1924409600.0,0.0,252690304.0,0.0,143.92999267578125,0.0,0.0,0.48356552024379623,0.0,0.0,0.0,0.9679738562091503,0.49186316838259714,4060.094970703125,-385750368256.0,4590.0,0.0,0.0,0.0,1.0,1.0
1914732672.0,0.0,252690304.0,0.0,145.5,0.0,0.0,0.4318306460458484,0.0,0.0,0.0,0.7850448654037886,0.4397899910634495,4151.9208984375,-383860326400.0,5015.0,0.0,0.0,0.0,1.0,1.0
1922231040.0,0.0,252690304.0,0.0,154.35000610351562,0.0,0.0,0.41899563318777294,0.0,0.0,0.0,0.743510267338241,0.42644444444444446,4455.1533203125,-385477705728.0,5162.0,0.0,0.0,0.0,1.0,1.0
2276564992.0,0.0,252690304.0,0.0,158.80999755859375,0.0,0.0,0.430910070005385,0.0,0.0,0.0,0.7806829268292683,0.4384177076484769,4792.6962890625,-456372830208.0,5125.0,0.0,0.0,0.0,1.0,1.0
1624295168.0,0.0,318942208.0,0.0,146.91000366210938,0.012239565141499043,0.0,0.41699261190786613,0.0,0.0,0.0,0.7404977812077947,0.4254517237556812,4682.76904296875,-325916164096.0,5183.0,0.0,0.0,0.0,1.0,1.0
2760646400.0,0.0,318942208.0,0.0,157.16000366210938,0.027823101729154587,0.0,0.4170291431056981,0.0,0.0,0.0,0.7358019953952417,0.42389742456062784,4641.2978515625,-553207988224.0,5212.0,0.0,0.0,0.0,1.0,1.0
2814646016.0,0.0,318942208.0,0.0,155.7899932861328,0.02936522103846073,0.0,0.4512803819444444,0.0,0.0,0.0,0.8448100751574243,0.4579387800044043,5123.17041015625,-564056326144.0,4923.0,0.0,0.0,0.0,1.0,1.0
2560285440.0,0.0,318942208.0,0.0,155.39999389648438,0.024040071293711662,0.0,0.4304073186669571,0.0,0.0,0.0,0.7810276679841898,0.43852640923213493,4546.845703125,-513077035008.0,5060.0,0.0,0.0,0.0,1.0,1.0
2461120256.0,0.0,318942208.0,0.0,159.8699951171875,0.02942749485373497,0.0,0.421069587628866,0.0,0.0,0.0,0.7497131931166348,0.4284777619932248,4440.48486328125,-493264879616.0,5230.0,0.0,0.0,0.0,1.0,1.0
1634044160.0,0.0,318942208.0,0.0,143.6199951171875,0.02864084206521511,0.0,0.4302667392487752,0.0,0.0,0.0,0.7774936061381074,0.437410071942446,4498.3583984375,-328138031104.0,5083.0,0.0,0.0,0.0,1.0,1.0
2110065408.0,0.0,318942208.0,0.0,147.6999969482422,0.026142548769712448,0.0,0.4346972176759411,0.0,0.0,0.0,0.793783622235505,0.4425191602799067,4477.853515625,-423009812480.0,5019.0,0.0,0.0,0.0,1.0,1.0
1546203136.0,0.0,318942208.0,0.0,141.50999450683594,0.025850143283605576,0.0,0.4571020542678238,0.0,0.0,0.0,0.8679599499374218,0.4646566164154104,4603.3759765625,-310222635008.0,4794.0,0.0,0.0,0.0,1.0,1.0
2636954624.0,0.0,318942208.0,0.0,161.5,0.02264382690191269,0.0,0.4361200428724544,0.0,0.0,0.0,0.7979996077662287,0.44382635253054104,4672.630859375,-528436527104.0,5099.0,0.0,0.0,0.0,1.0,1.0
2082850688.0,0.0,318942208.0,0.0,154.4600067138672,0.024537164717912674,0.0,0.4680597661325249,0.0,0.0,0.0,0.9072402938090242,0.47568221830985913,4427.43359375,-417527627776.0,4765.0,0.0,0.0,0.0,1.0,1.0
2265691904.0,0.0,318942208.0,0.0,155.69000244140625,0.02818056382238865,0.0,0.43752692804825505,0.0,0.0,0.0,0.8003940886699508,0.44456605012586187,4718.0888671875,-454318784512.0,5075.0,0.0,0.0,0.0,1.0,1.0
1822111232.0,0.0,318942208.0,0.0,149.60000610351562,0.027542781084775925,0.0,0.4422636571802421,0.0,0.0,0.0,0.8154402895054282,0.4491694352159468,5012.01171875,-365555269632.0,4974.0,0.0,0.0,0.0,1.0,1.0
1726893312.0,0.0,318942208.0,0.0,151.97999572753906,0.02851882576942444,0.0,0.43719624149476183,0.0,0.0,0.0,0.7998419284726339,0.44439565265122405,4397.4521484375,-346355073024.0,5061.0,0.0,0.0,0.0,1.0,1.0
2661628672.0,0.0,318942208.0,0.0,155.72000122070312,0.026885848492383957,0.0,0.44707774798927613,0.0,0.0,0.0,0.8341336534613846,0.45478346241954837,4249.54931640625,-533271543808.0,4998.0,0.0,0.0,0.0,1.0,1.0
1931391360.0,0.0,318942208.0,0.0,151.1699981689453,0.025118032470345497,0.0,0.4488129766892255,0.0,0.0,0.0,0.8433589018974565,0.45751204555409547,4411.5302734375,-387242377216.0,4954.0,0.0,0.0,0.0,1.0,1.0
1968382976.0,0.0,318942208.0,0.0,152.47000122070312,0.026797330006957054,0.0,0.4522785898538263,0.0,0.0,0.0,0.8542427933414535,0.46069629954017954,4423.6806640625,-394679959552.0,4926.0,0.0,0.0,0.0,1.0,1.0
2551467008.0,0.0,318942208.0,0.0,161.75,0.0278448648750782,0.0,0.41647794672705707,0.0,0.0,0.0,0.7343601445141662,0.4234184848152615,4599.1640625,-511322505216.0,5259.0,0.0,0.0,0.0,1.0,1.0
2060627584.0,0.0,318942208.0,0.0,152.32000732421875,0.023727580904960632,0.0,0.44279313736203696,0.0,0.0,0.0,0.8164416683457586,0.44947310038824184,5052.7509765625,-413227679744.0,4963.0,0.0,0.0,0.0,1.0,1.0
1931006080.0,0.0,318942208.0,0.0,151.64999389648438,0.025674816220998764,0.0,0.43526111350884766,0.0,0.0,0.0,0.7969182141446068,0.4434916446789798,4758.16796875,-387258957824.0,5062.0,0.0,0.0,0.0,1.0,1.0
2484673792.0,0.0,318942208.0,0.0,160.22000122070312,0.024848083034157753,0.0,0.4240656729315187,0.0,0.0,0.0,0.7586473429951691,0.43138116690473577,4385.25390625,-497919934464.0,5175.0,0.0,0.0,0.0,1.0,1.0
2057757184.0,0.0,318942208.0,0.0,152.7899932861328,0.02813979983329773,0.0,0.43002820568453026,0.0,0.0,0.0,0.7801613855540248,0.438253178551686,5046.11572265625,-412663283712.0,5081.0,0.0,0.0,0.0,1.0,1.0
1997457920.0,0.0,318942208.0,0.0,154.5800018310547,0.025371219962835312,0.0,0.40167500543832935,0.0,0.0,0.0,0.6879657228017884,0.4075709082882684,4992.068359375,-400711925760.0,5368.0,0.0,0.0,0.0,1.0,1.0
2304571392.0,0.0,318942208.0,0.0,163.57000732421875,0.027120167389512062,0.0,0.4346162024239847,0.0,0.0,0.0,0.7981257321358844,0.4438653637350706,4476.73828125,-461917650944.0,5122.0,0.0,0.0,0.0,1.0,1.0
2794873856.0,0.0,318942208.0,0.0,159.1999969482422,0.026550298556685448,0.0,0.41532823110919476,0.0,0.0,0.0,0.7325095057034221,0.42280258970701196,4559.11083984375,-560056205312.0,5260.0,0.0,0.0,0.0,1.0,1.0
1985985280.0,0.0,318942208.0,0.0,151.75,0.02234485372900963,0.0,0.4367890802729932,0.0,0.0,0.0,0.8011126564673157,0.44478764478764476,5122.86572265625,-398317305856.0,5033.0,0.0,0.0,0.0,1.0,1.0
2363848448.0,0.0,318942208.0,0.0,157.14999389648438,0.02535932883620262,0.0,0.4118470651588584,0.0,0.0,0.0,0.7257544126020118,0.4205432750467393,4304.87646484375,-473778094080.0,5269.0,0.0,0.0,0.0,1.0,1.0
2556175872.0,0.0,318942208.0,0.0,157.4600067138672,0.029681777581572533,0.0,0.45385697284431464,0.0,0.0,0.0,0.8605128205128205,0.4625137816979052,4667.27685546875,-512264912896.0,4875.0,0.0,0.0,0.0,1.0,1.0
2200277760.0,0.0,318942208.0,0.0,157.02000427246094,0.025181079283356667,0.0,0.42448759439050704,0.0,0.0,0.0,0.7623014335528865,0.4325601846762669,4802.86572265625,-441132138496.0,5162.0,0.0,0.0,0.0,1.0,1.0
2175052800.0,0.0,318942208.0,0.0,160.16000366210938,0.023084750398993492,0.0,0.43960734101579174,0.0,0.0,0.0,0.8110236220472441,0.44782608695652176,4734.1005859375,-436051181568.0,5080.0,0.0,0.0,0.0,1.0,1.0
1888173312.0,0.0,318942208.0,0.0,146.9199981689453,0.023322466760873795,0.0,0.45108102205721773,0.0,0.0,0.0,0.8432333129210043,0.4574750830564784,5027.50341796875,-378740228096.0,4899.0,0.0,0.0,0.0,1.0,1.0
1919749376.0,0.0,318942208.0,0.0,150.52999877929688,0.025662332773208618,0.0,0.42636837532580363,0.0,0.0,0.0,0.7658993367147874,0.43371630578877596,4512.1396484375,-384945356800.0,5126.0,0.0,0.0,0.0,1.0,1.0
2603586304.0,0.0,318942208.0,0.0,156.9600067138672,0.026280198246240616,0.0,0.45922654314338035,0.0,0.0,0.0,0.8802395209580839,0.4681528662420382,4261.57373046875,-521657073664.0,4843.0,0.0,0.0,0.0,1.0,1.0
1952850688.0,0.0,318942208.0,0.0,144.88999938964844,0.024669503793120384,0.0,0.4241958502579866,0.0,0.0,0.0,0.757201646090535,0.4309133489461358,4660.2216796875,-391606157312.0,5103.0,0.0,0.0,0.0,1.0,1.0
2638889984.0,0.0,318942208.0,0.0,156.44000244140625,0.030467569828033447,0.0,0.4270516717325228,0.0,0.0,0.0,0.7673103179247123,0.43416841408233087,4688.611328125,-528798957568.0,5127.0,0.0,0.0,0.0,1.0,1.0
2287582720.0,0.0,318942208.0,0.0,160.36000061035156,0.025570427998900414,0.0,0.42504295532646047,0.0,0.0,0.0,0.7595471118787182,0.43167193805213216,4513.34716796875,-458549837824.0,5211.0,0.0,0.0,0.0,1.0,1.0
2147957248.0,0.0,318942208.0,0.0,155.1199951171875,0.02757495641708374,0.0,0.44782608695652176,0.0,0.0,0.0,0.8362086462350314,0.4553995799712612,4621.72216796875,-430598832128.0,4927.0,0.0,0.0,0.0,1.0,1.0
2348809728.0,0.0,318942208.0,0.0,156.5800018310547,0.019464202225208282,0.0,0.4418779544477868,0.0,0.0,0.0,0.8191595299741088,0.450295598861397,4267.89111328125,-470763847680.0,5021.0,0.0,0.0,0.0,1.0,1.0
2094942336.0,0.0,318942208.0,0.0,157.2899932861328,0.026247546076774597,0.0,0.4406358131487889,0.0,0.0,0.0,0.8128864951127069,0.44839348591549294,4678.02490234375,-420012097536.0,5013.0,0.0,0.0,0.0,1.0,1.0
2467834880.0,0.0,318942208.0,0.0,157.22000122070312,0.028109436854720116,0.0,0.4570013992035303,0.0,0.0,0.0,0.8668844426296447,0.46434820647419073,4559.3251953125,-494560313344.0,4898.0,0.0,0.0,0.0,1.0,1.0
1887502976.0,0.0,318942208.0,0.0,153.19000244140625,0.0238046832382679,0.0,0.4214108242411148,0.0,0.0,0.0,0.7488961412939144,0.4282107574094402,4677.73046875,-378561675264.0,5209.0,0.0,0.0,0.0,1.0,1.0
2004101376.0,0.0,318942208.0,0.0,148.36000061035156,0.02429986745119095,0.0,0.4739984800781674,0.0,0.0,0.0,0.930718396930292,0.4820580766258143,4651.2001953125,-401818353664.0,4691.0,0.0,0.0,0.0,1.0,1.0
2462123008.0,0.0,318942208.0,0.0,154.27000427246094,0.025522390380501747,0.0,0.4208864205597299,0.0,0.0,0.0,0.7515069025860392,0.42906305506216696,5134.49365234375,-493556285440.0,5143.0,0.0,0.0,0.0,1.0,1.0
2123332096.0,0.0,318942208.0,0.0,161.1699981689453,0.023691972717642784,0.0,0.44087403598971725,0.0,0.0,0.0,0.8132780082987552,0.448512585812357,4557.6240234375,-425671802880.0,5061.0,0.0,0.0,0.0,1.0,1.0
1652000896.0,0.0,318942208.0,0.0,147.8000030517578,0.024041149765253067,0.0,0.4001311905542801,0.0,0.0,0.0,0.6850084222346996,0.4065311562812396,4736.3046875,-332636061696.0,5343.0,0.0,0.0,0.0,1.0,1.0
2005339008.0,0.0,318942208.0,0.0,152.69000244140625,0.031315334141254425,0.0,0.40814332247557006,0.0,0.0,0.0,0.7117970081423973,0.41581858407079647,4885.4375,-402416926720.0,5281.0,0.0,0.0,0.0,1.0,1.0
2614340864.0,0.0,318942208.0,0.0,162.0800018310547,0.026120617985725403,0.0,0.43635580443678657,0.0,0.0,0.0,0.8004741209008297,0.4445907395216151,4748.09375,-523911544832.0,5062.0,0.0,0.0,0.0,1.0,1.0
1927734272.0,0.0,318942208.0,0.0,153.86000061035156,0.025080207735300064,0.0,0.4582520060724355,0.0,0.0,0.0,0.8733209340772887,0.466188637617209,4906.05712890625,-386616721408.0,4839.0,0.0,0.0,0.0,1.0,1.0
2442205440.0,0.0,318942208.0,0.0,152.88999938964844,0.02454364113509655,0.0,0.4195227765726681,0.0,0.0,0.0,0.7457104299209563,0.427167310877968,4622.58740234375,-489509306368.0,5187.0,0.0,0.0,0.0,1.0,1.0
2019559808.0,0.0,318942208.0,0.0,156.6999969482422,0.02644636295735836,0.0,0.46469957081545066,0.0,0.0,0.0,0.8968730586042659,0.47281659388646285,4758.9384765625,-404951367680.0,4829.0,0.0,0.0,0.0,1.0,1.0
2023099136.0,0.0,318942208.0,0.0,153.35000610351562,0.024032093584537506,0.0,0.43853350739773717,0.0,0.0,0.0,0.8071686023227873,0.4466481994459834,4835.08447265625,-405676113920.0,4994.0,0.0,0.0,0.0,1.0,1.0
2655524864.0,0.0,318942208.0,0.0,150.25,0.029509831219911575,0.0,0.4512394889155837,0.0,0.0,0.0,0.8512566955088586,0.45982639661695973,4662.51318359375,-532130529280.0,4854.0,0.0,0.0,0.0,1.0,1.0
2350366976.0,0.0,318942208.0,0.0,158.4199981689453,0.02930399216711521,0.0,0.44823859952452993,0.0,0.0,0.0,0.8356164383561644,0.4552238805970149,4920.4892578125,-471139844096.0,4964.0,0.0,0.0,0.0,1.0,1.0
2736075776.0,0.0,318942208.0,0.0,152.6699981689453,0.03272661939263344,0.0,0.4158105331458852,0.0,0.0,0.0,0.7381455173737762,0.42467417715926664,4871.92919921875,-548348231680.0,5209.0,0.0,0.0,0.0,1.0,1.0
2216351232.0,0.0,318942208.0,0.0,153.0800018310547,0.025727054104208946,0.0,0.432952691680261,0.0,0.0,0.0,0.7870699881376038,0.4404248257550614,4680.5009765625,-444311519232.0,5058.0,0.0,0.0,0.0,1.0,1.0
2150437632.0,0.0,318942208.0,0.0,152.66000366210938,0.023182841017842293,0.0,0.4330555254897716,0.0,0.0,0.0,0.7791626095423564,0.4379378283712785,4693.654296875,-431285665792.0,5135.0,0.0,0.0,0.0,1.0,1.0
2334133504.0,0.0,318942208.0,0.0,156.5800018310547,0.02206316962838173,0.0,0.449962051393256,0.0,0.0,0.0,0.8448697068403909,0.4579563010372986,4381.53759765625,-467783368704.0,4912.0,0.0,0.0,0.0,1.0,1.0
1979307776.0,0.0,318942208.0,0.0,146.7899932861328,0.027178918942809105,0.0,0.44905369718309857,0.0,0.0,0.0,0.8407498969921714,0.45674314493564633,4449.96826171875,-396833292288.0,4854.0,0.0,0.0,0.0,1.0,1.0
1967247744.0,0.0,318942208.0,0.0,155.66000366210938,0.023150097578763962,0.0,0.43650363301160394,0.0,0.0,0.0,0.7951402607664955,0.44294046439969187,3907.555419921875,-394316677120.0,5062.0,0.0,0.0,0.0,1.0,1.0
1806686976.0,0.0,318942208.0,0.0,150.6199951171875,0.02647864818572998,0.0,0.4615636601878139,0.0,0.0,0.0,0.883939774153074,0.4691974691974692,4701.24267578125,-362353213440.0,4782.0,0.0,0.0,0.0,1.0,1.0
1989183744.0,0.0,318942208.0,0.0,161.05999755859375,0.024574553593993187,0.0,0.4182554052614762,0.0,0.0,0.0,0.7380191693290735,0.42463235294117646,4368.97119140625,-398844166144.0,5321.0,0.0,0.0,0.0,1.0,1.0
2272952576.0,0.0,318942208.0,0.0,147.97999572753906,0.028531987220048904,0.0,0.4422280357532156,0.0,0.0,0.0,0.818273497377975,0.4500277315585136,5017.609375,-455746502656.0,4958.0,0.0,0.0,0.0,1.0,1.0
2132535040.0,0.0,318942208.0,0.0,147.4199981689453,0.027303706854581833,0.0,0.43851965400197085,0.0,0.0,0.0,0.806809024979855,0.44653807559371167,4526.1220703125,-427503304704.0,4964.0,0.0,0.0,0.0,1.0,1.0
2164869632.0,0.0,318942208.0,0.0,152.3300018310547,0.02633342705667019,0.0,0.42124261649529643,0.0,0.0,0.0,0.7499513145082766,0.4285555308257289,4415.9814453125,-434015125504.0,5135.0,0.0,0.0,0.0,1.0,1.0
3131001856.0,0.0,318942208.0,0.0,168.72000122070312,0.02467171475291252,0.0,0.43139348638547786,0.0,0.0,0.0,0.7847707847707848,0.43970396168915976,4400.96484375,-627198099456.0,5148.0,0.0,0.0,0.0,1.0,1.0
2408571392.0,0.0,318942208.0,0.0,154.77999877929688,0.022765817120671272,0.0,0.4290818536162841,0.0,0.0,0.0,0.7755381604696673,0.4367904772401631,4703.35888671875,-482752479232.0,5110.0,0.0,0.0,0.0,1.0,1.0
2421714176.0,0.0,318942208.0,0.0,156.50999450683594,0.02436749078333378,0.0,0.45687142394472635,0.0,0.0,0.0,0.8670354435566482,0.46439152858553717,4779.46484375,-485396774912.0,4881.0,0.0,0.0,0.0,1.0,1.0
1610579328.0,0.0,318942208.0,0.0,148.24000549316406,0.022160887718200684,0.0,0.42839991268282035,0.0,0.0,0.0,0.7732466509062254,0.4360626597044773,4512.2900390625,-323108192256.0,5076.0,0.0,0.0,0.0,1.0,1.0
2027335296.0,0.0,318942208.0,0.0,151.30999755859375,0.026716584339737892,0.0,0.4595910418695229,0.0,0.0,0.0,0.8791390728476821,0.46784140969162996,4278.87646484375,-406406709248.0,4832.0,0.0,0.0,0.0,1.0,1.0
2293889280.0,0.0,318942208.0,0.0,149.27000427246094,0.029018372297286987,0.0,0.45149415331312254,0.0,0.0,0.0,0.848768573173214,0.45909941649234837,5158.14794921875,-459904942080.0,4913.0,0.0,0.0,0.0,1.0,1.0
2757555712.0,0.0,318942208.0,0.0,158.88999938964844,0.023476604372262955,0.0,0.43163683416001725,0.0,0.0,0.0,0.7850558933124142,0.43979345198857395,4428.21630859375,-552523530240.0,5099.0,0.0,0.0,0.0,1.0,1.0
2237995520.0,0.0,318942208.0,0.0,160.41000366210938,0.024066755548119545,0.0,0.4323916325210265,0.0,0.0,0.0,0.7833561242430163,0.4392595026837551,4786.13720703125,-448661094400.0,5119.0,0.0,0.0,0.0,1.0,1.0
2014631808.0,0.0,318942208.0,0.0,154.6199951171875,0.02722630463540554,0.0,0.4349761181068172,0.0,0.0,0.0,0.7958291956305859,0.4431541694315417,4626.6904296875,-403975815168.0,5035.0,0.0,0.0,0.0,1.0,1.0
1688801408.0,0.0,318942208.0,0.0,145.1300048828125,0.026707038283348083,0.0,0.45084745762711864,0.0,0.0,0.0,0.8452234522345223,0.4580602155316076,4278.466796875,-338721341440.0,4878.0,0.0,0.0,0.0,1.0,1.0
2181360640.0,0.0,318942208.0,0.0,161.52000427246094,0.02427663281559944,0.0,0.43316028552887736,0.0,0.0,0.0,0.7899408284023669,0.4413223140495868,4873.76513671875,-437356380160.0,5070.0,0.0,0.0,0.0,1.0,1.0
2840872960.0,0.0,318942208.0,0.0,157.97999572753906,0.026869824156165123,0.0,0.4000653523581309,0.0,0.0,0.0,0.6847501864280388,0.40644019032864886,4002.8828125,-569134317568.0,5364.0,0.0,0.0,0.0,1.0,1.0
1923414912.0,0.0,318942208.0,0.0,150.5,0.028183069080114365,0.0,0.43078087821760763,0.0,0.0,0.0,0.7802154750244858,0.43827024647887325,4398.30712890625,-385705263104.0,5105.0,0.0,0.0,0.0,1.0,1.0
2130738176.0,0.0,318942208.0,0.0,157.5500030517578,0.02592381462454796,0.0,0.44125919515361317,0.0,0.0,0.0,0.8133599202392822,0.44853749725093467,4570.83984375,-427164876800.0,5015.0,0.0,0.0,0.0,1.0,1.0
2047675264.0,0.0,318942208.0,0.0,156.38999938964844,0.022433672100305557,0.0,0.40034253907086276,0.0,0.0,0.0,0.6861126398825903,0.4069198128604069,4381.79931640625,-410727841792.0,5451.0,0.0,0.0,0.0,1.0,1.0
1999130240.0,0.0,318942208.0,0.0,156.42999267578125,0.019971206784248352,0.0,0.4515010295870814,0.0,0.0,0.0,0.849164288626172,0.4592151675485009,4505.8115234375,-400806199296.0,4906.0,0.0,0.0,0.0,1.0,1.0
1994585216.0,0.0,318942208.0,0.0,158.60000610351562,0.02346039190888405,0.0,0.43242375601926164,0.0,0.0,0.0,0.789103690685413,0.44106090373280943,4806.21826171875,-399982051328.0,5121.0,0.0,0.0,0.0,1.0,1.0
2761057280.0,0.0,318942208.0,0.0,157.9499969482422,0.02710065245628357,0.0,0.43693357500799657,0.0,0.0,0.0,0.8038446449588074,0.44562853414528053,4903.37451171875,-553342205952.0,5098.0,0.0,0.0,0.0,1.0,1.0
1644855296.0,0.0,318942208.0,0.0,153.1199951171875,0.024193240329623222,0.0,0.4221524469467302,0.0,0.0,0.0,0.7521219135802469,0.42926345920951225,4881.0146484375,-330052009984.0,5184.0,0.0,0.0,0.0,1.0,1.0
1956357760.0,0.0,318942208.0,0.0,151.24000549316406,0.02408074215054512,0.0,0.44764059469941825,0.0,0.0,0.0,0.8361843429261421,0.45539237176676894,4496.509765625,-392260255744.0,4969.0,0.0,0.0,0.0,1.0,1.0
1736809728.0,0.0,318942208.0,0.0,147.8300018310547,0.022305473685264587,0.0,0.4488369553347166,0.0,0.0,0.0,0.8448098663926003,0.45793871866295266,4953.59716796875,-348446998528.0,4865.0,0.0,0.0,0.0,1.0,1.0
2005348224.0,0.0,318942208.0,0.0,155.4499969482422,0.0267491452395916,0.0,0.43118570655116406,0.0,0.0,0.0,0.7835497835497836,0.4393203883495146,4775.107421875,-402163597312.0,5082.0,0.0,0.0,0.0,1.0,1.0
2161089792.0,0.0,318942208.0,0.0,158.49000549316406,0.024578142911195755,0.0,0.4537156357388316,0.0,0.0,0.0,0.8563032022699635,0.46129490119008626,4293.79833984375,-433168187392.0,4934.0,0.0,0.0,0.0,1.0,1.0
1771449216.0,0.0,318942208.0,0.0,151.1999969482422,0.025868147611618042,0.0,0.4527771774367841,0.0,0.0,0.0,0.8594871794871795,0.4622173193601765,4462.1572265625,-355258859520.0,4875.0,0.0,0.0,0.0,1.0,1.0
2770277888.0,0.0,318942208.0,0.0,157.3800048828125,0.022189319133758545,0.0,0.44582747050546595,0.0,0.0,0.0,0.8274407392527119,0.45278663295591953,4830.6865234375,-555124097024.0,4978.0,0.0,0.0,0.0,1.0,1.0
1860138112.0,0.0,318942208.0,0.0,152.92999267578125,0.022231867536902428,0.0,0.4509011469142545,0.0,0.0,0.0,0.847986852917009,0.4588706091596265,4461.240234375,-373006417920.0,4868.0,0.0,0.0,0.0,1.0,1.0
